stargate_id,solar_system_id,destination_stargate_id,destination_system_id,type_id,planet_id,lagrange_point,x,y,z
50000001,30000004,50000002,30000005,79881,40000032,5,71343527167.4974,-931004441400.646,-4719704518903.49
50000002,30000005,50000001,30000004,79881,40000043,4,-119931338417.475,57310877563.9669,197228271874.929
50000003,30000006,50000004,30000007,79881,40000057,5,56684174778.4732,-7130896346.59488,-184655498811.934
50000004,30000007,50000003,30000006,79787,40000063,3,-176604284141.192,6676683296.01985,187846222584.882
50000005,30000004,50000006,30000006,79787,40000032,4,4116995438483.56,805999265657.684,2355458269169.56
50000006,30000006,50000005,30000004,79881,40000057,3,-188333969200.348,5578971128.62435,43136871941.4675
50000007,30014100,50000008,30014167,79787,40148892,4,-2120870230357.46,149362018824.016,374395626509.12
50000008,30014167,50000007,30014100,79881,40149625,3,-2101966424854.29,204432709451.357,-1460844972249.78
50000009,30014171,50000010,30014186,79881,40149691,5,3774106556245.87,-36270785004.133,-2695966426351.7
50000010,30014186,50000009,30014171,79881,40149870,3,-453171402375.164,72500518502.0332,461398092613.9
50000011,30014182,50000012,30014186,79787,40149825,3,-126956210237.804,-9848557875.53649,24870595878.7106
50000012,30014186,50000011,30014182,79787,40149870,5,-177107129614.844,-62215898418.6688,-623114027771.025
50000013,30014241,50000014,30014244,79787,40150518,2,-613172327756.64,-342435757515.425,2386431001275.57
50000014,30014244,50000013,30014241,79881,40150562,3,-967955747354.265,94535652939.6308,-1339260585540.2
50000015,30014148,50000016,30014263,79787,40149436,3,510354062922.437,-18206915043.9223,35769988392.3516
50000016,30014263,50000015,30014148,79881,40150797,3,-934125197074.771,-167201636764.599,1567153952325.49
50000017,30014148,50000018,30014258,79881,40149436,2,-512786082425.108,18293677500.9834,-35940445170.6955
50000018,30014258,50000017,30014148,79881,40150723,2,-311869678490.788,36687154191.5646,-33112729438.0966
50000019,30014174,50000020,30014185,79881,40149718,3,17068514277.704,-4548732515.33458,2836060796.35166
50000020,30014185,50000019,30014174,79881,40149859,3,-3639014671542.48,-25120210664.8144,1378843967217.24
50000021,30014170,50000022,30014183,79787,40149675,4,-822734610443.619,86896101017.1228,487383172226.473
50000022,30014183,50000021,30014170,79787,40149842,4,-3674293742823.07,610543198226.41,-267017307113.782
50000023,30014092,50000024,30014106,79881,40148744,4,1134827487485.49,-398651480784.005,2905624096471.21
50000024,30014106,50000023,30014092,79881,40148946,3,-3366602530342.72,309896556797.624,-3191522362784.35
50000025,30014184,50000026,30014189,79881,40149845,5,307542619815.163,5476439571.917,167363175033.079
50000026,30014189,50000025,30014184,79787,40149912,3,-3432072184938.66,276744868723.493,735708301182.792
50000027,30014148,50000028,30014261,79881,40149436,5,-286960556974.586,-14256983323.543,423701109903.895
50000028,30014261,50000027,30014148,79881,40150783,4,-125822601041.31,1465132396.9424,17945098699.8564
50000029,30014173,50000030,30014183,79787,40149713,3,118588052123.126,-46655363764.0047,950083137980.437
50000030,30014183,50000029,30014173,79787,40149842,2,-2232070160553.68,836239028323.155,3428471921414.36
50000031,30014188,50000032,30014190,79881,40149896,4,16062945807.1884,12507533690.3807,75933481484.347
50000032,30014190,50000031,30014188,79881,40149924,3,-267015643947.485,-59980752152.4093,155386926130.738
50000033,30014258,50000034,30014263,79881,40150723,3,310366174698.356,-36510287765.4103,32953095085.2834
50000034,30014263,50000033,30014258,79787,40150797,5,-897490222863.011,204870358701.794,-1584000384288.73
50000035,30014242,50000036,30014255,79787,40150536,3,2781983346242.36,712132745963.171,3190083677404.2
50000036,30014255,50000035,30014242,79881,40150676,3,-7838674087650.04,338335030752.738,1360654051193.7
50000037,30014131,50000038,30014256,79787,40149255,3,39571690709.697,6878469028.30091,-27532690671.6466
50000038,30014256,50000037,30014131,79787,40150698,5,-1379414256432.05,146364588445.544,-99882335001.5645
50000039,30014254,50000040,30014256,79787,40150651,5,821571604416.376,62773875697.8726,301464605027.929
50000040,30014256,50000039,30014254,79881,40150698,2,-639535315656.575,-25494962826.7736,-1301314602802.64
50000041,30014254,50000042,30014265,79881,40150651,3,-148816447343.4,-34729713366.6495,-863972731483.832
50000042,30014265,50000041,30014254,79881,40150810,5,-332595301547.543,-30440630844.7042,-302007555170.296
50000043,30014102,50000044,30014108,79881,40148901,2,299013969905.887,-1453159061.85737,-24692392029.9497
50000044,30014108,50000043,30014102,79881,40148978,5,-1805955255044.44,398129333557.3,-448141623624.798
50000045,30014100,50000046,30014184,79881,40148892,2,-766873035619.434,-258887425242.828,2012192055199.73
50000046,30014184,50000045,30014100,79881,40149845,4,-297404943399.042,47674683922.9222,178606581359.63
50000047,30014131,50000048,30014138,79787,40149255,4,-42469405992.5468,-11520069707.5144,-20854703210.3559
50000048,30014138,50000047,30014131,79787,40149343,5,-5147880918.53426,-21505948.7568959,-2750966924.45961
50000049,30014172,50000050,30014176,79787,40149706,5,408081395103.263,25523667117.3438,20953361349.1503
50000050,30014176,50000049,30014172,79881,40149726,5,-438026743208.516,-339502348.392075,-508129757911.561
50000051,30014174,50000052,30014189,79787,40149718,2,-18775639453.5643,5003678720.30835,-3119712361.27121
50000052,30014189,50000051,30014174,79787,40149912,5,1086249576008.27,-23258576822.1107,-3349103582550.08
50000053,30014256,50000054,30014263,79787,40150698,3,613318259348.868,24449824490.189,1247968622712.87
50000054,30014263,50000053,30014256,79787,40150797,2,965148195253.703,172754528485.223,-1619200310095.67
50000055,30014171,50000056,30014188,79787,40149691,3,-4221473298156.05,62660558347.1598,-1920590452736.22
50000056,30014188,50000055,30014171,79787,40149896,3,-73774858107.2685,-15044816756.5531,-22611369648.221
50000057,30014256,50000058,30014267,79787,40150698,4,766095997083.185,-170814412935.733,-1148086287711.31
50000058,30014267,50000057,30014256,79787,40150849,5,-746065865650.519,48137062177.409,-231382210217.479
50000059,30014263,50000060,30014265,79881,40150797,4,1831615419937.78,-37668721937.1951,16846431963.2406
50000060,30014265,50000059,30014263,79881,40150810,3,-78409724116.0915,-99611300036.2609,432069825452.772
50000061,30014202,50000062,30014235,79787,40150075,4,-142180026055.328,-4343436964.74242,179145055210.269
50000062,30014235,50000061,30014202,79881,40150461,3,-1100433318256.47,-140008967798.216,440980441462.815
50000063,30014092,50000064,30014099,79787,40148744,5,1936554581604.33,-121326733624.898,-2474761401762.45
50000064,30014099,50000063,30014092,79881,40148879,3,-260579696670.27,-10027959361.4578,104299329236.985
50000065,30014173,50000066,30014190,79787,40149713,5,-869522719440.151,-131445498117.97,-381510340031.547
50000066,30014190,50000065,30014173,79881,40149924,5,2991979109.34956,-2930441602.67699,-314678569538.57
50000067,30014254,50000068,30014264,79787,40150651,4,-672755157072.975,-28044162331.223,562508126455.903
50000068,30014264,50000067,30014254,79881,40150801,3,-412320680732.55,211885448647.395,-370688049797.469
50000069,30014176,50000070,30014182,79787,40149726,4,659040795362.003,-6393538132.8155,-125250735014.721
50000070,30014182,50000069,30014176,79787,40149825,5,41720831953.317,7070617861.56254,-122649086803.426
50000071,30014157,50000072,30014172,79787,40149497,4,-9208560132.98289,3213214394.2143,8288418991.35976
50000072,30014172,50000071,30014157,79787,40149706,4,-222831725811.037,-2877203960.24887,343451116803.857
50000073,30014102,50000074,30014106,79787,40148901,3,-283143559090.506,1376031457.08684,23381823143.6429
50000074,30014106,50000073,30014102,79881,40148946,4,-1083766862563.92,-98128715309.728,4520141989829.26
50000075,30014131,50000076,30014258,79881,40149255,2,-40148680957.9825,-6978763190.14452,27934141651.9229
50000076,30014258,50000075,30014131,79787,40150723,5,-185575736871.095,3624026250.20033,253563763782.981
50000077,30014264,50000078,30014265,79881,40150801,4,-118500832183.407,-47922218998.8934,579633014129.608
50000078,30014265,50000077,30014264,79787,40150810,2,78929259465.3114,100271315004.225,-434932678883.064
50000079,30014563,50000080,30014660,79881,40154294,3,1652947710628.4,-238201891568.228,-178182761092.057
50000080,30014660,50000079,30014563,79881,40155585,4,-205116214780.507,28984208430.2991,205133888808.679
50000081,30014554,50000082,30014606,79787,40154173,5,-1073510502224.96,-162660756582.28,496770474125.831
50000082,30014606,50000081,30014554,79881,40154842,3,-321999944803.806,-10243263785.9033,-104611844954.002
50000083,30014655,50000084,30014657,79881,40155542,5,-2737636576494.79,-84857001963.649,-703504263494.679
50000084,30014657,50000083,30014655,79787,40155552,2,-1764016910707.27,-138821690298.471,-294104327835.665
50000085,30014614,50000086,30014625,79787,40154945,2,413377792393.304,-47366127445.0346,631202088015.974
50000086,30014625,50000085,30014614,79787,40155141,4,-3006076053630.76,-753157135656.586,227338013158.601
50000087,30014554,50000088,30014601,79787,40154173,4,84248423107.7405,342447369186.976,-1140743716451.33
50000088,30014601,50000087,30014554,79881,40154789,4,-1246833528895.8,198442830877.731,1252777565643.52
50000089,30014628,50000090,30014630,79881,40155199,5,-3871029088350.05,989448948194.749,1525658291797.38
50000090,30014630,50000089,30014628,79787,40155218,3,-413671470792.527,58500551763.5316,310400350900.271
50000091,30014621,50000092,30014627,79881,40155037,5,1058799811039.25,-33155612695.5164,48348592539.4618
50000092,30014627,50000091,30014621,79787,40155194,3,-1862403728891.05,-21718649692.0378,1727840793297.37
50000093,30014657,50000094,30014665,79881,40155552,5,-1068563506863.4,-237326483048.344,1311593375190.53
50000094,30014665,50000093,30014657,79787,40155640,3,-29549370218.0043,114814389.726308,-24356825711.2939
50000095,30014588,50000096,30014589,79787,40154626,4,413101308930.461,-155121118452.285,-1197190815462.98
50000096,30014589,50000095,30014588,79787,40154645,4,-1814647685469.21,-496832495536.871,-851047812161.393
50000097,30014605,50000098,30014632,79881,40154838,3,2763376337312.38,-392488904253.694,261861989229.259
50000098,30014632,50000097,30014605,79881,40155243,5,-2211302125643.8,455698577277.752,-2912306514372.84
50000099,30014660,50000100,30014666,79787,40155585,3,-74132386065.939,4440239196.14263,-281917242917.203
50000100,30014666,50000099,30014660,79881,40155643,2,-21608470669.1014,-291358928.825415,-4102561391.87098
50000101,30014616,50000102,30014618,79787,40154980,5,-41700170401.8692,158338667158.91,650678880593.755
50000102,30014618,50000101,30014616,79787,40154997,3,-4429689690.81731,802334817.64306,-72473072.9057732
50000103,30014601,50000104,30014602,79881,40154789,3,-426461521966.057,186770219656.905,-1716587454869.97
50000104,30014602,50000103,30014601,79787,40154807,4,-732526955253.173,-29711850497.2338,794463506153.588
50000105,30014602,50000106,30014603,79881,40154807,3,-322182783054.725,26180172881.7632,-1031583079394.63
50000106,30014603,50000105,30014602,79787,40154821,3,-1666449357498.9,93540133303.8942,2075543941253.03
50000107,30014573,50000108,30014623,79881,40154462,4,-332364994.221279,-2236883666.11869,-16422807116.3527
50000108,30014623,50000107,30014573,79881,40155069,3,-104566696504.241,32271721335.8357,60228431461.7688
50000109,30014663,50000110,30014665,79787,40155633,3,1327271070602.85,-11116009959.7711,1147786319402.69
50000110,30014665,50000109,30014663,79787,40155640,4,-6232504707.08767,2825718005.86066,37677640905.2186
50000111,30014662,50000112,30014668,79787,40155602,4,343288942906.845,-31999729992.9521,-23456739579.0217
50000112,30014668,50000111,30014662,79881,40155672,4,-949795379415.261,-15128971918.3458,178967859256.991
50000113,30014584,50000114,30014591,79787,40154572,4,-112990515625.372,3549450411.30781,45164980668.9167
50000114,30014591,50000113,30014584,79787,40154677,4,-584883190233.058,17800850931.8739,-306348049001.977
50000115,30014614,50000116,30014628,79881,40154945,3,-380606924468.669,43611138340.2357,-581163018088.277
50000116,30014628,50000115,30014614,79787,40155199,2,-3600561232639.0,503152967443.133,-2923245248504.39
50000117,30014651,50000118,30014653,79787,40155481,4,-44374456266.497,-8308502148.77662,-21854988581.6389
50000118,30014653,50000117,30014651,79881,40155499,4,-1895559071669.46,20362596200.8303,-337218961686.537
50000119,30014632,50000120,30014634,79881,40155243,3,-1436049120413.24,-228640208906.758,3385931791471.84
50000120,30014634,50000119,30014632,79881,40155283,5,-3276389859043.81,-34164334449.8104,-1111000945392.12
50000121,30014591,50000122,30014592,79881,40154677,2,-565917537034.313,29733943379.14,359004604997.821
50000122,30014592,50000121,30014591,79787,40154697,2,-1744147976560.4,387475371924.435,561432093636.166
50000123,30014605,50000124,30014634,79787,40154838,2,-2767156796741.07,393025851885.005,-262220231649.167
50000124,30014634,50000123,30014605,79881,40155283,2,-715396485545.355,-452659969887.692,-3532647839443.57
50000125,30014616,50000126,30014621,79787,40154980,3,597917637965.697,-126882197482.282,-276746182541.937
50000126,30014621,50000125,30014616,79881,40155037,4,-571137534582.374,21485550103.0296,893215656288.255
50000127,30014602,50000128,30014606,79881,40154807,2,322982193713.941,-26245131999.2659,1034142677712.44
50000128,30014606,50000127,30014602,79787,40154842,4,72480885238.2185,-36546452236.9793,328851646058.365
50000129,30014619,50000130,30014630,79787,40155007,2,1399061522085.45,-213726839772.761,-1094955788553.64
50000130,30014630,50000129,30014619,79787,40155218,5,-65471325876.051,-53171512989.2908,-513596216728.436
50000131,30014601,50000132,30014618,79881,40154789,2,427783588340.321,-187349222953.577,1721909019502.82
50000132,30014618,50000131,30014601,79787,40154997,4,2141227030.58109,-455507103.017155,3934311165.30475
50000133,30014605,50000134,30014606,79881,40154838,5,-1570666654495.14,470200317305.317,2273936222730.61
50000134,30014606,50000133,30014605,79787,40154842,5,249519059565.588,46789716022.8826,-224239801104.364
50000135,30014663,50000136,30014668,79787,40155633,5,-1657628172497.86,11949537752.4741,575596686781.243
50000136,30014668,50000135,30014663,79881,40155672,2,-320797322941.158,-37337075017.0052,915147361059.865
50000137,30014573,50000138,30014621,79787,40154462,5,-13722452537.9962,4748500654.39085,7998046416.70368
50000138,30014621,50000137,30014573,79787,40155037,3,-487662276456.879,11670062592.4868,-941564248827.717
50000139,30014641,50000140,30014657,79787,40155392,4,29599769332.9323,-1861901475.83955,-73147462125.6788
50000140,30014657,50000139,30014641,79881,40155552,4,-611463956367.511,105114455613.722,-1591694628653.5
50000141,30014623,50000142,30014627,79881,40155069,2,105420602007.772,-32535256489.7457,-60720264816.112
50000142,30014627,50000141,30014623,79881,40155194,5,-518422265773.348,-515671931769.859,-2433058562642.78
50000143,30014573,50000144,30014616,79881,40154462,2,-14075585129.5111,2515328189.07919,-8437209245.28855
50000144,30014616,50000143,30014573,79881,40154980,2,-632952904140.402,134316919723.873,292962255714.119
50000145,30014662,50000146,30014666,79787,40155602,2,167132813033.839,-2810913405.27312,-339821567838.894
50000146,30014666,50000145,30014662,79881,40155643,5,-13932353110.7539,-535052196.429941,16174147625.3753
50000147,30014603,50000148,30014634,79881,40154821,2,1671361984112.65,-93815885907.0288,-2081662562474.81
50000148,30014634,50000147,30014603,79881,40155283,3,681352561423.485,431119017451.901,3364537990674.01
50000149,30014699,50000150,30014719,79787,40156063,2,-68307230.7184032,3465289219.23626,27620197832.0938
50000150,30014719,50000149,30014699,79787,40156257,2,-1353403661533.96,-84644263989.5947,696399456942.575
50000151,30014692,50000152,30014707,79881,40155965,2,127954376026.87,-2028337435.24234,-52143207041.6416
50000152,30014707,50000151,30014692,79881,40156136,3,-2221054710833.83,52867447954.4472,-1584673666837.09
50000153,30014743,50000154,30014770,79787,40156577,2,-32810843180.7662,-33891126881.721,-172754226236.085
50000154,30014770,50000153,30014743,79787,40156817,5,-374186655192.668,-69100009481.565,-370449871111.066
50000155,30014736,50000156,30014739,79787,40156474,5,-719833935612.076,70148024695.9989,-421452909499.944
50000156,30014739,50000155,30014736,79881,40156517,3,-524084526044.997,-5348912045.59312,326515548165.617
50000157,30014702,50000158,30014705,79787,40156081,5,-332377164227.987,-25977685479.1497,171876444751.464
50000158,30014705,50000157,30014702,79881,40156114,2,-26568221799.8782,-58103172.1674331,10005243555.3353
50000159,30014738,50000160,30014739,79881,40156494,4,1245632209927.21,-291085116438.069,752591774954.617
50000160,30014739,50000159,30014738,79787,40156517,5,-20566070486.1183,-10020518290.7492,-617075546794.49
50000161,30014679,50000162,30014689,79881,40155788,3,-173137840299.904,191432237223.927,-813384769105.206
50000162,30014689,50000161,30014679,79881,40155947,3,-798147901959.663,12292902306.295,577117843807.979
50000163,30014731,50000164,30014736,79881,40156368,3,-2329043910523.0,589012944884.988,-1107056210758.98
50000164,30014736,50000163,30014731,79881,40156474,3,-5497641916.50169,-23801357392.5506,836724247570.918
50000165,30014734,50000166,30014746,79787,40156412,3,25253788801.3146,-3915485644.89756,20028364077.3619
50000166,30014746,50000165,30014734,79787,40156602,3,-264368239535.585,6097356774.29969,226102048677.001
50000167,30014765,50000168,30014770,79787,40156773,5,-192501739388.12,418862820.727215,-16738477609.3673
50000168,30014770,50000167,30014765,79881,40156817,3,-128526405899.42,-22976505815.8743,514758792453.228
50000169,30014746,50000170,30014765,79787,40156602,5,-61604845920.9403,34751625124.8127,-340656788807.967
50000170,30014765,50000169,30014746,79881,40156773,2,-85832078355.9159,3574501151.52672,-183789509453.003
50000171,30014770,50000172,30014802,79881,40156817,2,144180953422.768,25775049816.9924,-577456538672.214
50000172,30014802,50000171,30014770,79787,40157213,2,-697049758287.803,-28126217795.1687,-261968204669.471
50000173,30014697,50000174,30014705,79787,40156045,2,-221543730649.518,-90589866247.7816,438514637902.761
50000174,30014705,50000173,30014697,79881,40156114,4,-21575011674.1916,6103020095.29435,-17180287085.4128
50000175,30014732,50000176,30014802,79787,40156393,4,1503767938457.98,-418183791175.578,-1765425607857.84
50000176,30014802,50000175,30014732,79881,40157213,5,-541901077971.403,42392278805.952,441433180021.805
50000177,30014700,50000178,30014701,79881,40156070,5,13094708149.5308,-674077624.286621,9556584927.70879
50000178,30014701,50000177,30014700,79881,40156075,5,-222789962246.409,51130600674.5662,99412649309.9574
50000179,30014696,50000180,30014708,79787,40156025,2,-146573410681.131,-11475046888.6928,62438696160.0894
50000180,30014708,50000179,30014696,79787,40156149,4,-362356473043.726,-71640986682.0715,153813809357.11
50000181,30014734,50000182,30014739,79881,40156412,2,-25477258784.6495,3950133654.29913,-20205594441.5582
50000182,30014739,50000181,30014734,79787,40156517,2,531412759820.693,5423705472.92736,-331081190060.092
50000183,30014689,50000184,30014691,79787,40155947,5,-93758742691.1307,122362623018.163,-972878656949.769
50000184,30014691,50000183,30014689,79787,40155954,3,-36560138612.288,-848235692.641478,-28357626427.2058
50000185,30014703,50000186,30014719,79881,40156093,4,162667908715.549,-33047635973.1437,569346213403.989
50000186,30014719,50000185,30014703,79787,40156257,4,-1276687846397.24,-73685151365.3094,-824663796453.986
50000187,30014691,50000188,30014703,79881,40155954,4,-6287402396.61938,867649707.26209,45839218697.6765
50000188,30014703,50000187,30014691,79881,40156093,3,-571764512062.701,69069375517.4623,-141502189375.618
50000189,30014702,50000190,30014708,79787,40156081,2,-355092430814.654,-975170168.880991,-226976144025.346
50000190,30014708,50000189,30014702,79881,40156149,2,-50293345872.2387,-12126666288.9823,398397263255.516
50000191,30014679,50000192,30014701,79787,40155788,2,178967930504.942,-197878356739.074,840773967024.463
50000192,30014701,50000191,30014679,79787,40156075,2,-189790721287.501,76083499845.2562,-148009409088.762
50000193,30014732,50000194,30014739,79881,40156393,2,-661753154610.254,395860443250.079,-2235946626983.65
50000194,30014739,50000193,30014732,79787,40156517,4,544650596531.115,15369430336.3423,290559998628.873
50000195,30014679,50000196,30014696,79881,40155788,5,808534098024.27,-110621080621.65,249506281802.244
50000196,30014696,50000195,30014679,79881,40156025,4,-114600746041.269,-2781958888.04885,-86129312928.0431
50000197,30014738,50000198,30014741,79787,40156494,2,1347925606667.66,239342111101.735,-645848890687.697
50000198,30014741,50000197,30014738,79881,40156546,2,-7264565176984.37,-28905854355.5944,-1256087379535.25
50000199,30014691,50000200,30014692,79881,40155954,2,36639294052.5027,850072186.489843,28419022813.7757
50000200,30014692,50000199,30014691,79787,40155965,3,-127125910354.65,2015204567.19238,51805595633.4599
50000201,30014698,50000202,30014700,79787,40156056,5,349162518376.2,55339396261.1152,-703557163706.081
50000202,30014700,50000201,30014698,79881,40156070,4,-14786817334.104,1189749602.13754,6571803911.98026
50000203,30014734,50000204,30014743,79881,40156412,5,-30117914975.5596,1759418026.11153,12001495323.7721
50000204,30014743,50000203,30014734,79787,40156577,5,-162386219273.762,-13596502851.8817,-55758590964.9407
50000205,30014697,50000206,30014698,79881,40156045,3,221104240021.547,90410157270.7397,-437644728052.36
50000206,30014698,50000205,30014697,79787,40156056,3,-773403082633.55,-140451598097.345,45723254305.9236
50000207,30014738,50000208,30014744,79881,40156494,5,75980476073.9323,525755018665.349,-1385833018351.42
50000208,30014744,50000207,30014738,79787,40156589,5,-69972335215.4978,-12989977039.9178,-21101629120.8161
50000209,30014700,50000210,30014703,79787,40156070,2,-1804097607.56025,549800562.521844,17195809812.2516
50000210,30014703,50000209,30014700,79787,40156093,5,409096603347.151,-36021739544.3187,-427844024028.37
50000211,30014741,50000212,30014744,79787,40156546,5,-4588893178685.98,572064039515.556,5481126933343.73
50000212,30014744,50000211,30014741,79787,40156589,2,-17617544827.5769,-271700005.15981,-72296965968.3892
50000213,30014692,50000214,30014708,79881,40155965,4,108415288548.875,-2141895386.1785,84204604178.7652
50000214,30014708,50000213,30014692,79787,40156149,3,50089836734.8313,12077596429.8727,-396785171596.381
50000215,30015393,50000216,30015396,79787,40164408,2,206676993988.758,-19070552805.836,-340494374758.131
50000216,30015396,50000215,30015393,79787,40164442,4,-468206121835.037,16068885254.8868,124626576937.209
50000217,30015323,50000218,30015336,79881,40163651,2,-11089193703.9949,-69619115532.59,-1955528322793.5
50000218,30015336,50000217,30015323,79881,40163797,5,-239531038112.608,-7116438246.46474,53113330455.3023
50000219,30015415,50000220,30015419,79787,40164646,4,-4286668056264.7,-1234527610669.11,-1326653163751.88
50000220,30015419,50000219,30015415,79787,40164670,5,-90397261451.5695,-3937141048.31281,-71052457172.9019
50000221,30015356,50000222,30015369,79787,40164012,5,-767946595963.185,-92879540738.6082,-1196585012058.36
50000222,30015369,50000221,30015356,79881,40164212,4,-2237653991067.23,516330184046.943,442699397265.467
50000223,30015367,50000224,30015374,79787,40164183,5,-3504768675128.07,528451006409.4,845033311435.654
50000224,30015374,50000223,30015367,79787,40164265,4,-828872569791.614,-13005893072.6428,-266903379142.236
50000225,30015298,50000226,30015369,79881,40163346,2,3961186627221.8,-227215375906.434,5107427376900.27
50000226,30015369,50000225,30015298,79787,40164212,2,-938606357826.607,-183567306950.128,2472574355115.18
50000227,30015377,50000228,30015378,79787,40164296,3,20920297178.5456,-2744034741.78108,-37157548065.8328
50000228,30015378,50000227,30015377,79881,40164311,5,-934080574009.171,312120352430.772,-283225811308.971
50000229,30015410,50000230,30015420,79787,40164580,2,-32445963202.3122,438676386.678382,-46602682875.5644
50000230,30015420,50000229,30015410,79787,40164675,3,-952750804687.191,-360442811008.039,-176827172171.82
50000231,30015367,50000232,30015378,79787,40164183,2,-2430399319212.18,697739457679.153,-2638078756203.49
50000232,30015378,50000231,30015367,79881,40164311,2,-169740438904.537,303333335568.196,-969991830699.819
50000233,30015393,50000234,30015399,79787,40164408,4,386093847134.029,1381793003.19298,8140897738.6565
50000234,30015399,50000233,30015393,79881,40164498,3,-199779719902.715,11498238770.5724,26567287513.2386
50000235,30015399,50000236,30015406,79787,40164498,5,76593457457.3281,-10328332352.5734,-186485212739.752
50000236,30015406,50000235,30015399,79881,40164550,2,-51148967516.2149,6556887416.96413,-10295293717.5526
50000237,30015410,50000238,30015415,79881,40164580,3,28509497060.575,-385454519.521237,40948670322.1413
50000238,30015415,50000237,30015410,79787,40164646,2,-3537651803864.23,249105239449.731,3024043595863.22
50000239,30015332,50000240,30015343,79787,40163759,4,26421066472.2204,-15105888071.6994,222885841171.463
50000240,30015343,50000239,30015332,79881,40163899,4,-893359048376.953,21939587624.8695,642637790150.843
50000241,30015410,50000242,30015419,79881,40164580,5,-49718118726.9347,248681829.204168,4216684312.01794
50000242,30015419,50000241,30015410,79787,40164670,3,-16279236131.9901,13220451420.1501,113118626950.167
50000243,30015410,50000244,30015414,79881,40164580,4,21208621666.3597,136772690.317069,-45165354634.1592
50000244,30015414,50000243,30015410,79881,40164627,5,-395606055578.824,17735188291.7939,-147114153570.907
50000245,30015390,50000246,30015391,79787,40164392,3,177348979807.469,-4572525968.61995,-19473824612.2788
50000246,30015391,50000245,30015390,79881,40164404,5,-91938375155.897,-10631698655.3935,16375912048.2323
50000247,30015380,50000248,30015391,79787,40164320,5,-50531957362.6422,-496374131.372592,-20161209958.281
50000248,30015391,50000247,30015380,79787,40164404,2,-60961118847.0192,928570408.409418,-71655445940.9151
50000249,30015399,50000250,30015409,79881,40164498,4,123186262445.387,-1169906417.99899,159917925226.514
50000250,30015409,50000249,30015399,79881,40164574,3,-59083983410.6793,-8507059203.03842,13203251725.0486
50000251,30015390,50000252,30015399,79787,40164392,2,-192884270155.0,4973066860.48893,21179678910.7195
50000252,30015399,50000251,30015390,79787,40164498,2,203049928646.449,-11686454276.0471,-27002169371.9448
50000253,30015291,50000254,30015304,79881,40163215,3,-2332223866357.51,-113737231283.178,-1814539040907.17
50000254,30015304,50000253,30015291,79881,40163423,4,-6124041681.64888,746130540.970276,7840730738.69504
50000255,30015298,50000256,30015302,79787,40163346,5,6013239193363.88,-453943524117.766,-829834790201.475
50000256,30015302,50000255,30015298,79787,40163417,5,-195094749217.127,-1839981226.10557,-17345593218.7004
50000257,30015419,50000258,30015420,79881,40164670,2,16903887608.0934,-13727734097.7519,-117459108083.698
50000258,30015420,50000257,30015419,79881,40164675,4,268140973140.504,308061513007.858,949799709088.355
50000259,30015375,50000260,30015376,79787,40164283,3,315358483138.616,20072415128.5088,606865241317.676
50000260,30015376,50000259,30015375,79881,40164292,5,-1920658048647.95,-7743121054.82757,-150413131098.875
50000261,30015295,50000262,30015357,79787,40163291,3,-83874770850.8212,896270445.308232,12837804672.1029
50000262,30015357,50000261,30015295,79787,40164032,5,-2826788051403.11,-52827598012.5964,1244123454521.79
50000263,30015295,50000264,30015366,79787,40163291,2,84125795650.0458,-898952850.354496,-12876226325.0935
50000264,30015366,50000263,30015295,79881,40164177,5,-610015289618.699,-103421701804.925,190388890957.261
50000265,30015378,50000266,30015391,79881,40164311,4,765267110581.155,-10443561202.2603,-681468762913.328
50000266,30015391,50000265,30015378,79787,40164404,4,31038425810.8367,11559337319.2665,-87959457603.7256
50000267,30015374,50000268,30015375,79881,40164265,2,-661502646877.198,35250191617.5859,597344140939.456
50000268,30015375,50000267,30015374,79787,40164283,5,-683493905675.335,-7688493153.37103,-30269850244.9007
50000269,30015377,50000270,30015380,79881,40164296,5,21801859766.4981,2056466519.84325,36692257972.7953
50000270,30015380,50000269,30015377,79787,40164320,2,-7861882769.7129,1769292439.11167,-53974455054.266
50000271,30015356,50000272,30015357,79787,40164012,4,1391011046279.64,301129639202.243,-67775245804.7621
50000272,30015357,50000271,30015356,79881,40164032,2,-2499368190717.36,-87280402590.558,-1833196187433.48
50000273,30015393,50000274,30015406,79881,40164408,3,-200154153943.487,18468675629.6365,329748184289.624
50000274,30015406,50000273,30015393,79787,40164550,5,-33196188183.7605,12412446198.5257,38739601042.2187
50000275,30015324,50000276,30015392,79881,40163664,5,-133515437659.925,-26412344706.4177,-101120922837.804
50000276,30015392,50000275,30015324,79881,40164406,4,-4846328385.88398,-1188554626.71022,111095601.878886
50000277,30015414,50000278,30015415,79787,40164627,4,321337333798.521,-67732282353.5488,-265736557759.188
50000278,30015415,50000277,30015414,79787,40164646,5,754091662765.868,1483275462963.61,4346358214426.71
50000279,30015332,50000280,30015336,79787,40163759,5,180211757258.633,4893128416.28053,-134551620736.178
50000280,30015336,50000279,30015332,79881,40163797,2,-168404349571.981,10415940657.4194,-182972947594.646
50000281,30015296,50000282,30015305,79881,40163305,5,-371246828657.097,368541123019.858,-2680677585552.7
50000282,30015305,50000281,30015296,79787,40163439,3,-1654887417980.79,321182879781.489,102223880223.285
50000283,30015299,50000284,30015306,79881,40163363,5,-1085712651422.88,72055492318.0673,-484811063728.642
50000284,30015306,50000283,30015299,79787,40163453,5,-753838156538.143,335270209032.783,-1283530114072.46
50000285,30015349,50000286,30015396,79787,40163933,2,365258840572.94,53341423392.0431,115326094137.691
50000286,30015396,50000285,30015349,79787,40164442,2,-127498496181.964,-9380594871.54573,470530323288.894
50000287,30015398,50000288,30015400,79787,40164494,5,-1167528237271.01,-32179550517.7791,841268328585.241
50000288,30015400,50000287,30015398,79881,40164502,4,-40173386393.9581,-4171340907.51725,7846508376.53717
50000289,30015398,50000290,30015409,79787,40164494,3,1312845120317.42,-29567786579.6328,589451902221.724
50000290,30015409,50000289,30015398,79881,40164574,5,17901329776.1215,4946167983.36626,-58246809548.6723
50000291,30015412,50000292,30015420,79881,40164608,3,874443545300.263,-332299517680.11,3452660322699.57
50000292,30015420,50000291,30015412,79787,40164675,5,684609831546.688,52381298000.1811,-772972536916.534
50000293,30001168,50000294,30001176,79881,40012400,3,-3169199835167.86,-2003929285409.45,-2806002102965.94
50000294,30001176,50000293,30001168,79787,40012476,2,-144851978058.406,18859180687.6055,45110012664.2159
50000295,30001172,50000296,30001192,79787,40012441,4,-2878886405826.02,995225839032.667,3494683871828.87
50000296,30001192,50000295,30001172,79787,40012656,3,-849802521806.891,-6312945863.39694,-22711335030.8438
50000297,30001171,50000298,30001172,79881,40012425,2,-75226141747.0238,13613274249.301,-145234021334.427
50000298,30001172,50000297,30001171,79881,40012441,3,-1487451372724.31,285388710035.067,-4381474463044.84
50000299,30001180,50000300,30001181,79881,40012516,4,107287848894.119,-63146598603.6209,418156664056.104
50000300,30001181,50000299,30001180,79787,40012544,2,-1824481977936.79,-154617331786.805,-296678159704.808
50000301,30001189,50000302,30001192,79881,40012607,4,15594998283.7584,-22133556615.1293,-332431749428.966
50000302,30001192,50000301,30001189,79881,40012656,4,405351781538.303,-12372741704.8096,747165866832.886
50000303,30001175,50000304,30001178,79787,40012472,2,-116839811026.377,2890920312.30687,666947714986.398
50000304,30001178,50000303,30001175,79787,40012507,2,-208436502752.105,-15254450839.4043,-47435098087.6694
50000305,30001173,50000306,30001178,79881,40012450,4,-203982478890.318,-42845781943.7729,126926433229.561
50000306,30001178,50000305,30001173,79881,40012507,5,-145142613947.128,26594972287.4591,151494229607.316
50000307,30001176,50000308,30001177,79881,40012476,3,144461137866.446,-18808294770.1403,-44988296645.9375
50000308,30001177,50000307,30001176,79787,40012499,4,-1567116694883.68,-185978622035.749,1789464256500.85
50000309,30001178,50000310,30001180,79881,40012507,3,205685420338.106,15053112537.8814,46809018382.6644
50000310,30001180,50000309,30001178,79881,40012516,3,-417700015411.701,58523318400.7448,-111601476058.756
50000311,30001186,50000312,30001187,79787,40012599,3,-288261056580.424,164535350148.372,-2104481745793.09
50000312,30001187,50000311,30001186,79881,40012603,3,-30743975260.802,1986391938.53693,-52834781394.5051
50000313,30001168,50000314,30001169,79881,40012400,4,-847043955948.739,385099899476.844,4589926206608.61
50000314,30001169,50000313,30001168,79881,40012412,5,-626958297228.123,69585063219.3906,146217877923.65
50000315,30001170,50000316,30001172,79787,40012416,3,-48982897181.4018,-27864867782.8771,-439886002117.857
50000316,30001172,50000315,30001170,79787,40012441,2,1489346099433.57,-285752240313.327,4387055618061.59
50000317,30001171,50000318,30001177,79881,40012425,5,-162123554686.028,22420940017.8642,-6474308739.03869
50000318,30001177,50000317,30001171,79881,40012499,3,-773181278086.399,318031308621.547,-2234652524775.33
50000319,30001171,50000320,30001189,79881,40012425,3,75074414471.4632,-13585816972.2782,144941091750.853
50000320,30001189,50000319,30001171,79881,40012607,5,-295180122827.558,35869855575.2808,151082808012.112
50000321,30001173,50000322,30001180,79787,40012450,3,-13963938448.5006,71445168136.1203,-232928161779.547
50000322,30001180,50000321,30001173,79881,40012516,5,310412166517.583,4623280202.87606,-306555187997.348
50000323,30001176,50000324,30001179,79881,40012476,5,-31813656191.3308,20287466350.0094,147726196491.241
50000324,30001179,50000323,30001176,79787,40012510,4,-2419964310316.41,-36625561220.5288,1444244942139.14
50000325,30001169,50000326,30001170,79787,40012412,4,187342916668.51,-23364441880.1103,-619399055327.578
50000326,30001170,50000325,30001169,79787,40012416,4,-350856435051.047,-53152192525.6954,265988865077.195
50000327,30001175,50000328,30001180,79881,40012472,4,-628876914699.872,87992008057.2667,232760253435.692
50000328,30001180,50000327,30001175,79787,40012516,2,472823469757.801,-66246582348.5952,126329411523.203
50000329,30001183,50000330,30001187,79787,40012560,3,-23610455006.4325,2355902119.24495,-4547766922.30743
50000330,30001187,50000329,30001183,79881,40012603,4,-29272018514.5252,-13729006879.349,51916425098.1085
50000331,30001168,50000332,30001177,79881,40012400,2,3188724692584.51,2016275125244.63,2823289365941.05
50000332,30001177,50000331,30001168,79787,40012499,2,903259007586.115,-371535954566.545,2610603850657.16
50000333,30001171,50000334,30001179,79787,40012425,4,87049140214.5649,-8835123045.58602,-138466783011.815
50000334,30001179,50000333,30001171,79787,40012510,3,-39572525464.8609,194745162471.905,-2811391200945.98
50000335,30001173,50000336,30001176,79881,40012450,2,13982445749.4936,-71539858988.28,233236876374.337
50000336,30001176,50000335,30001173,79787,40012476,4,-112647481675.115,-1479171579.86911,-102737899845.303
50000337,30001181,50000338,30001186,79881,40012544,3,1819807548354.46,154221193135.733,295918052900.286
50000338,30001186,50000337,30001181,79787,40012599,4,-1665939867561.0,156145314664.935,1318814897908.22
50000339,30001175,50000340,30001179,79881,40012472,3,116703001686.896,-2887535294.00751,-666166776746.651
50000340,30001179,50000339,30001175,79787,40012510,2,39978219941.4974,-196741674846.044,2840213366539.15
50000341,30023766,50000342,30023827,79787,40251615,2,-92816459111.551,6068509870.36689,207602738528.735
50000342,30023827,50000341,30023766,79881,40252215,2,-1590519555233.82,-100084820267.386,221033872693.552
50000343,30023804,50000344,30023808,79881,40251949,2,427721337808.373,-6744779629.94364,414352165374.487
50000344,30023808,50000343,30023804,79881,40251994,4,-7123638679272.58,-1978128585752.52,1666648736438.0
50000345,30023849,50000346,30023851,79787,40252472,2,132726990115.335,-26851178265.1348,-197334304173.459
50000346,30023851,50000345,30023849,79787,40252494,4,-1641469365331.23,-478891831166.123,-570739732866.474
50000347,30023723,50000348,30023734,79881,40251205,4,-427322463422.179,-25668842737.9768,-48625943247.1432
50000348,30023734,50000347,30023723,79881,40251306,5,-2680578733609.54,-450579662179.272,-189858324971.42
50000349,30023757,50000350,30023830,79881,40251512,2,-1465435743803.68,-150761096855.341,1413967611135.29
50000350,30023830,50000349,30023757,79881,40252235,3,-802589756709.464,-57340634944.4401,-1044482501100.14
50000351,30023741,50000352,30023746,79881,40251348,5,-15908401591.8887,519390930.007337,5547557266.82671
50000352,30023746,50000351,30023741,79787,40251390,3,-687820525832.732,-204373840529.202,-4714717117.64494
50000353,30023826,50000354,30023835,79787,40252211,2,444413335337.355,13810926595.9066,-429580814471.69
50000354,30023835,50000353,30023826,79787,40252294,4,-2412520529035.97,39639355109.6196,2158608205230.45
50000355,30023723,50000356,30023724,79787,40251205,2,-273561093160.078,-36025156685.9372,371816811448.777
50000356,30023724,50000355,30023723,79787,40251213,2,-1648965268003.84,-40011412268.0441,-744634211941.824
50000357,30023789,50000358,30023791,79787,40251818,4,344709502549.55,49762567385.161,804649034665.765
50000358,30023791,50000357,30023789,79787,40251839,3,-171536118156.102,418136399.082304,-20950777144.2437
50000359,30023835,50000360,30023851,79881,40252294,3,-662101329103.987,48872038080.2666,-3168698363535.78
50000360,30023851,50000359,30023835,79881,40252494,2,-1365821856390.79,-142897852250.827,1184299707048.64
50000361,30023741,50000362,30023825,79881,40251348,4,3133767946.89413,-2197703403.21138,-16415602272.9059
50000362,30023825,50000361,30023741,79881,40252209,4,-1084605620084.73,-82293651058.0063,-609332811317.313
50000363,30023744,50000364,30023750,79787,40251379,2,-562201038517.086,-97392258803.6405,-1003088958416.08
50000364,30023750,50000363,30023744,79787,40251443,4,-1247707357066.38,8083352710.60758,-170359494633.776
50000365,30023746,50000366,30023778,79881,40251390,4,356770492898.268,44634840933.2757,620975456341.842
50000366,30023778,50000365,30023746,79881,40251705,5,-856552201968.731,105867486639.449,-1062488829124.46
50000367,30023754,50000368,30023777,79881,40251487,3,-137113532732.066,102852687321.398,1308678540365.59
50000368,30023777,50000367,30023754,79881,40251692,4,-288211699695.346,-15435335223.6889,83417413816.2257
50000369,30023766,50000370,30023778,79787,40251615,4,-225807605992.301,7539369489.75201,23265632060.5874
50000370,30023778,50000369,30023766,79787,40251705,3,-480994501200.524,-339839437852.912,1235688293111.89
50000371,30023805,50000372,30023813,79787,40251959,5,1623337442019.96,-332421780854.203,638161853550.238
50000372,30023813,50000371,30023805,79881,40252065,3,-1099911649665.84,85071059846.087,720134056113.208
50000373,30023744,50000374,30023792,79881,40251379,5,-1067093245731.86,-114990827311.587,-8156185611.36139
50000374,30023792,50000373,30023744,79787,40251846,2,-130646676444.421,21736145924.4462,-40731087302.2111
50000375,30023805,50000376,30023807,79787,40251959,4,-1256276553439.52,658411816223.391,1068289447627.56
50000376,30023807,50000375,30023805,79881,40251975,5,-618694266564.199,-86667986797.9923,214533472026.081
50000377,30023741,50000378,30023745,79787,40251348,3,12774633644.9945,1678312473.20405,10868045006.0792
50000378,30023745,50000377,30023741,79881,40251387,4,-323384236157.102,49498818216.0661,109952257791.62
50000379,30023827,50000380,30023830,79787,40252215,3,1578348648631.26,99318955430.4529,-219342486623.068
50000380,30023830,50000379,30023827,79881,40252235,4,-504205768000.283,101042940786.217,1214062942654.83
50000381,30023777,50000382,30023828,79881,40251692,2,-78385625534.3445,-28638126554.8253,320798669685.938
50000382,30023828,50000381,30023777,79787,40252221,4,-6371275765.84854,-1036823629.10189,8468996087.79403
50000383,30023808,50000384,30023811,79787,40251994,5,4886966277572.78,1607796102104.31,5565023903020.96
50000384,30023811,50000383,30023808,79881,40252036,5,-652325818968.69,-76064129849.2583,-134119863783.166
50000385,30023802,50000386,30023844,79787,40251929,2,-160220941617.517,-24578195937.174,683091485371.946
50000386,30023844,50000385,30023802,79881,40252419,5,-13722290029.8631,2145244495.94113,-22347518709.9526
50000387,30023736,50000388,30023745,79881,40251328,4,93497215908.903,2263453275.52145,-24697977745.205
50000388,30023745,50000387,30023736,79787,40251387,2,-68789957641.2093,3618429433.07112,339048720922.914
50000389,30023800,50000390,30023802,79787,40251920,3,-11329461175.0608,-4193167973.46641,-68120992446.7149
50000390,30023802,50000389,30023800,79787,40251929,4,-648945651825.029,58911232716.283,200211906036.108
50000391,30023750,50000392,30023792,79881,40251443,2,-801941179440.739,-175452534282.195,1021496676843.17
50000392,30023792,50000391,30023750,79787,40251846,5,-98039978136.1248,-22819087899.0374,81734298454.2861
50000393,30023741,50000394,30023823,79881,40251348,2,-13120121593.0164,-1723702168.80084,-11161969565.6795
50000394,30023823,50000393,30023741,79881,40252192,3,-3479659486468.38,214046345287.53,2369666343544.14
50000395,30023844,50000396,30023853,79787,40252419,3,-12576557441.1465,-2711021194.46183,22952025555.8295
50000396,30023853,50000395,30023844,79881,40252521,3,-171811997010.178,28592978259.3454,32555657909.9481
50000397,30023825,50000398,30023835,79881,40252209,2,-1079902755148.82,105006418987.596,626340315318.169
50000398,30023835,50000397,30023825,79881,40252294,2,691671594883.828,-51054723859.1816,3310216358844.3
50000399,30023799,50000400,30023800,79787,40251916,4,-209825525212.772,38966513183.9323,85425772221.8815
50000400,30023800,50000399,30023799,79881,40251920,4,-53435296650.0055,1837256482.65957,43905609216.1256
50000401,30023746,50000402,30023766,79881,40251390,5,331050032934.464,159738999595.926,-616260739224.197
50000402,30023766,50000401,30023746,79881,40251615,3,92669800553.9647,-6058921065.61388,-207274707073.161
50000403,30023825,50000404,30023830,79881,40252209,3,1074698753072.1,-104500397848.307,-623322009932.694
50000404,30023830,50000403,30023825,79881,40252235,2,813421483780.143,58114502418.5579,1058578805329.59
50000405,30023799,50000406,30023804,79787,40251916,5,184021491380.955,11988288758.3215,137240935521.477
50000406,30023804,50000405,30023799,79787,40251949,3,-425990741977.288,6717489694.93835,-412675662318.379
50000407,30023849,50000408,30023853,79787,40252472,4,228654595447.677,2742049473.78529,14475226110.0499
50000408,30023853,50000407,30023849,79881,40252521,5,51885544736.1982,-54668751536.4826,-160362119707.819
50000409,30023828,50000410,30023830,79881,40252221,5,10559713022.5601,433205327.106965,1302630754.72872
50000410,30023830,50000409,30023828,79787,40252235,5,1306795524709.75,-43702305841.7774,-169580441554.692
50000411,30023823,50000412,30023827,79787,40252192,2,3516030767745.46,-216283673353.985,-2394435376677.71
50000412,30023827,50000411,30023823,79787,40252215,4,-985666929507.18,59999776781.6518,-1254599764404.55
50000413,30023718,50000414,30023806,79787,40251165,3,-9880914585.74598,-120737352.892277,-8698332522.777
50000414,30023806,50000413,30023718,79787,40251962,3,-367486430714.567,747594637.758144,-3726889336.54583
50000415,30023813,50000416,30023823,79787,40252065,5,-57968481758.7189,133422861471.063,-1309379156786.71
50000416,30023823,50000415,30023813,79787,40252192,5,-233673799160.792,678904628247.993,-4153751270930.34
50000417,30023826,50000418,30023851,79881,40252211,3,-440438995066.953,-13687416976.8714,425739119827.107
50000418,30023851,50000417,30023826,79881,40252494,5,283760744307.011,336842818684.014,1748004479811.88
50000419,30016070,50000420,30016071,79881,40172310,2,-488191533106.232,-24000326488.4566,272236268010.128
50000420,30016071,50000419,30016070,79787,40172314,3,-39669095926.7715,-3214317968.0585,-55955378586.8737
50000421,30016095,50000422,30016100,79881,40172598,5,-77438973455.3515,13186105737.0561,-16294291747.8725
50000422,30016100,50000421,30016095,79881,40172641,4,-1272222586167.5,19117333805.0013,476496427615.701
50000423,30016098,50000424,30016101,79881,40172628,4,782348244945.5,-219656785292.243,-575889361919.345
50000424,30016101,50000423,30016098,79787,40172656,4,-2817677939604.29,-46716190910.5876,2385416688250.78
50000425,30016105,50000426,30016145,79787,40172719,5,-1653090582619.51,-545714273176.77,1247461278616.27
50000426,30016145,50000425,30016105,79881,40173129,4,-187176287190.803,-1399172608.91797,81091092064.0236
50000427,30016106,50000428,30016127,79787,40172734,5,-454932270223.682,10143359116.5889,-786142584217.171
50000428,30016127,50000427,30016106,79787,40172920,5,-79671371310.5731,-2250192120.97778,16844180350.6899
50000429,30016061,50000430,30016070,79881,40172171,3,-1652195624572.13,-278335552066.431,-2780434467220.43
50000430,30016070,50000429,30016061,79881,40172310,4,-479943664014.9,11908724454.5541,-285598698595.894
50000431,30016097,50000432,30016118,79787,40172624,5,173727389730.231,11081168650.5452,-105397120654.427
50000432,30016118,50000431,30016097,79881,40172837,3,-3186895041839.1,-184752493738.92,942258954154.662
50000433,30016097,50000434,30016104,79881,40172624,4,4046573568.40179,2944553491.97265,203439195167.68
50000434,30016104,50000433,30016097,79881,40172707,3,-14673861954.6216,-2193495626.46571,4583726143.05928
50000435,30016113,50000436,30016116,79881,40172785,5,-687717555358.856,-911674187.342425,-390678715266.928
50000436,30016116,50000435,30016113,79787,40172803,5,-108403090280.676,-8621580411.99035,42202158100.5667
50000437,30016097,50000438,30016099,79787,40172624,2,177967717736.785,14041008666.2752,98148929795.7153
50000438,30016099,50000437,30016097,79881,40172635,5,-12214232479.6181,-778168558.19313,3850127966.13682
50000439,30016016,50000440,30016030,79787,40171648,3,10337378009.5423,11124800648.5695,64611714170.2231
50000440,30016030,50000439,30016016,79787,40171813,2,-520651489734.396,-13229278920.4387,85950260013.0846
50000441,30016093,50000442,30016101,79881,40172570,5,212320574491.024,471266130556.652,-1275495881398.52
50000442,30016101,50000441,30016093,79787,40172656,3,-657183584407.217,26099495331.9877,-3633061065154.32
50000443,30016071,50000444,30016072,79881,40172314,4,-28674096027.679,1488380981.60368,62374308360.8675
50000444,30016072,50000443,30016071,79787,40172317,5,-7851969672.98391,336314196.17753,1543937168.7262
50000445,30016104,50000446,30016105,79881,40172707,5,3081149877.17651,3313728055.29706,-14854962635.1294
50000446,30016105,50000445,30016104,79787,40172719,2,-2017938394471.8,116445764476.338,-767270218610.17
50000447,30016100,50000448,30016107,79787,40172641,2,-224683818313.145,11420920560.5099,1347890511663.59
50000448,30016107,50000447,30016100,79881,40172753,2,-1060271580934.93,-348034901594.057,-554799890094.907
50000449,30016106,50000450,30016145,79881,40172734,3,-453405025195.391,-13156290252.1078,786979806665.369
50000450,30016145,50000449,30016106,79787,40173129,2,-23391915082.6221,272497087.677146,202867440194.481
50000451,30016095,50000452,30016107,79881,40172598,4,53029040515.8184,-6570209647.03238,-59840831754.3965
50000452,30016107,50000451,30016095,79881,40172753,5,-997204726523.735,-266105056116.326,682783662609.225
50000453,30016032,50000454,30016037,79881,40171848,5,-438177216208.672,-119589616322.569,-1236160327296.83
50000454,30016037,50000453,30016032,79881,40171888,2,-293901755799.284,49772602861.3889,18278617721.198
50000455,30016092,50000456,30016097,79787,40172565,4,-55364374713.9279,-507853624.360451,-26627056777.4229
50000456,30016097,50000455,30016092,79881,40172624,3,-177773963298.633,-14025722142.5179,-98042074513.2538
50000457,30016041,50000458,30016131,79881,40171926,2,420076054475.356,-58786553734.2111,-1441617122490.7
50000458,30016131,50000457,30016041,79787,40172952,5,-524864043120.593,-57564120412.7901,276800818796.18
50000459,30016024,50000460,30016037,79881,40171740,5,1482217077446.84,-531314103735.277,2971595894300.27
50000460,30016037,50000459,30016024,79787,40171888,4,-162283489312.999,23488865392.3531,-247555510843.06
50000461,30016105,50000462,30016106,79787,40172719,4,-345835208465.063,661062909444.35,-2007502433942.23
50000462,30016106,50000461,30016105,79787,40172734,2,455635814255.908,13221020254.5129,-790851810383.899
50000463,30016024,50000464,30016041,79881,40171740,2,-1824084221414.39,-1059605332300.66,2626710092003.42
50000464,30016041,50000463,30016024,79787,40171926,5,-913242831393.639,216138130609.033,-983408066037.861
50000465,30016016,50000466,30016033,79787,40171648,5,-61888364020.697,-6628203180.26562,-23047635519.5063
50000466,30016033,50000465,30016016,79787,40171853,5,-236711267492.181,12335178771.2897,-146504204160.314
50000467,30016061,50000468,30016071,79787,40172171,4,-1558454268761.53,-197180178784.128,2840840924300.48
50000468,30016071,50000467,30016061,79787,40172314,2,40192507774.7072,3256729121.33057,56693678954.5494
50000469,30016030,50000470,30016033,79881,40171813,3,517069152155.896,13138254993.7862,-85358880073.9169
50000470,30016033,50000469,30016030,79787,40171853,3,-8676125583.27005,-7008244951.53433,278430371865.722
50000471,30016104,50000472,30016116,79787,40172707,4,11592712077.445,-1120232428.83135,10271236492.0702
50000472,30016116,50000471,30016104,79787,40172803,2,-91050800740.6675,-12155620995.9776,-73648336503.3889
50000473,30016099,50000474,30016127,79881,40172635,2,-9538803826.15645,2155259440.72123,-8373745410.44768
50000474,30016127,50000473,30016099,79787,40172920,2,-55172700892.9504,-1425493544.55711,-61439789954.1557
50000475,30016092,50000476,30016124,79787,40172565,3,50720089807.586,-3184494813.92586,-34522507702.7523
50000476,30016124,50000475,30016092,79881,40172891,3,-508162326759.277,87936468332.7203,-272577455918.345
50000477,30016070,50000478,30016072,79787,40172310,5,-7494600373.9904,-35872018971.0822,557414912077.191
50000478,30016072,50000477,30016070,79881,40172317,2,-5309524960.00332,-266346901.614358,-6051457222.7082
50000479,30016132,50000480,30016145,79881,40172966,5,214455317595.644,2726553605.6022,-888568824269.829
50000480,30016145,50000479,30016132,79881,40173129,3,23366724758.4839,-272203640.56343,-202648975970.516
50000481,30016098,50000482,30016124,79787,40172628,2,-130863325210.358,-147357019198.468,-1019392014613.57
50000482,30016124,50000481,30016098,79881,40172891,4,13408794057.1795,-58771731183.9956,580195079374.79
50000483,30016155,50000484,30016236,79787,40173266,5,-113657577649.516,-448016696420.793,-2009329833929.1
50000484,30016236,50000483,30016155,79881,40174120,3,-113057866884.542,30815111445.4641,-111224304999.317
50000485,30016169,50000486,30016170,79881,40173396,2,388438777009.114,99972186233.9564,-2028576376969.43
50000486,30016170,50000485,30016169,79881,40173426,4,-767105030877.787,-165435569674.714,135476484179.228
50000487,30016198,50000488,30016206,79881,40173708,5,-27496631283.7434,-1552606828.2063,-4706131261.96294
50000488,30016206,50000487,30016198,79787,40173795,5,-1071556842231.44,134628117351.073,-675307184457.289
50000489,30016159,50000490,30016246,79787,40173314,2,-151464708330.498,-418871600767.648,-3879023418534.13
50000490,30016246,50000489,30016159,79881,40174256,3,-1035931377687.95,-58324071730.4433,-94611521780.6901
50000491,30016246,50000492,30016254,79881,40174256,4,433818544657.554,67812051891.8818,944833240632.836
50000492,30016254,50000491,30016246,79787,40174357,5,-88156027063.0352,-4696848328.71307,-80926958708.6907
50000493,30016156,50000494,30016157,79881,40173280,2,-929958327740.8,213738065135.78,-1090947043731.77
50000494,30016157,50000493,30016156,79787,40173289,3,-426130492912.369,-96870312858.2295,607098478329.632
50000495,30016271,50000496,30016278,79881,40174527,5,-1090555504121.38,743733858937.867,-3744168062959.61
50000496,30016278,50000495,30016271,79787,40174602,4,-543072429180.784,19959949429.6067,-304710885372.141
50000497,30016259,50000498,30016263,79787,40174404,4,2448834879.91683,-207314163472.19,-958926981093.303
50000498,30016263,50000497,30016259,79787,40174445,5,-722800716724.194,-16102698493.9273,-372958433953.456
50000499,30016206,50000500,30016269,79881,40173795,4,1112788760399.95,-164971902760.67,-597397719715.433
50000500,30016269,50000499,30016206,79881,40174511,3,-3906742237133.54,304813531837.722,4112638088078.91
50000501,30016263,50000502,30016269,79881,40174445,2,-41439390274.3052,-21307366971.1839,-881601096969.458
50000502,30016269,50000501,30016263,79787,40174511,5,-1613940818634.51,-167000054019.61,-5443954835963.9
50000503,30016202,50000504,30016267,79787,40173722,3,-969213603.731601,53236969.7806479,625935636.141847
50000504,30016267,50000503,30016202,79881,40174479,4,-189653630228.301,-3006640329.01651,-67764120776.2461
50000505,30016188,50000506,30016193,79881,40173615,5,-129756545627.283,-15311699674.3146,-48642312575.0689
50000506,30016193,50000505,30016188,79881,40173669,2,-3059150700354.62,1231711074776.79,-725895865705.844
50000507,30016277,50000508,30016278,79881,40174590,3,481687260907.825,-92265471761.2022,-302649723772.54
50000508,30016278,50000507,30016277,79787,40174602,2,-538928689153.299,73069464073.8002,320118215341.73
50000509,30016155,50000510,30016159,79881,40173266,3,-1720974332329.03,376553018378.123,1071213591475.33
50000510,30016159,50000509,30016155,79881,40173314,5,-3350838004094.31,-885302531283.856,-1721088891783.5
50000511,30016258,50000512,30016260,79881,40174394,4,109762595883.617,-67611304083.4844,-287613968707.012
50000512,30016260,50000511,30016258,79787,40174416,2,-4292509115970.65,-100776317569.532,1262886649255.19
50000513,30016198,50000514,30016259,79787,40173708,2,-10234944733.259,6155697299.76925,-25311943311.5059
50000514,30016259,50000513,30016198,79881,40174404,2,-850108550865.596,-163238396473.436,-471007332712.293
50000515,30016265,50000516,30016267,79881,40174465,5,1188778817827.34,-65734886565.3665,655449212663.591
50000516,30016267,50000515,30016265,79787,40174479,2,-173329811332.986,5792584777.38548,146985747159.746
50000517,30016258,50000518,30016264,79787,40174394,2,-202441570079.657,-35189871299.4902,-243606844161.089
50000518,30016264,50000517,30016258,79881,40174452,4,-36271046912.1004,-774563097.896072,16537667459.7996
50000519,30016243,50000520,30016244,79787,40174203,3,-1861344370848.49,36434774017.7616,-1186588733074.58
50000520,30016244,50000519,30016243,79881,40174215,4,-7765358533975.52,635279632945.491,5176672735817.08
50000521,30016257,50000522,30016263,79881,40174390,4,-894172156297.161,-187800574846.206,-1026081949808.6
50000522,30016263,50000521,30016257,79881,40174445,3,38185478962.8866,19634266041.244,812375855898.122
50000523,30016200,50000524,30016277,79881,40173715,2,379515157812.572,-14854990.7286594,103180364568.679
50000524,30016277,50000523,30016200,79881,40174590,4,-511515020305.829,284615326.318572,-265489534436.743
50000525,30016265,50000526,30016266,79787,40174465,4,-1163067535172.71,23547800580.0031,702744073701.929
50000526,30016266,50000525,30016265,79881,40174474,2,-111293065887.727,8737756125.04712,29624455266.6636
50000527,30016167,50000528,30016248,79881,40173371,4,47707235101.7392,10919623714.2916,-101510525900.361
50000528,30016248,50000527,30016167,79787,40174279,2,-29848642072.5238,-1500512553.88107,-15918445260.2623
50000529,30016271,50000530,30016277,79787,40174527,2,2541661242022.72,-675181954700.851,-2982545831132.59
50000530,30016277,50000529,30016271,79787,40174590,2,-498255694269.453,95439095903.9158,313059863685.292
50000531,30016264,50000532,30016269,79881,40174452,2,-3870328444.36786,-3576021546.42226,40108790853.8995
50000532,30016269,50000531,30016264,79787,40174511,2,3926452439285.26,-306351369751.366,-4133387071035.19
50000533,30016149,50000534,30016259,79881,40173168,5,-21293435849.256,-2901631812.8348,-575588978573.063
50000534,30016259,50000533,30016149,79881,40174404,5,-848761718463.516,44804613497.2735,490022658779.548
50000535,30016241,50000536,30016253,79881,40174176,3,-430159910919.677,-88322205406.5184,465395792882.352
50000536,30016253,50000535,30016241,79881,40174355,3,-691072339081.484,223393681707.909,222372863068.386
50000537,30016200,50000538,30016202,79787,40173715,4,99955632302.0352,24918456580.1685,376769730577.88
50000538,30016202,50000537,30016200,79881,40173722,5,-59031425.8223443,-59725258.3543706,-1151934368.56533
50000539,30016260,50000540,30016262,79881,40174416,4,-3103361835848.54,906031320828.554,-2845009449180.03
50000540,30016262,50000539,30016260,79787,40174437,4,-468167515883.427,-151253091500.539,108249983819.354
50000541,30016241,50000542,30016248,79881,40174176,5,-168309891635.275,-84644631643.8393,-611505250733.376
50000542,30016248,50000541,30016241,79787,40174279,5,-28525853470.065,-1832793770.62034,17829761043.3221
50000543,30016234,50000544,30016236,79881,40174092,3,-1368882838937.7,28503808156.0777,-1257506850450.24
50000544,30016236,50000543,30016234,79881,40174120,4,-42977771753.1466,-54140386075.1624,146028175744.364
50000545,30016266,50000546,30016268,79787,40174474,5,-29293368097.0032,-2656910161.30827,106935325895.689
50000546,30016268,50000545,30016266,79787,40174486,3,-530772347574.532,-162812624718.905,121245672556.585
50000547,30016195,50000548,30016244,79787,40173681,5,-756708046629.408,191069552816.123,-823164427558.21
50000548,30016244,50000547,30016195,79787,40174215,3,-549670618048.142,-2668724231956.58,-8948636050951.9
50000549,30016206,50000550,30016262,79787,40173795,3,-41231918168.5139,30343785409.5964,1272704904172.72
50000550,30016262,50000549,30016206,79881,40174437,2,-126198994219.934,-108693240539.91,476203283426.447
50000551,30016152,50000552,30016156,79881,40173228,3,260516806586.016,37146506442.9407,-94527947815.6645
50000552,30016156,50000551,30016152,79787,40173280,5,-1371353467828.52,365442402415.029,279707364871.575
50000553,30016241,50000554,30016243,79881,40174176,2,430986831929.405,88491992235.6073,-466290449844.11
50000554,30016243,50000553,30016241,79881,40174203,4,-87593559893.5968,-330910392524.02,2180997217213.12
50000555,30016258,50000556,30016268,79881,40174394,3,200212541498.044,34802405282.1155,240924556041.619
50000556,30016268,50000555,30016258,79881,40174486,5,146394329184.212,114564980657.458,-537002154950.051
50000557,30016167,50000558,30016168,79787,40173371,3,64352417758.6728,-3155291934.57653,92457643237.8797
50000558,30016168,50000557,30016167,79787,40173382,3,-872144459213.941,23548323054.4303,248260859967.909
50000559,30016179,50000560,30016254,79881,40173540,3,-2232709080663.7,-40790510104.64,-364225828612.253
50000560,30016254,50000559,30016179,79881,40174357,3,-26078836457.2905,3025816674.403,116848007514.405
50000561,30016188,50000562,30016195,79881,40173615,2,-24504387841.7927,-375562798.829122,-144370551379.639
50000562,30016195,50000561,30016188,79787,40173681,3,-331736491604.124,-7781322651.15866,1084714094957.87
50000563,30016195,50000564,30016243,79787,40173681,2,381851671246.181,8956841149.68123,-1248581028819.21
50000564,30016243,50000563,30016195,79881,40174203,2,1870896059089.38,-36621742967.7288,1192677840402.58
50000565,30016155,50000566,30016157,79881,40173266,2,1729212450649.41,-378355537021.789,-1076341375281.98
50000566,30016157,50000565,30016155,79881,40173289,5,-318360131626.92,67516739196.5259,-673519066851.045
50000567,30016149,50000568,30016198,79881,40173168,2,489656689045.895,-11038250126.8633,-307384148811.594
50000568,30016198,50000567,30016149,79881,40173708,3,10217171725.7084,-6145007915.75796,25267989057.5925
50000569,30016198,50000570,30016257,79787,40173708,4,17279459558.0351,7697614743.96426,-20561857795.6295
50000570,30016257,50000569,30016198,79787,40174390,2,-1296509910453.64,-372223117262.72,276154671867.873
50000571,30016179,50000572,30016253,79787,40173540,4,804267275218.43,-122824239181.523,2111251409733.87
50000572,30016253,50000571,30016179,79787,40174355,5,121030163829.061,-196556891146.693,-723638371761.792
50000573,30016168,50000574,30016234,79881,40173382,5,220468495345.42,-37746157557.3968,-879086347293.619
50000574,30016234,50000573,30016168,79787,40174092,4,-376273384117.888,325976113990.555,1791126485276.49
50000575,30001509,50000576,30001515,79787,40015830,2,-130044628996.5,7309376821.36425,301484840312.946
50000576,30001515,50000575,30001509,79787,40015902,4,-84003446660.8791,13122490522.9216,108327686324.974
50000577,30001549,50000578,30001551,79787,40016320,5,563080982361.883,84776618553.5619,-1109851386023.36
50000578,30001551,50000577,30001549,79881,40016337,3,-282835051230.689,57376925628.6986,456169923476.582
50000579,30001515,50000580,30001537,79787,40015902,5,136096892905.961,-8801845040.89987,19074320385.6062
50000580,30001537,50000579,30001515,79881,40016172,3,-599617476060.331,92610436160.8881,-190932568485.608
50000581,30001578,50000582,30001584,79881,40016603,4,-35057391006.3862,5697242150.69543,-51751514258.3619
50000582,30001584,50000581,30001578,79881,40016649,5,-158334330785.278,-5981788480.97738,-34600796721.0992
50000583,30001540,50000584,30001545,79787,40016214,2,-844028965714.0,-26558654455.9219,146194756174.465
50000584,30001545,50000583,30001540,79787,40016243,3,-17565307423.2248,3986000642.59506,17367338827.9422
50000585,30001523,50000586,30001525,79787,40015995,2,-1255399418181.8,-245647334062.163,-626405131872.261
50000586,30001525,50000585,30001523,79787,40016050,5,-838414778983.749,-273124626039.805,-334032210556.447
50000587,30001523,50000588,30001534,79787,40015995,5,-1092484197557.39,30990877396.4414,701085495877.032
50000588,30001534,50000587,30001523,79881,40016159,3,-1914456012086.61,-215002124813.372,752822415865.661
50000589,30001534,50000590,30001537,79881,40016159,5,344637039642.766,-219385944002.312,-2027610525766.51
50000590,30001537,50000589,30001534,79881,40016172,4,131537907069.788,-54552068955.1119,619915241761.161
50000591,30001523,50000592,30001527,79881,40015995,3,1144448978171.14,223937367172.806,571044324786.0
50000592,30001527,50000591,30001523,79787,40016090,3,-393338291790.515,-79876356080.306,254246274740.595
50000593,30001518,50000594,30001522,79787,40015936,5,-1080274635293.25,-287415149330.623,-974558534896.741
50000594,30001522,50000593,30001518,79881,40015973,5,-78900541679.6358,20089146788.4253,23280542008.9695
50000595,30001549,50000596,30001555,79881,40016320,4,672001820700.702,-237055355282.694,1023833813817.32
50000596,30001555,50000595,30001549,79787,40016377,3,-2537428533400.1,-67206122721.4088,945547597575.59
50000597,30001550,50000598,30001554,79881,40016323,2,-1171330104780.99,161473646620.616,2883040733356.16
50000598,30001554,50000597,30001550,79787,40016359,5,-478924890489.005,-327123138202.161,-625987186115.961
50000599,30001558,50000600,30001567,79881,40016425,2,1572060517733.67,99282538346.7197,-345893247305.948
50000600,30001567,50000599,30001558,79881,40016509,3,-213302649686.716,32920021181.9072,-279128268785.16
50000601,30001578,50000602,30001579,79881,40016603,5,-27518315391.748,-3839485018.85287,56282316344.6747
50000602,30001579,50000601,30001578,79787,40016605,5,-62779705174.0034,3571052613.26018,-49566340741.5105
50000603,30001547,50000604,30001555,79881,40016268,2,2606299157053.46,-215536041849.298,-2056819407769.54
50000604,30001555,50000603,30001547,79787,40016377,5,447815265394.845,167774687378.218,-2666164591070.79
50000605,30001534,50000606,30001539,79787,40016159,4,1569818972443.85,434388068815.685,1274788109900.85
50000606,30001539,50000605,30001534,79787,40016208,2,-1888946753879.78,-149167122818.455,-222670580924.943
50000607,30001527,50000608,30001533,79787,40016090,5,-34027260664.037,130556295076.795,-455558571005.246
50000608,30001533,50000607,30001527,79881,40016152,5,-831183787012.569,-105582396164.849,-510867126020.275
50000609,30001514,50000610,30001515,79787,40015899,5,-1278764129167.39,-32128184579.312,-1958933155714.17
50000610,30001515,50000609,30001514,79881,40015902,3,-52093446245.0819,-4320645482.02171,-127402006710.581
50000611,30001529,50000612,30001533,79881,40016119,4,119584812570.032,16110582868.7686,70123123301.6908
50000612,30001533,50000611,30001529,79787,40016152,3,-31034892706.7831,71548297360.9145,978221358998.113
50000613,30001558,50000614,30001569,79787,40016425,5,494141242836.529,-267338619574.25,-1444825858405.08
50000614,30001569,50000613,30001558,79881,40016526,4,-638969113973.397,3064995610.19562,9844130204.97266
50000615,30001542,50000616,30001545,79881,40016228,5,1473989484.86841,-148075672.008125,319770206.92134
50000616,30001545,50000615,30001542,79787,40016243,5,-6241257611.01735,-483379895.644607,-24225311788.8938
50000617,30001519,50000618,30001522,79881,40015947,2,624633093646.029,59535797552.6673,49052272124.3522
50000618,30001522,50000617,30001519,79787,40015973,2,-66425499336.0089,522773473.062447,-61247483299.6939
50000619,30001521,50000620,30001522,79881,40015960,2,260865553096.964,40928224742.3016,3057263542.54858
50000620,30001522,50000619,30001521,79787,40015973,4,16645851432.3538,-19599197883.8583,-80682340104.0129
50000621,30001508,50000622,30001515,79881,40015824,2,-4168580950316.61,747647791307.08,-6151550291225.39
50000622,30001515,50000621,30001508,79787,40015902,2,52191437066.6445,4328772869.0729,127641657342.4
50000623,30001542,50000624,30001547,79787,40016228,3,-474220525.223851,-69747280.7343951,-1437732451.34983
50000624,30001547,50000623,30001542,79881,40016268,3,-2527943177629.24,209056149617.964,1994983030023.58
50000625,30001541,50000626,30001552,79881,40016222,4,-312574168205.79,204381219548.291,3082157757686.6
50000626,30001552,50000625,30001541,79881,40016339,4,-3231687281.39296,538207170.26987,5112761463.34095
50000627,30001519,50000628,30001521,79881,40015947,3,-616478129872.208,-58758521617.0398,-48411864969.7092
50000628,30001521,50000627,30001519,79787,40015960,3,-255499016162.235,-40086247612.1482,-2994369390.65499
50000629,30001541,50000630,30001554,79881,40016222,5,2828903298022.82,31031907042.6481,-1278872115569.9
50000630,30001554,50000629,30001541,79787,40016359,3,-367107895512.728,269568881680.162,721666797449.097
50000631,30001511,50000632,30001513,79787,40015856,3,2033400778348.72,18723920415.6126,-50947380807.8372
50000632,30001513,50000631,30001511,79881,40015873,4,-46198139862.5099,-14373446327.3586,41340339292.5601
50000633,30001511,50000634,30001531,79787,40015856,2,-2292295442884.59,-21107869092.3378,57434053382.9985
50000634,30001531,50000633,30001511,79881,40016141,4,-388493845208.268,106537908781.728,229253690966.628
50000635,30001531,50000636,30001537,79787,40016141,5,410844277359.1,34003331695.0532,211862695605.023
50000636,30001537,50000635,30001531,79787,40016172,5,468079568990.543,-38058367205.7762,-428982673275.554
50000637,30001548,50000638,30001554,79787,40016291,2,-1907570581648.59,207152351197.727,1516961148965.15
50000638,30001554,50000637,30001548,79881,40016359,2,370757018348.398,-272248448025.504,-728840303719.342
50000639,30001540,50000640,30001550,79787,40016214,3,823694206537.124,25918790346.5591,-142672560514.729
50000640,30001550,50000639,30001540,79881,40016323,4,-2924982255445.16,245084803015.943,398720935104.513
50000641,30001508,50000642,30001539,79787,40015824,5,-7409752872858.92,-96415490435.422,500840535857.56
50000642,30001539,50000641,30001508,79787,40016208,5,-1130184545279.3,-97238528013.827,1521675456683.89
50000643,30001514,50000644,30001534,79787,40015899,4,2336004906779.23,-23098592146.4206,-127422750676.94
50000644,30001534,50000643,30001514,79881,40016159,2,1920596680578.49,215691749837.5,-755237113753.675
50000645,30001518,50000646,30001525,79881,40015936,3,-299607518875.15,28232276078.6616,1452171948112.1
50000646,30001525,50000645,30001518,79787,40016050,2,-75723670003.7336,-353985126271.935,-932977015026.027
50000647,30002613,50000648,30002620,79787,40027599,2,-324109858419.198,45534211931.6373,-55046064876.1107
50000648,30002620,50000647,30002613,79881,40027646,5,-147996379523.31,-2252586304.9407,-46265468397.4176
50000649,30002536,50000650,30002540,79881,40026770,4,4225909123.5809,8367432880.55506,-42788665566.4044
50000650,30002540,50000649,30002536,79881,40026849,3,-4234487730642.81,229750313393.195,928483886371.66
50000651,30002538,50000652,30002603,79881,40026813,2,-1311555737007.47,760404638271.256,-792254191459.767
50000652,30002603,50000651,30002538,79881,40027486,3,-507507542933.72,33453487597.5043,109677407398.568
50000653,30002543,50000654,30002547,79881,40026857,4,-21687742540.3311,75336853349.2232,-238482285295.936
50000654,30002547,50000653,30002543,79787,40026913,4,-2013952580023.38,-336961394053.776,379085148147.754
50000655,30002525,50000656,30002535,79787,40026694,4,910458637025.182,40672943411.0325,-118062027737.897
50000656,30002535,50000655,30002525,79787,40026768,4,-4250996259512.45,41484997672.3792,76214534269.1589
50000657,30002525,50000658,30002544,79881,40026694,5,-556471236020.165,-44378821827.9874,-729998728840.265
50000658,30002544,50000657,30002525,79787,40026876,4,-861987073275.064,-157642208880.414,192636514813.017
50000659,30002518,50000660,30002522,79881,40026604,5,-1441947313119.55,114734803965.372,-720964524111.12
50000660,30002522,50000659,30002518,79787,40026668,2,-61792715543.2546,3385597866.61393,-14597571970.5156
50000661,30002432,50000662,30002437,79881,40025832,4,317819487504.303,-19154332513.8272,723802731250.821
50000662,30002437,50000661,30002432,79881,40025869,4,-472461223645.202,4975576876.25749,54308278835.6616
50000663,30002518,50000664,30002578,79787,40026604,2,-120497256897.853,-111605033935.122,-1776616628029.74
50000664,30002578,50000663,30002518,79881,40027194,3,-252506412564.087,-40753777146.983,45804135691.3034
50000665,30002528,50000666,30002600,79881,40026725,4,-241318501345.049,-33131300951.5474,-218047005603.894
50000666,30002600,50000665,30002528,79881,40027448,3,-62057180825.7609,3424633107.24822,-6749113544.43059
50000667,30002426,50000668,30002430,79881,40025778,5,-15458949739.7912,15010720037.7904,-244309175964.84
50000668,30002430,50000667,30002426,79881,40025819,4,-666290495791.254,-90017835202.0759,345226185829.864
50000669,30002540,50000670,30002545,79881,40026849,5,1314965277935.14,-59750341776.1425,-4136792246318.78
50000670,30002545,50000669,30002540,79787,40026896,3,-791804751101.043,199769894915.76,-122663836640.37
50000671,30002422,50000672,30002571,79881,40025725,3,-927600457953.837,-224467922884.906,1455292842861.66
50000672,30002571,50000671,30002422,79787,40027132,2,-16267469052.5662,-1444029557.14522,-2127130658.02772
50000673,30002433,50000674,30002437,79787,40025843,3,-1162968487249.0,-165448022996.179,258890858229.672
50000674,30002437,50000673,30002433,79881,40025869,2,-189521893984.409,3286265412.62046,437109403753.116
50000675,30002430,50000676,30002431,79881,40025819,5,632659315813.114,59377352459.7604,409199065185.407
50000676,30002431,50000675,30002430,79881,40025822,3,-10420608044.7412,-2044129232.7989,-9778126379.66979
50000677,30002458,50000678,30002489,79787,40026066,2,217395512151.412,-27088773280.5098,-32209701434.8909
50000678,30002489,50000677,30002458,79881,40026378,5,-1593826023164.44,-459056841722.352,-672213288387.042
50000679,30002458,50000680,30002516,79787,40026066,3,-216611099441.5,26991030793.3404,32093481468.1678
50000680,30002516,50000679,30002458,79881,40026584,4,-48049249280.5142,1442568467.26152,49587005547.4167
50000681,30002426,50000682,30002428,79881,40025778,3,-201980289614.243,-39240724636.5465,133474351248.0
50000682,30002428,50000681,30002426,79787,40025788,5,-272611417918.225,39817798713.4953,282197454.041323
50000683,30002479,50000684,30002547,79787,40026275,5,77421880734.5812,-6957036501.00383,-142572515129.176
50000684,30002547,50000683,30002479,79787,40026913,2,-661204401217.071,-472678220986.907,2012501723049.28
50000685,30002536,50000686,30002537,79881,40026770,3,34278130445.8964,5065865560.27699,26797181216.3942
50000686,30002537,50000685,30002536,79881,40026779,5,-1621602485118.27,154905239156.784,-479154509888.88
50000687,30002601,50000688,30002620,79787,40027452,5,29817664227.2272,-228110992.778343,-18230260829.5618
50000688,30002620,50000687,30002601,79787,40027646,2,-34544870249.0047,1116127440.1894,-153898224649.978
50000689,30002603,50000690,30002604,79787,40027486,5,167925453088.237,89222473317.3139,-484306275120.384
50000690,30002604,50000689,30002603,79881,40027497,4,-2389168999596.48,223920329455.761,2149389153269.35
50000691,30002544,50000692,30002545,79787,40026876,2,-268966077653.29,-97147142259.1329,886776201246.525
50000692,30002545,50000691,30002544,79881,40026896,4,286694892318.431,-98771528373.6098,768088156074.182
50000693,30002535,50000694,30002544,79787,40026768,2,-2070933886344.05,143643464904.966,3740461575038.8
50000694,30002544,50000693,30002535,79787,40026876,3,258995677512.214,93545959948.9451,-853903975725.92
50000695,30002487,50000696,30002491,79787,40026361,3,-407932806828.135,337446537131.716,2427596548012.18
50000696,30002491,50000695,30002487,79787,40026398,3,-1103618626427.93,243257926577.087,-1219726024328.2
50000697,30002428,50000698,30002432,79881,40025788,2,-147418654220.023,18053431357.2537,-256544755525.701
50000698,30002432,50000697,30002428,79881,40025832,3,-784487737035.684,49207586495.3273,-86163291079.3899
50000699,30002522,50000700,30002578,79881,40026668,3,61296926723.9115,-3358433797.93201,14480449540.9718
50000700,30002578,50000699,30002522,79787,40027194,5,88292680831.3651,6754473048.54603,-244289085285.457
50000701,30002431,50000702,30002432,79787,40025822,5,13516404028.8316,2670612923.26373,-4307428534.84369
50000702,30002432,50000701,30002431,79881,40025832,5,466668249531.381,-30053253981.5001,-637639440171.431
50000703,30002513,50000704,30002515,79881,40026570,5,85476967159.518,1292260780.63654,41411613480.4815
50000704,30002515,50000703,30002513,79881,40026582,4,-954158368821.09,102716176217.964,-87788128679.1537
50000705,30002528,50000706,30002616,79881,40026725,5,-66536076139.4513,-8267632919.17813,319970929405.885
50000706,30002616,50000705,30002528,79787,40027613,3,-52085289526.5245,-9796974511.22937,-24740602893.5678
50000707,30002501,50000708,30002504,79881,40026498,3,4675140694592.72,1424862852907.01,-2050104424469.9
50000708,30002504,50000707,30002501,79881,40026511,4,-310526771822.194,-36884951819.4723,-125364920012.409
50000709,30002501,50000710,30002513,79787,40026498,2,-4703226878990.39,-1433422800819.26,2062420548125.12
50000710,30002513,50000709,30002501,79881,40026570,4,-78352028679.2102,-8374368405.89519,53044633464.9025
50000711,30002525,50000712,30002601,79881,40026694,2,356590861582.45,-3733133930.38817,-854297963723.814
50000712,30002601,50000711,30002525,79787,40027452,3,-30660453212.9242,1875941504.36681,-16670482799.1521
50000713,30002600,50000714,30002604,79787,40027448,4,25331329279.3614,1018832598.27911,57145936641.8411
50000714,30002604,50000713,30002600,79881,40027497,3,-670218443876.913,-91053218581.8188,-3149707780674.5
50000715,30002520,50000716,30002522,79787,40026652,2,1065844702171.47,323795812395.057,957641463782.48
50000716,30002522,50000715,30002520,79881,40026668,5,-43142345642.4761,2862671728.13255,45921877632.8055
50000717,30002537,50000718,30002538,79881,40026779,2,-441402204961.892,67969934077.0356,-1841276982949.12
50000718,30002538,50000717,30002537,79881,40026813,5,-1374577137531.36,473622952900.82,889916671360.795
50000719,30002458,50000720,30002515,79787,40026066,5,79815461166.2139,-17533309908.3652,-204941335263.953
50000720,30002515,50000719,30002458,79787,40026582,2,-556264940926.773,32353153821.8525,787765702794.865
50000721,30002489,50000722,30002520,79881,40026378,2,-187677289649.396,-277238908348.742,-1790645909698.32
50000722,30002520,50000721,30002489,79787,40026652,3,-1058644153458.74,-321608338445.636,-951171905886.057
50000723,30002422,50000724,30002425,79881,40025725,4,1737667539596.42,58607244791.3732,76042285445.0839
50000724,30002425,50000723,30002422,79881,40025767,4,-396959116383.024,4616393078.25925,-129956788435.597
50000725,30022734,50000726,30022738,79787,40241282,4,3854445855.83778,-322253792.539244,7688889561.87009
50000726,30022738,50000725,30022734,79787,40241313,2,-68574034321.9577,-13433233939.3944,-14045369415.2518
50000727,30022701,50000728,30022735,79881,40240973,4,-477761569840.561,279524378241.533,2568864590402.0
50000728,30022735,50000727,30022701,79787,40241288,3,-317983709763.201,-35330407179.6979,-239838241541.463
50000729,30022754,50000730,30022755,79787,40241531,2,-492682797027.379,9152645264.47979,139614201770.882
50000730,30022755,50000729,30022754,79787,40241533,3,-678710372809.812,14236306862.2447,-1080316759.83861
50000731,30022724,50000732,30022730,79881,40241204,5,-95039495304.0895,1190746649.44752,400094801652.645
50000732,30022730,50000731,30022724,79881,40241247,5,-22641343291.5986,1658981924.67845,-38404601696.1443
50000733,30022743,50000734,30022752,79787,40241383,5,2384400071784.06,16962931725.069,589738954101.09
50000734,30022752,50000733,30022743,79881,40241500,3,-6373804457.95864,173478579.387703,-1654799976.84041
50000735,30022700,50000736,30022704,79787,40240959,5,-11779428826.0649,1464742070.7553,-6774223570.88002
50000736,30022704,50000735,30022700,79881,40241029,4,-3871053567297.82,-1121345781641.07,3687795254885.1
50000737,30022754,50000738,30022757,79881,40241531,4,-367053389904.964,-32552754160.296,-354838266156.177
50000738,30022757,50000737,30022754,79881,40241552,4,-2205380878847.85,-216435781461.393,-911708600373.715
50000739,30022755,50000740,30022756,79787,40241533,4,336135477523.178,-116786917130.562,578122276351.998
50000740,30022756,50000739,30022755,79787,40241545,3,-6424281864052.05,291064005268.578,-2499555955176.81
50000741,30022741,50000742,30022748,79787,40241352,3,751129114631.181,44355410197.1152,-259989584238.952
50000742,30022748,50000741,30022741,79881,40241445,5,-1143376150608.24,410086573061.035,-479185992795.626
50000743,30022741,50000744,30022750,79787,40241352,5,-155095525872.589,49880337807.8826,779239541429.717
50000744,30022750,50000743,30022741,79881,40241489,2,-1311052969596.91,39607499700.1275,-623995009651.872
50000745,30022744,50000746,30022751,79881,40241407,4,-575029731457.427,-3200529848.47386,350646152004.828
50000746,30022751,50000745,30022744,79881,40241495,5,-168670134011.305,-4795109856.63936,-50847035156.9605
50000747,30022736,50000748,30022756,79881,40241298,5,-7639385732.78545,20847305384.3753,-200740682701.084
50000748,30022756,50000747,30022736,79787,40241545,4,1062157296387.8,189935469524.181,6814663754886.06
50000749,30022703,50000750,30022707,79787,40241004,5,18285071976.8864,-2615671568.33855,14686617860.473
50000750,30022707,50000749,30022703,79787,40241048,4,-647899212140.443,-22926157026.2444,201320734090.62
50000751,30022727,50000752,30022728,79881,40241220,4,-30188503154.4581,-7000511635.36695,36318116545.1882
50000752,30022728,50000751,30022727,79787,40241226,3,-100071594698.228,2282550122.69035,-39282870665.848
50000753,30022746,50000754,30022750,79881,40241438,5,-52988294124.7353,-8325112727.06912,-20701604933.9432
50000754,30022750,50000753,30022746,79787,40241489,5,-1188848263201.38,-86866301275.1392,812999475161.262
50000755,30022704,50000756,30022707,79881,40241029,3,-1107796477767.68,-409913279844.675,-5333578910234.56
50000756,30022707,50000755,30022704,79787,40241048,2,-151361398757.82,26482177291.4646,662488035920.924
50000757,30022727,50000758,30022730,79881,40241220,5,46062387531.0013,9089702036.25833,8659806411.77444
50000758,30022730,50000757,30022727,79787,40241247,3,-21961054051.8103,-795528129.934381,38824931660.4919
50000759,30022740,50000760,30022745,79881,40241334,3,-653322843710.53,-115512890322.004,-323364655980.631
50000760,30022745,50000759,30022740,79881,40241434,2,-1828461417500.43,-436257935145.864,178551400066.423
50000761,30022742,50000762,30022748,79787,40241359,4,-155108031814.183,-183156628890.999,1127689773840.13
50000762,30022748,50000761,30022742,79881,40241445,2,-117968761460.211,265981633003.496,-1281825360794.05
50000763,30022722,50000764,30022724,79787,40241181,2,-1023028029889.78,-85187875250.5855,-3505141507226.0
50000764,30022724,50000763,30022722,79881,40241204,2,-395056823877.942,3208372206.73064,118050367709.618
50000765,30022748,50000766,30022752,79787,40241445,4,1026182855066.61,-145853366410.5,-794213307840.06
50000766,30022752,50000765,30022748,79881,40241500,4,1758186327.48458,80474901.8970109,6347924517.28608
50000767,30022734,50000768,30022737,79787,40241282,5,4721924382.78509,-206582549.106516,-7193078397.36855
50000768,30022737,50000767,30022734,79881,40241309,5,-599761141497.557,-21143014520.5177,8626464655.98212
50000769,30022743,50000770,30022749,79787,40241383,4,-1701927044828.6,-95692078210.9673,1768539181813.46
50000770,30022749,50000769,30022743,79787,40241460,4,-1750828523633.78,54317495486.5557,-33480723796.8322
50000771,30022732,50000772,30022758,79787,40241271,2,-205053520511.045,-4928281997.01667,-526424981086.584
50000772,30022758,50000771,30022732,79881,40241569,2,-5250689345326.76,528574849153.103,1231546101147.27
50000773,30022736,50000774,30022737,79787,40241298,2,170639706363.446,32953260232.8088,-105290871479.386
50000774,30022737,50000773,30022736,79881,40241309,2,-307688273133.955,-20151882431.5585,-516459073413.492
50000775,30022746,50000776,30022747,79787,40241438,2,-9227161527.84223,-1286130661.13304,-59510522598.2861
50000776,30022747,50000775,30022746,79787,40241441,3,-13776072487.3721,-3898461659.70007,-4165982027.74348
50000777,30022737,50000778,30022738,79787,40241309,4,292742568754.143,1034993765.57458,-523961436589.621
50000778,30022738,50000777,30022737,79787,40241313,5,-44203639604.4241,-18274143503.0061,52704573113.1866
50000779,30022743,50000780,30022751,79787,40241383,3,-682473026955.46,78729146485.8984,-2358278135914.55
50000780,30022751,50000779,30022743,79787,40241495,2,-40950592440.0322,8778184630.02266,-172341869235.913
50000781,30022736,50000782,30022739,79881,40241298,4,177242346278.534,11905742626.7066,96089520894.0497
50000782,30022739,50000781,30022736,79787,40241323,5,-997847066957.31,444785580685.593,-1356541092155.8
50000783,30022744,50000784,30022752,79787,40241407,3,-16163242718.7787,3545908598.00793,-673311469889.035
50000784,30022752,50000783,30022744,79881,40241500,5,4615618130.47406,-253953481.284714,-4693124540.44567
50000785,30022732,50000786,30022735,79881,40241271,3,204021591016.171,4903480474.27714,523775753394.868
50000786,30022735,50000785,30022732,79787,40241288,4,-38111481375.0117,-62645100370.8694,393074249778.433
50000787,30022741,50000788,30022747,79881,40241352,2,-755310594899.822,-44602333487.5775,261436927039.771
50000788,30022747,50000787,30022741,79787,40241441,4,2475992054.54273,4983058074.11997,13833733347.1754
50000789,30022743,50000790,30022744,79881,40241383,2,685071779777.745,-79028935024.8521,2367258098080.65
50000790,30022744,50000789,30022743,79787,40241407,2,17755774494.2974,-3895279835.80119,739651493934.688
50000791,30022740,50000792,30022741,79787,40241334,4,37431890265.5955,102973966416.308,729886212031.482
50000792,30022741,50000791,30022740,79881,40241352,4,-596033588758.592,-94235748004.9978,-519249957190.765
50000793,30022732,50000794,30022737,79787,40241271,4,350609511103.198,-36450801123.1527,-437874643462.43
50000794,30022737,50000793,30022732,79787,40241309,3,307018572743.414,20108020754.9431,515334971933.639
50000795,30022745,50000796,30022749,79787,40241434,3,1682187620001.61,401358043766.143,-164267592332.515
50000796,30022749,50000795,30022745,79881,40241460,2,-1004308295690.89,-224435975164.076,1633845647009.63
50000797,30022756,50000798,30022758,79881,40241545,2,6634716555723.57,-300598139277.875,2581431766026.05
50000798,30022758,50000797,30022756,79787,40241569,4,-3542385433414.83,1043806647007.52,-3836005347489.36
50000799,30022732,50000800,30022739,79787,40241271,5,-554631102119.369,31547320648.8756,-85901109932.4381
50000800,30022739,50000799,30022732,79787,40241323,3,-717862775182.325,-233484109812.31,1569679879147.68
50000801,30022740,50000802,30022752,79787,40241334,5,615890953444.934,12538923905.6963,-406521556050.851
50000802,30022752,50000801,30022740,79787,40241500,2,6395338500.62868,-174064680.69588,1660390756.02837
50000803,30022724,50000804,30022728,79881,40241204,4,-298962958598.149,2009062709.81107,-282359499411.614
50000804,30022728,50000803,30022724,79787,40241226,4,16222094776.8076,5412290056.12904,106161333759.798
50000805,30004106,50000806,30004111,79881,40042838,5,21185164103.0303,11862714255.2096,-244491743789.551
50000806,30004111,50000805,30004106,79787,40042863,3,-2205153386625.92,133183434291.31,-1346712457938.99
50000807,30004036,50000808,30004052,79881,40042171,4,2703515261900.35,396577729570.106,-337606197328.633
50000808,30004052,50000807,30004036,79787,40042344,3,-2238187668585.34,197291572545.897,1874043932486.56
50000809,30004002,50000810,30004004,79881,40041807,5,-400314787451.708,-24806653426.2137,-48945246489.5338
50000810,30004004,50000809,30004002,79787,40041819,3,-2796542835216.3,-76095152647.6579,-1323557240369.92
50000811,30004039,50000812,30004052,79787,40042217,5,40074792861.2009,16335436547.6376,213742044159.593
50000812,30004052,50000811,30004039,79787,40042344,5,-482327933111.634,187252215452.678,-2879712665882.33
50000813,30004002,50000814,30004012,79787,40041807,2,-160397992410.514,22092047724.4342,-371298038494.865
50000814,30004012,50000813,30004002,79881,40041910,4,-756182625113.987,12911567305.5523,261562764021.74
50000815,30004038,50000816,30004046,79881,40042202,5,73435447350.9452,1654671280.40383,326966798850.098
50000816,30004046,50000815,30004038,79881,40042283,3,-110241745318.66,-24958735061.9196,91444182880.3302
50000817,30004034,50000818,30004039,79787,40042122,3,-88861397440.6066,31551840598.6871,-42261999770.4334
50000818,30004039,50000817,30004034,79881,40042217,4,-205118050462.899,9152130851.19433,-73493678821.8793
50000819,30003998,50000820,30004014,79881,40041756,4,-3412445080699.11,567049731896.052,-1154092001861.46
50000820,30004014,50000819,30003998,79881,40041916,5,-16324396795.1245,-951588998.242143,-14387552327.7586
50000821,30004009,50000822,30004014,79787,40041882,3,-749445935542.79,-26581686852.4909,-366341069681.742
50000822,30004014,50000821,30004009,79881,40041916,3,-4068661446.54714,-2404466232.22755,21261647407.9903
50000823,30004004,50000824,30004056,79881,40041819,5,2546374097383.75,-83532971610.5314,-1757056421637.83
50000824,30004056,50000823,30004004,79881,40042383,2,-1252619599026.77,8613559363.08371,-180990626588.745
50000825,30004060,50000826,30004064,79787,40042435,3,267899643324.684,18226470862.1735,779129363789.021
50000826,30004064,50000825,30004060,79787,40042469,5,-621857021655.72,12096746400.8321,-16895081301.0903
50000827,30004034,50000828,30004038,79881,40042122,5,82907669804.579,-15632480219.7956,-59664789236.2919
50000828,30004038,50000827,30004034,79881,40042202,4,-304323654229.946,94353698798.7933,-103861847730.909
50000829,30004004,50000830,30004015,79787,40041819,4,250168737832.551,159628124258.189,3080613662007.75
50000830,30004015,50000829,30004004,79881,40041937,3,-1803863047430.04,-341635594142.001,1934306598488.25
50000831,30003956,50000832,30003961,79881,40041313,2,1244588274455.35,-41432988904.53,-1663456137975.72
50000832,30003961,50000831,30003956,79787,40041371,3,-1331929338279.45,-113352103542.785,-1272668242981.16
50000833,30004009,50000834,30004106,79881,40041882,4,57392000954.5156,110076239736.25,825330815724.858
50000834,30004106,50000833,30004009,79881,40042838,3,-221657665303.067,14733405349.8596,104959773856.554
50000835,30004012,50000836,30004013,79787,40041910,2,-151655938823.209,10796162461.1944,786615704945.536
50000836,30004013,50000835,30004012,79787,40041912,3,-96374893794.018,-12975591290.7176,-64633412089.1773
50000837,30004006,50000838,30004037,79787,40041855,5,-402344484469.713,-18638264772.8116,-650679257590.017
50000838,30004037,50000837,30004006,79787,40042183,4,-2371263424214.8,-530852298146.264,323787985662.348
50000839,30004006,50000840,30004041,79881,40041855,3,-362486293291.925,30268904192.8007,673275163636.149
50000840,30004041,50000839,30004006,79787,40042242,4,-1044859735558.54,-351992992238.625,1539673654972.01
50000841,30004096,50000842,30004105,79787,40042738,5,301932148871.945,-7487074492.28721,120981831795.595
50000842,30004105,50000841,30004096,79881,40042831,3,-216827181091.045,19682596616.1232,126666068904.366
50000843,30004095,50000844,30004105,79787,40042731,4,500549709916.44,-22990791496.1225,-170555719657.531
50000844,30004105,50000843,30004095,79881,40042831,5,364558893.49763,11567913957.1094,-251618311226.79
50000845,30004085,50000846,30004091,79881,40042638,2,-1223446495389.08,-985624251200.876,-2652626286169.52
50000846,30004091,50000845,30004085,79787,40042701,3,-192593918686.958,-3487307036.34509,-234438521591.87
50000847,30004046,50000848,30004090,79787,40042283,5,-24425959761.9695,6839833284.46147,-143160080398.811
50000848,30004090,50000847,30004046,79787,40042687,2,-1872540446661.12,120411338906.888,-933208619579.353
50000849,30004015,50000850,30004107,79881,40041937,5,-797313758365.561,336462430807.553,-2522550810865.78
50000850,30004107,50000849,30004015,79881,40042843,4,-1133713313142.45,-7950760503.98051,1126785128517.49
50000851,30004039,50000852,30004041,79881,40042217,3,165043257601.699,-25487567398.832,-140248365337.714
50000852,30004041,50000851,30004039,79787,40042242,3,-700953993170.55,-358650444057.116,-1722283152047.69
50000853,30004105,50000854,30004107,79787,40042831,2,231755397512.593,-21037712983.6607,-135386832050.187
50000854,30004107,50000853,30004105,79881,40042843,3,-408992146636.523,10531549866.5378,-1545195239212.26
50000855,30003956,50000856,30004002,79881,40041313,4,2047390325082.7,-182846324438.062,243564169452.502
50000856,30004002,50000855,30003956,79881,40041807,3,159999198487.672,-22037120762.7981,370374888528.399
50000857,30003998,50000858,30004013,79881,40041756,2,-2827980301103.59,-674505029841.898,2235918474785.3
50000858,30004013,50000857,30003998,79881,40041912,4,-7448122823.97271,253457735.165425,116526500449.541
50000859,30004060,50000860,30004095,79881,40042435,5,-808834212270.64,4645485022.98668,-157831001965.084
50000860,30004095,50000859,30004060,79881,40042731,5,-398610921654.13,-1993003350.21204,-348243023152.855
50000861,30004038,50000862,30004094,79881,40042202,3,230888206879.001,-96008370079.1971,-223104951119.189
50000862,30004094,50000861,30004038,79881,40042718,5,-84391509923.0421,-3613923399.99663,33522432111.1055
50000863,30004015,50000864,30004056,79787,40041937,2,1812654678285.37,343300650718.783,-1943733982456.87
50000864,30004056,50000863,30004015,79787,40042383,5,-775627597841.019,-32730703800.0227,984035574515.6
50000865,30003956,50000866,30004006,79787,40041313,3,-1239788438076.56,41273199863.039,1657040910185.57
50000866,30004006,50000865,30003956,79787,40041855,2,363452249257.36,-30349564976.707,-675069311919.073
50000867,30003998,50000868,30004008,79787,40041756,5,600646942037.716,-1237695134442.56,3377216188103.68
50000868,30004008,50000867,30003998,79787,40041878,3,-22989327638.396,955239619.635862,-14076407546.5123
50000869,30004034,50000870,30004041,79881,40042122,2,88984071912.3735,-31595398380.696,42320343085.382
50000870,30004041,50000869,30004034,79881,40042242,2,702691098441.465,359539252142.751,1726551316821.1
50000871,30004056,50000872,30004060,79881,40042383,3,1240482501997.01,-8530099383.81904,179236941113.849
50000872,30004060,50000871,30004056,79787,40042435,2,-310938431757.256,-21154601760.6489,-904298563096.538
50000873,30004008,50000874,30004010,79787,40041878,2,23233348712.1928,-965379046.129028,14225822098.2874
50000874,30004010,50000873,30004008,79787,40041887,3,-79846642656.3138,-13181187554.4236,28244256187.837
50000875,30004056,50000876,30004064,79787,40042383,4,-464854904155.996,41260803183.8418,-1163272515629.45
50000876,30004064,50000875,30004056,79787,40042469,2,-297002405431.708,103234836133.033,-542639709975.037
50000877,30004077,50000878,30004091,79787,40042554,5,-105629232561.905,-15842364545.5246,-132773565571.556
50000878,30004091,50000877,30004077,79787,40042701,4,-106713878837.415,-1077554420.2775,284036945082.31
50000879,30003997,50000880,30004000,79881,40041745,3,1240942686321.29,369032811250.864,-785112024561.226
50000880,30004000,50000879,30003997,79787,40041792,2,-323003070696.828,-47015889532.43,-26902753934.1935
50000881,30004036,50000882,30004077,79787,40042171,2,1132885968698.2,-42548103770.4993,-2620577268943.23
50000882,30004077,50000881,30004036,79787,40042554,3,-62173205911.3391,1349035110.31969,158650583268.931
50000883,30004089,50000884,30004091,79787,40042675,3,363984782136.236,-116135974007.45,97456609621.2689
50000884,30004091,50000883,30004089,79881,40042701,2,199118126054.336,3605441162.35462,242380234083.079
50000885,30004039,50000886,30004090,79881,40042217,2,-166097197716.346,25650326969.2425,141143969195.703
50000886,30004090,50000885,30004039,79787,40042687,5,-1575285769673.81,60901562836.285,1045059207251.52
50000887,30004036,50000888,30004089,79881,40042171,5,-1611124458335.06,-437604945505.568,-2189298175858.52
50000888,30004089,50000887,30004036,79787,40042675,2,-365989563016.701,116775635860.503,-97993387962.6517
50000889,30004077,50000890,30004089,79787,40042554,2,68201507007.4217,-1479837273.64694,-174033310779.847
50000890,30004089,50000889,30004077,79881,40042675,5,-259466181183.066,92805199929.9149,282019099588.2
50000891,30004010,50000892,30004013,79787,40041887,5,20185180082.5173,-17909612301.4706,-81355837827.9119
50000892,30004013,50000891,30004010,79881,40041912,2,96499435960.3465,12992359228.7679,64716935762.6352
50000893,30022909,50000894,30022910,79787,40243104,5,4683904256.12028,-94066911.4925233,-828712714.968765
50000894,30022910,50000893,30022909,79787,40243107,3,-13158847866.4463,1256750215.84106,-3171186417.91934
50000895,30022935,50000896,30022938,79787,40243366,4,17711900683.8945,103799855.370288,-34314942329.7996
50000896,30022938,50000895,30022935,79787,40243395,4,-208416964311.115,-10016134229.3899,-79095650685.3384
50000897,30022929,50000898,30022937,79881,40243301,4,-122497673881.146,-35786001070.3996,113391385091.791
50000898,30022937,50000897,30022929,79787,40243390,3,-1028192528334.84,-574571789821.206,-1076952211402.64
50000899,30022942,50000900,30022943,79787,40243445,4,-176026956115.877,84532869311.3548,-480266455454.469
50000900,30022943,50000899,30022942,79787,40243457,4,-444984158821.409,-8505464447.67481,245668200626.025
50000901,30022910,50000902,30022941,79881,40243107,2,13718547053.5063,-1310204901.3335,3306069842.2236
50000902,30022941,50000901,30022910,79787,40243428,3,-202350954228.708,-28325366414.833,130106735970.596
50000903,30022929,50000904,30022930,79881,40243301,3,-28884179400.2979,-22340862221.1416,-166764847157.68
50000904,30022930,50000903,30022929,79881,40243320,4,-318097206130.496,32729638750.0198,206492072916.559
50000905,30022906,50000906,30022909,79787,40243080,4,-555100114919.956,-183526197941.164,475379013644.128
50000906,30022909,50000905,30022906,79787,40243104,3,-3059376355.94997,67251487.2104459,-3642837627.23685
50000907,30022944,50000908,30022957,79787,40243463,4,750117255981.507,-28950626657.3878,-566931365772.721
50000908,30022957,50000907,30022944,79881,40243609,5,-73875346430.4997,-5321286545.58738,-72462609021.9672
50000909,30022908,50000910,30022937,79787,40243101,3,557893569915.933,-42651938045.6655,21251555718.6799
50000910,30022937,50000909,30022908,79787,40243390,4,-494122040119.728,320495155517.913,1483329008475.34
50000911,30022936,50000912,30022937,79787,40243377,3,-281837233066.543,53247780866.0105,-82863630127.8357
50000912,30022937,50000911,30022936,79787,40243390,2,1071208002925.87,598609581912.345,1122007596662.41
50000913,30022925,50000914,30022957,79881,40243265,4,-479628320902.866,53140893841.8692,1859397862000.77
50000914,30022957,50000913,30022925,79881,40243609,3,-25097287049.4306,-7706155567.18937,100236988961.809
50000915,30022960,50000916,30022962,79881,40243626,4,15554984374.8325,1679091129.72078,-4741774677.84796
50000916,30022962,50000915,30022960,79881,40243653,4,-772220434025.466,-14168649184.4575,23922565452.4652
50000917,30022906,50000918,30022936,79881,40243080,3,-129101083355.115,14829470487.6783,-742237298045.404
50000918,30022936,50000917,30022906,79787,40243377,4,61452157582.9224,-70483191021.5035,283530748631.523
50000919,30022927,50000920,30022931,79787,40243294,2,1565886028556.97,119563818407.435,145478782481.699
50000920,30022931,50000919,30022927,79881,40243322,5,-1221387206360.31,-7203822578.47255,-419537896904.265
50000921,30022908,50000922,30022927,79787,40243101,2,-559321173638.912,42761080844.274,-21305936700.464
50000922,30022927,50000921,30022908,79881,40243294,3,-1561547494312.28,-119232547988.562,-145075710567.036
50000923,30022921,50000924,30022924,79787,40243206,3,2173909783059.89,33592635051.8256,285227891896.697
50000924,30022924,50000923,30022921,79881,40243241,5,-257771820761.247,-6833108566.85868,-48740672624.997
50000925,30022927,50000926,30022940,79881,40243294,4,643483942812.068,220436601303.181,1418107915300.62
50000926,30022940,50000925,30022927,79787,40243425,5,-167503224963.235,7680819250.01749,-107324288412.247
50000927,30022906,50000928,30022911,79881,40243080,2,134566601449.404,-15457278846.6228,773660050490.978
50000928,30022911,50000927,30022906,79787,40243110,5,-25444718802.6536,2577771085.32438,-9196228490.60744
50000929,30022925,50000930,30022961,79787,40243265,2,1310602934614.34,501060283391.289,1318256513012.87
50000930,30022961,50000929,30022925,79881,40243642,3,-175057293696.069,-21002620141.4143,117109180899.392
50000931,30022958,50000932,30022960,79787,40243611,4,-602390696547.742,101569452884.723,1993303987252.59
50000932,30022960,50000931,30022958,79787,40243626,5,-11731853489.0361,-2357447223.5543,-11138553286.6085
50000933,30022935,50000934,30022937,79787,40243366,5,-37823265758.7584,7461351392.84986,2228512974.68613
50000934,30022937,50000933,30022935,79787,40243390,5,1522314568454.57,254076634303.294,-406376797072.7
50000935,30022906,50000936,30022940,79787,40243080,5,684201198275.071,168696727453.485,266858284401.276
50000936,30022940,50000935,30022906,79881,40243425,3,-9384649636.82695,-8727974302.4286,198672038939.557
50000937,30022930,50000938,30022931,79881,40243320,3,-17854184470.4625,10867144348.4931,-380077848931.92
50000938,30022931,50000937,30022930,79787,40243322,2,-259130802315.513,18717409339.5148,-1326736976031.9
50000939,30022928,50000940,30022943,79787,40243296,5,-15135651043.7354,-4046358086.11758,73069390444.3449
50000940,30022943,50000939,30022928,79881,40243457,2,-10401571086.6265,19958506092.7308,508794479476.134
50000941,30022958,50000942,30022962,79881,40243611,2,1432066159126.66,69538506993.2475,1523157165744.5
50000942,30022962,50000941,30022958,79787,40243653,2,-366876741632.432,11289731645.5598,682723528932.828
50000943,30022927,50000944,30022928,79881,40243294,5,918063551500.208,-101204053314.619,-1273032204733.58
50000944,30022928,50000943,30022927,79881,40243296,2,-70931376316.8082,7350860783.17889,24227395226.4107
50000945,30022942,50000946,30022944,79881,40243445,3,504641121603.405,-88532197680.343,79287778812.2275
50000946,30022944,50000945,30022942,79881,40243463,5,-866596519012.675,-4081293308.35956,-365949485970.467
50000947,30022907,50000948,30022909,79881,40243087,4,-723597201708.428,-95757467054.5668,-257062839575.559
50000948,30022909,50000947,30022907,79787,40243104,4,-1624527900.17031,26815424.2820775,4471550342.20561
50000949,30022924,50000950,30022925,79787,40243241,2,-86962342123.1616,-3079914289.53496,-248520256259.554
50000950,30022925,50000949,30022924,79881,40243265,3,-1307715504512.82,-499956381891.658,-1315352221074.66
50000951,30022910,50000952,30022944,79881,40243107,4,3982857222.3209,900595086.694918,12965990066.7446
50000952,30022944,50000951,30022910,79881,40243463,2,-116656672973.784,-33082230989.9857,-934301725588.615
50000953,30022961,50000954,30022962,79881,40243642,5,-14670758373.0922,14078298516.8796,-210682929397.592
50000954,30022962,50000953,30022961,79881,40243653,3,365733126450.328,-11254539694.0223,-680595367334.485
50000955,30022907,50000956,30022936,79881,40243087,3,596522181598.837,-71376058168.7747,-487760649795.036
50000956,30022936,50000955,30022907,79881,40243377,5,220385075483.621,17235410155.493,-200667118503.688
50000957,30022928,50000958,30022940,79787,40243296,4,-55245466179.3087,11340193640.0824,-49029942290.6374
50000958,30022940,50000957,30022928,79881,40243425,2,9436792477.52598,8776468534.10358,-199775897355.019
50000959,30022942,50000960,30022957,79787,40243445,2,-505278535619.835,88644023017.7777,-79387927490.9279
50000960,30022957,50000959,30022942,79881,40243609,2,25188707434.2502,7734226318.66319,-100602116239.749
50000961,30022907,50000962,30022911,79787,40243087,2,-602815591406.868,72129087642.6058,492906607065.5
50000962,30022911,50000961,30022907,79881,40243110,2,-4709022627.35395,1545585780.38698,-26776251156.1845
50000963,30022941,50000964,30022943,79881,40243428,5,-9720259054.66297,-6190036754.9265,-241957016458.727
50000964,30022943,50000963,30022941,79881,40243457,3,10382660925.1883,-19922221326.7916,-507869485966.439
50000965,30022935,50000966,30022936,79787,40243366,3,20111365074.8639,-7565151248.22015,32086429355.1135
50000966,30022936,50000965,30022935,79881,40243377,2,311739682077.883,-58897279461.3112,91655319741.8446
50000967,30022907,50000968,30022938,79881,40243087,5,127075020109.591,167133525223.341,744823489370.595
50000968,30022938,50000967,30022907,79787,40243395,2,-173907865417.459,10969780266.9352,140821796281.025
50000969,30022931,50000970,30022932,79881,40243322,4,973849373308.043,25083854233.7383,-847843646094.936
50000970,30022932,50000969,30022931,79881,40243341,3,-1697487640590.04,23029392289.3808,-455978364727.308
50000971,30022911,50000972,30022938,79881,40243110,3,4699862412.10543,-1542579233.26377,26724164716.2693
50000972,30022938,50000971,30022911,79881,40243395,5,35205124766.0425,20942010496.573,219353840407.383
50000973,30012661,50000974,30012684,79881,40131758,5,-4370539059457.87,-290792724945.088,-5951056528870.24
50000974,30012684,50000973,30012661,79881,40132067,2,-27238728421.4662,6852123001.61998,-8081955419.84507
50000975,30012757,50000976,30012760,79787,40133024,5,5888405625.64542,8699118042.37606,137668446951.249
50000976,30012760,50000975,30012757,79787,40133054,3,-46689412341.1904,-10894071476.5222,-3503355505.43791
50000977,30012749,50000978,30012756,79881,40132929,4,-1990413703809.89,325244345586.815,2652497116412.03
50000978,30012756,50000977,30012749,79881,40133017,5,-626392684159.791,-57489656420.002,107291840476.171
50000979,30012660,50000980,30012693,79787,40131745,3,-11696531478.2522,-27275699044.2258,177340212467.481
50000980,30012693,50000979,30012660,79787,40132186,5,-55899017215.622,-192036903.028486,19613801692.3272
50000981,30012639,50000982,30012642,79881,40131538,3,-3809054643.50057,18833824053.0515,-45949802206.6217
50000982,30012642,50000981,30012639,79881,40131561,3,-528582438173.771,-88239147196.4147,828363150583.805
50000983,30012745,50000984,30012749,79787,40132900,3,264457307633.672,79065139080.843,811483280504.594
50000984,30012749,50000983,30012745,79881,40132929,3,-1319050868357.67,-395720045270.129,-3034267951529.8
50000985,30012678,50000986,30012681,79787,40131992,4,-5153681150.05071,361119570.08986,-1238826161.22437
50000986,30012681,50000985,30012678,79787,40132027,5,-135880140307.76,-7946820618.62018,73862060366.6923
50000987,30012652,50000988,30012664,79787,40131668,3,412471026857.513,45709366500.4112,174474920343.501
50000988,30012664,50000987,30012652,79881,40131840,4,-3514682152051.52,523541038260.129,2049434426781.18
50000989,30012744,50000990,30012756,79881,40132873,4,88691425058.2451,-12265094244.6917,99769461907.6719
50000990,30012756,50000989,30012744,79881,40133017,2,-411827033919.088,-43313295551.4821,-499078898655.257
50000991,30012652,50000992,30012659,79787,40131668,2,-416908964223.812,-46201171481.5454,-176352164363.217
50000992,30012659,50000991,30012652,79881,40131737,4,-567766842657.103,-52646694791.2231,601837764989.434
50000993,30012637,50000994,30012643,79787,40131518,4,-4764497969266.35,-60447980121.9779,4049091921459.32
50000994,30012643,50000993,30012637,79881,40131581,4,-364811557795.327,-23917364692.2606,133063806756.667
50000995,30012656,50000996,30012661,79881,40131702,3,440639616970.787,37840979752.4531,-676297030728.626
50000996,30012661,50000995,30012656,79787,40131758,3,-2947617294776.43,-324195846042.968,6768138239270.85
50000997,30012736,50000998,30012751,79881,40132766,4,2089653739714.19,-172537111255.562,-460154322993.567
50000998,30012751,50000997,30012736,79787,40132959,2,-485096713607.004,-116339152791.835,-209051859214.445
50000999,30012694,50001000,30012763,79787,40132194,2,1799023596798.19,158361286936.058,-437246575844.042
50001000,30012763,50000999,30012694,79787,40133084,4,-2285743638414.0,-331270179694.916,1748519474924.53
50001001,30012651,50001002,30012658,79787,40131657,5,15979828460.5389,-5868837926.75307,-31020146576.3899
50001002,30012658,50001001,30012651,79881,40131733,2,-71732084031.1051,-5406504920.60463,16173415001.1829
50001003,30012736,50001004,30012755,79787,40132766,5,-1458216841918.29,-116939289727.148,-1571016439155.09
50001004,30012755,50001003,30012736,79787,40133007,2,-2573344431534.12,-300829020498.208,-1056211560033.65
50001005,30012651,50001006,30012653,79881,40131657,4,19179606985.0352,8855946091.90263,28385957172.1012
50001006,30012653,50001005,30012651,79881,40131672,5,-5583679967.99451,68183955.7124026,1375469516.55873
50001007,30012652,50001008,30012653,79787,40131668,5,-359178839819.715,-10813348305.3066,271176740403.418
50001008,30012653,50001007,30012652,79787,40131672,2,-4117638668.38223,805546444.246079,-4258145658.95326
50001009,30012662,50001010,30012694,79787,40131797,2,-1810863711717.3,470455943379.003,-6808341418230.74
50001010,30012694,50001009,30012662,79881,40132194,3,-1723843295689.29,-151743447538.601,418974258966.544
50001011,30012744,50001012,30012745,79881,40132873,5,41706141342.9933,32824568890.3696,-123100334672.492
50001012,30012745,50001011,30012744,79787,40132900,5,-838294222750.163,-10812979966.0693,-178437534967.21
50001013,30012688,50001014,30012697,79787,40132134,3,2286155042971.42,378453970201.43,754029599844.489
50001014,30012697,50001013,30012688,79787,40132239,2,-1533940350892.78,-598643482599.671,759005823258.084
50001015,30012684,50001016,30012685,79787,40132067,3,27103036489.8106,-6817988595.94415,8041694504.37556
50001016,30012685,50001015,30012684,79787,40132070,4,-178340156592.134,-62259723236.833,252622488814.521
50001017,30012757,50001018,30012763,79787,40133024,3,116155887753.993,-13953958947.6666,-73321525020.0418
50001018,30012763,50001017,30012757,79881,40133084,3,-358566218576.332,-31673012572.8381,-2874388866153.29
50001019,30012636,50001020,30012733,79881,40131478,2,-45595463269.3249,65321124143.1273,-1882915207291.47
50001020,30012733,50001019,30012636,79881,40132718,3,-820003588398.236,-23138276557.1929,-258525723.50856
50001021,30012653,50001022,30012664,79881,40131672,4,1622350030.09973,706783326.011323,-5471972691.60673
50001022,30012664,50001021,30012653,79881,40131840,3,-49784683449.3148,-441263610965.968,-4077998924631.92
50001023,30012656,50001024,30012684,79881,40131702,2,-465591702457.385,-39983799701.7144,714593681041.373
50001024,30012684,50001023,30012656,79787,40132067,5,-20194543768.6344,5544149687.91847,20178483891.9774
50001025,30012760,50001026,30012763,79787,40133054,2,55605481788.3653,12974463860.5032,4172375726.90405
50001026,30012763,50001025,30012760,79787,40133084,2,394082490975.825,34810249947.6133,3159099395655.21
50001027,30012652,50001028,30012662,79787,40131668,4,-53292187037.7977,-34896018195.1046,-445651660746.919
50001028,30012662,50001027,30012652,79881,40131797,5,-6768266301023.99,698099121366.06,-1801310066680.4
50001029,30012662,50001030,30012757,79881,40131797,3,1805177818822.54,-468978768653.787,6786964050157.94
50001030,30012757,50001029,30012662,79787,40133024,4,-122044293379.639,5254840905.29051,-64346921931.2069
50001031,30012662,50001032,30012664,79787,40131797,4,4963088482201.45,-229120352712.273,-4985653983477.54
50001032,30012664,50001031,30012662,79881,40131840,2,52373028700.5641,464205256726.47,4290017329085.91
50001033,30012687,50001034,30012693,79787,40132123,3,-96613030064.6459,-68524374976.7609,361604400353.747
50001034,30012693,50001033,30012687,79787,40132186,2,-50805941131.8414,1217293692.87204,-43631477805.0651
50001035,30012642,50001036,30012681,79881,40131561,5,-410992680497.797,388523989189.167,-808396670385.634
50001036,30012681,50001035,30012642,79881,40132027,2,-135803631878.189,-13391228392.8906,-83538620075.9507
50001037,30012650,50001038,30012694,79787,40131654,4,-4131815106.42397,41164086057.6999,164288052582.122
50001038,30012694,50001037,30012650,79881,40132194,5,533892703062.459,-255679558510.894,-1679222366637.82
50001039,30012687,50001040,30012697,79881,40132123,5,-269636879655.373,27042468968.3495,-267118078574.308
50001040,30012697,50001039,30012687,79787,40132239,4,-1527245455241.5,-55159387077.9874,-968815993601.734
50001041,30012678,50001042,30012733,79881,40131992,3,3694049962.62881,966119324.545048,-3694067584.97546
50001042,30012733,50001041,30012678,79881,40132718,4,408046829672.823,72943706343.8892,707897119758.475
50001043,30012639,50001044,30012643,79787,40131538,5,44909886705.3896,-7855305814.48836,20049997387.4331
50001044,30012643,50001043,30012639,79787,40131581,2,-66928231465.7016,-30446867820.374,387185904271.314
50001045,30012636,50001046,30012637,79787,40131478,4,1605375519292.72,-9087073235.72767,-980638159657.677
50001046,30012637,50001045,30012636,79881,40131518,3,-1122983028726.74,264043052457.45,-6145602544056.35
50001047,30012688,50001048,30012693,79881,40132134,2,-2321160980846.81,-384248912329.391,-765575410531.963
50001048,30012693,50001047,30012688,79881,40132186,4,10964219611.5366,1268659921.82055,-58203218218.439
50001049,30012842,50001050,30012863,79881,40133980,2,349680006084.163,-87676707472.5051,124293144451.908
50001050,30012863,50001049,30012842,79787,40134254,3,-454171555147.241,-14439961950.6221,204518176071.666
50001051,30012875,50001052,30012878,79881,40134394,4,-8066988065792.62,-2902304871016.8,-1807779538438.61
50001052,30012878,50001051,30012875,79881,40134446,5,-2370799193915.86,107287548650.54,-3963745397541.51
50001053,30012854,50001054,30012855,79787,40134122,4,-1031285526215.56,-441302262776.003,858377226375.407
50001054,30012855,50001053,30012854,79881,40134144,5,-1422305494439.34,-26912665829.3363,150513617369.873
50001055,30012798,50001056,30012802,79881,40133449,3,32595393379.2688,-602140898.729422,4756794044.66154
50001056,30012802,50001055,30012798,79787,40133499,5,-1293020699757.71,-123106466341.529,601076473754.261
50001057,30012795,50001058,30012796,79787,40133415,4,29290093777.1186,-13160409068.212,181411121705.818
50001058,30012796,50001057,30012795,79787,40133443,3,-786891612016.405,-71737981040.0056,-395808309189.527
50001059,30012837,50001060,30012850,79787,40133879,3,-803175111182.264,182736544109.981,-257398991336.031
50001060,30012850,50001059,30012837,79787,40134079,4,-4860211023.3949,1190962551.24866,3255020323.32011
50001061,30012833,50001062,30012834,79881,40133851,4,218805605978.613,-375299155237.037,-2495230167942.64
50001062,30012834,50001061,30012833,79787,40133853,4,-3214388944.95411,-72277436.7664717,3725336087.85449
50001063,30012799,50001064,30012868,79881,40133460,4,715362828986.689,-1436815497355.3,-3191708694561.25
50001064,30012868,50001063,30012799,79787,40134303,2,-802882264954.983,-64181802977.968,-281082133251.439
50001065,30012802,50001066,30012888,79787,40133499,3,1177863414905.57,-162826148760.743,796540068335.929
50001066,30012888,50001065,30012802,79881,40134598,2,-353002592992.989,1726398903.31032,-163249491505.94
50001067,30012855,50001068,30012857,79881,40134144,2,-928718712041.519,6183804116.71957,-1275846408544.41
50001068,30012857,50001067,30012855,79787,40134176,3,-426715764879.352,24928639404.7614,730613191448.998
50001069,30012796,50001070,30012798,79881,40133443,5,727899517851.303,129876284689.422,-484048971898.564
50001070,30012798,50001069,30012796,79881,40133449,2,-32780769387.1225,605565384.965042,-4783846808.8335
50001071,30012840,50001072,30012863,79881,40133945,2,-361887624679.905,194348735642.243,-682898500987.461
50001072,30012863,50001071,30012840,79787,40134254,5,50638176667.345,82833972773.0739,-488755876044.591
50001073,30012836,50001074,30012842,79787,40133871,2,487996786.052369,27819818.9664113,675128135.874212
50001074,30012842,50001073,30012836,79881,40133980,3,-347559664277.625,87145065442.4234,-123539472678.109
50001075,30012803,50001076,30012804,79881,40133510,4,-102782713546.849,-217132033035.125,-1716731457070.5
50001076,30012804,50001075,30012803,79881,40133513,3,-522905297656.721,-51774651287.046,499961968793.239
50001077,30012850,50001078,30012857,79881,40134079,5,5199447080.97861,-1134096528.93341,2704584147.47944
50001078,30012857,50001077,30012850,79787,40134176,5,-418715970080.645,16605508771.8235,-735462174456.502
50001079,30012839,50001080,30012843,79787,40133935,4,-6617868210313.98,-1553462440144.62,11122067598426.0
50001080,30012843,50001079,30012839,79787,40133989,4,-72107478527.1418,-14185354499.6281,122661280423.166
50001081,30012798,50001082,30012801,79881,40133449,5,-20409193921.9898,753191757.033285,25852404886.7079
50001082,30012801,50001081,30012798,79787,40133486,2,-1075438987468.0,34111799347.3563,-453941777557.003
50001083,30012869,50001084,30012870,79787,40134307,3,1896673091159.12,-255286965309.188,-407255854283.763
50001084,30012870,50001083,30012869,79881,40134315,5,-1841438169634.26,-23474356050.9318,441419736665.947
50001085,30012795,50001086,30012804,79787,40133415,3,-171621300113.265,-8453441258.51858,-66451258206.2943
50001086,30012804,50001085,30012795,79787,40133513,5,-173593273595.375,93649970702.3629,-697973920302.799
50001087,30012820,50001088,30012833,79787,40133689,3,-2858711967050.65,428958044008.079,2829647073501.29
50001088,30012833,50001087,30012820,79787,40133851,5,-2283711599127.06,376274385497.095,1028580506801.33
50001089,30012802,50001090,30012803,79787,40133499,2,-1180809693959.1,163233438150.488,-798532514394.559
50001090,30012803,50001089,30012802,79881,40133510,2,-1550319249096.94,-2366273516.44987,-783982111196.803
50001091,30012854,50001092,30012858,79787,40134122,2,358914990417.218,-469554220932.452,1570190541578.08
50001092,30012858,50001091,30012854,79881,40134185,4,-2008119354870.74,110826891332.601,-93534828028.5141
50001093,30012875,50001094,30012890,79787,40134394,2,-5517364658405.0,-2115969169599.73,6582073795514.65
50001094,30012890,50001093,30012875,79787,40134619,3,-172819538371.581,-16750115439.4196,251044229368.708
50001095,30012860,50001096,30012874,79787,40134205,5,107600186536.942,221408778913.451,-1154796571730.49
50001096,30012874,50001095,30012860,79787,40134381,3,-3709784029178.05,-49192922866.4388,-372419739222.212
50001097,30012857,50001098,30012858,79787,40134176,4,845431734959.998,-41534148176.5849,4848983007.50442
50001098,30012858,50001097,30012857,79787,40134185,2,-1117637142857.46,-17035223074.4301,1737676352128.94
50001099,30012798,50001100,30012804,79787,40133449,4,-12186199457.2789,-151050858.303863,-30609198931.3694
50001100,30012804,50001099,30012798,79881,40133513,2,545644134963.044,54026101745.6349,-521703102261.735
50001101,30012801,50001102,30012805,79881,40133486,5,-930781090996.196,-58747305091.1871,700417230716.758
50001102,30012805,50001101,30012801,79787,40133532,2,-2252610591364.7,-487844236792.279,144333345325.521
50001103,30012841,50001104,30012850,79787,40133962,3,666075596901.803,-57990272584.0534,-742529673084.806
50001104,30012850,50001103,30012841,79787,40134079,3,-339236057.583716,-56866022.3152464,-5959604470.79955
50001105,30012787,50001106,30012888,79787,40133318,5,398474685648.989,-37460710412.4434,-1148005289077.39
50001106,30012888,50001105,30012787,79787,40134598,5,-317408762449.609,-18254424873.9051,223332257585.236
50001107,30012786,50001108,30012797,79787,40133309,4,48589564249.6238,1069886576.38326,-253937983104.073
50001108,30012797,50001107,30012786,79787,40133447,3,-198069576619.075,-12445879814.5658,-104354536154.267
50001109,30012830,50001110,30012840,79787,40133807,3,581759756269.47,-121936618814.668,-588810758958.552
50001110,30012840,50001109,30012830,79881,40133945,5,-785541685838.734,110076979683.998,-15307637129.1354
50001111,30012786,50001112,30012787,79787,40133309,5,-243813799813.64,13135016432.5946,85022891258.5832
50001112,30012787,50001111,30012786,79881,40133318,3,-1191633884573.2,-64549513235.6648,232257549189.113
50001113,30012837,50001114,30012838,79787,40133879,2,808604608453.765,-183971850774.537,259139019259.815
50001114,30012838,50001113,30012837,79787,40133894,5,-482609703256.874,1186343933.66455,224163602219.261
50001115,30012796,50001116,30012805,79881,40133443,4,58992094165.1014,-58138303649.4168,879857281088.091
50001116,30012805,50001115,30012796,79787,40133532,4,-1256749091280.99,-202989592246.706,-1913541949491.22
50001117,30012805,50001118,30012872,79787,40133532,3,2241853645421.14,485514622386.589,-143644106804.015
50001118,30012872,50001117,30012805,79787,40134352,3,-1405094443598.03,-374749217683.552,187037143787.746
50001119,30012836,50001120,30012845,79787,40133871,4,-327053957.595291,173491399.17907,740049266.477573
50001120,30012845,50001119,30012836,79881,40134022,5,-1187976006193.3,-36617305658.8812,197563876819.147
50001121,30012839,50001122,30012878,79881,40133935,2,6540662807730.6,-3304373170665.02,11344331738909.9
50001122,30012878,50001121,30012839,79787,40134446,3,-2248556133126.5,-101905855621.823,4034487269191.49
50001123,30012797,50001124,30012890,79787,40133447,5,189948001782.414,-23147282890.4967,-116877227191.808
50001124,30012890,50001123,30012797,79881,40134619,5,-131433033521.752,24058176028.9542,-274439294152.566
50001125,30012840,50001126,30012869,79787,40133945,3,360272140359.581,-193481153239.052,679850008180.63
50001126,30012869,50001125,30012840,79787,40134307,2,-1966489996543.45,264684128154.975,422247021490.32
50001127,30012839,50001128,30012850,79881,40133935,5,12930738855940.5,-1635829074261.5,-172825765600.011
50001128,30012850,50001127,30012839,79787,40134079,2,342640956.709816,57436784.3712172,6019420789.26244
50001129,30012820,50001130,30012836,79787,40133689,5,-1041970063658.29,-320320085887.436,-3895489071178.26
50001130,30012836,50001129,30012820,79787,40133871,3,-484480208.759407,-27619345.2205431,-670263062.291126
50001131,30012842,50001132,30012864,79787,40133980,4,72118745958.9401,-9266901596.39964,371977143100.806
50001132,30012864,50001131,30012842,79881,40134261,5,-118883245982.42,5051924672.72209,-194704417964.62
50001133,30012860,50001134,30012881,79787,40134205,4,950000761326.367,40859367048.4832,699988453624.022
50001134,30012881,50001133,30012860,79881,40134475,5,-60007694650.5409,-4296684368.23843,-52761779315.0595
50001135,30012845,50001136,30012864,79881,40134022,2,-767012032947.617,-46152052989.165,-933621751901.957
50001136,30012864,50001135,30012845,79787,40134261,3,-105948479458.324,-43945534319.0197,197261927920.828
50001137,30012838,50001138,30012843,79881,40133894,2,-506101110115.157,2848270800.78123,-355511980528.754
50001138,30012843,50001137,30012838,79787,40133989,3,-70763152229.4308,8459656088.47436,-123965773350.115
50001139,30022481,50001140,30022503,79881,40238614,5,-904881327939.545,-197137876543.955,-180504585803.497
50001140,30022503,50001139,30022481,79881,40238845,3,-1169214637265.17,-119022629259.107,711179167207.332
50001141,30022489,50001142,30022491,79881,40238697,5,-1146486519.35319,1023236755.5087,-32591554055.1544
50001142,30022491,50001141,30022489,79787,40238714,2,-682899076710.498,65811460295.8782,-201289994610.192
50001143,30022473,50001144,30022474,79787,40238516,3,252208430473.054,41782994990.8366,-64571224367.4087
50001144,30022474,50001143,30022473,79787,40238525,2,-1301441444474.64,161773665011.113,110626310109.315
50001145,30022458,50001146,30022487,79881,40238381,2,310969299471.42,-16349659467.3911,199316221921.778
50001146,30022487,50001145,30022458,79881,40238680,3,-1495629799955.66,-782959455305.834,1487243917824.11
50001147,30022466,50001148,30022470,79787,40238463,2,-1271657625917.92,173705299417.864,-728541325896.773
50001148,30022470,50001147,30022466,79881,40238504,2,-7104590300.73698,767932222.903708,-1301447471.62757
50001149,30022474,50001150,30022505,79787,40238525,5,-557265818232.291,44748490507.8494,1187797641195.82
50001150,30022505,50001149,30022474,79787,40238881,5,-2365044141368.74,51610150055.971,-801226446337.186
50001151,30022503,50001152,30022504,79787,40238845,5,-32051000779.3482,39610778089.4981,-1372737695901.43
50001152,30022504,50001151,30022503,79787,40238870,2,-1180425934249.23,-353122044415.861,-531265363751.848
50001153,30022501,50001154,30022506,79881,40238826,4,234826086340.13,-8400983872.18406,-1066491991546.46
50001154,30022506,50001153,30022501,79881,40238889,5,-484564458254.776,-22234377364.9601,-826975851558.406
50001155,30022466,50001156,30022472,79881,40238463,5,-1207038854459.6,396820798964.773,721521551236.813
50001156,30022472,50001155,30022466,79787,40238513,3,-1916057982394.7,520464776303.604,-312396330710.186
50001157,30022470,50001158,30022472,79881,40238504,5,-4096822950.06981,292400125.414851,4834586353.2507
50001158,30022472,50001157,30022470,79787,40238513,4,663873737299.47,-313902316951.237,1870959710696.38
50001159,30022479,50001160,30022493,79787,40238595,5,233669169258.925,55384958539.5141,351123298968.013
50001160,30022493,50001159,30022479,79881,40238732,4,-197009220336.429,-6385961621.68231,-59817905069.5708
50001161,30022475,50001162,30022480,79787,40238535,2,838558768723.782,660731798111.49,4298219077837.51
50001162,30022480,50001161,30022475,79787,40238607,5,-141622395708.199,21358738788.7554,-150893168569.175
50001163,30022476,50001164,30022479,79787,40238561,4,-650710552529.507,-206986666766.906,691272646695.199
50001164,30022479,50001163,30022476,79787,40238595,4,-419464238368.504,69980985308.2967,10428796573.522
50001165,30022471,50001166,30022473,79881,40238508,2,2713328582375.5,-783864104152.443,4128474833226.52
50001166,30022473,50001165,30022471,79881,40238516,2,-253138877539.92,-41937140770.4253,64809440457.9809
50001167,30022494,50001168,30022498,79881,40238736,4,80735788547.2046,3176369332.60841,-220217123530.542
50001168,30022498,50001167,30022494,79787,40238767,4,-1457564044733.89,62691745192.4524,-625049587097.071
50001169,30022475,50001170,30022477,79787,40238535,4,-3283705725498.6,552073904976.98,2795736959665.3
50001170,30022477,50001169,30022475,79881,40238577,4,-729824967603.732,-57305046199.0556,1094780814090.79
50001171,30022467,50001172,30022473,79787,40238473,4,-331771285445.587,5304346370.96914,154320192864.526
50001172,30022473,50001171,30022467,79787,40238516,4,-176834334840.51,-54746482507.1515,-187767927940.318
50001173,30022501,50001174,30022505,79881,40238826,3,802467453375.983,-79421643910.4955,736449064185.288
50001174,30022505,50001173,30022501,79787,40238881,2,-591754969150.017,-444250822830.393,-2808215254700.45
50001175,30022475,50001176,30022479,79881,40238535,5,4106930607410.97,96575750555.0903,1423884878135.56
50001176,30022479,50001175,30022475,79787,40238595,2,-201406617904.853,135899896977.059,391931740214.729
50001177,30022457,50001178,30022483,79787,40238374,5,-15551426571.7023,-14478467984.0105,85099800164.3895
50001178,30022483,50001177,30022457,79881,40238629,3,-143215495858.082,-5061500463.23933,-92102799814.443
50001179,30022463,50001180,30022471,79881,40238432,2,-1595371989519.23,-376023724053.662,2567156229784.65
50001180,30022471,50001179,30022463,79787,40238508,3,-2674645226944.75,772688718337.655,-4069616035070.64
50001181,30022520,50001182,30022523,79787,40239060,4,19468369597.5681,-3138566186.33193,-20380191894.7658
50001182,30022523,50001181,30022520,79881,40239089,5,-1521444785977.61,365562181792.768,-367875978585.886
50001183,30022477,50001184,30022479,79787,40238577,5,1314296933946.19,3281499138.80883,84179473400.5934
50001184,30022479,50001183,30022477,79787,40238595,3,185795069109.578,-125365943847.811,-361552095541.535
50001185,30022466,50001186,30022485,79787,40238463,4,-51986866897.3058,-224840986595.678,-1442825972867.91
50001186,30022485,50001185,30022466,79787,40238655,2,-934236892391.401,-257331619384.775,-82298106595.6507
50001187,30022481,50001188,30022504,79787,40238614,2,-337887544560.962,66410945255.313,-901931880114.82
50001188,30022504,50001187,30022481,79881,40238870,5,-1093475947287.17,47059424202.6985,734103082881.893
50001189,30022463,50001190,30022498,79881,40238432,5,1411295093181.72,62766673077.2113,2687252702187.98
50001190,30022498,50001189,30022463,79787,40238767,2,-1296049812524.46,59130645327.1023,970853990808.982
50001191,30022457,50001192,30022458,79881,40238374,3,82304936967.9049,-861930208.749993,-30308469420.6512
50001192,30022458,50001191,30022457,79787,40238381,3,-306956986864.427,16138706344.647,-196744524357.568
50001193,30022476,50001194,30022480,79881,40238561,5,911275980255.556,232253513126.401,244458521862.578
50001194,30022480,50001193,30022476,79787,40238607,3,-59887134950.5602,-2901401587.34362,199215862686.342
50001195,30022506,50001196,30022508,79787,40238889,3,-469263146680.737,-74543996586.224,832719299969.412
50001196,30022508,50001195,30022506,79881,40238906,5,-4056452941.96329,-888138200.862394,-3085488944.2929
50001197,30022466,50001198,30022469,79787,40238463,3,1259025721356.9,-171979812369.095,721304421631.099
50001198,30022469,50001197,30022466,79787,40238501,2,-1441360832476.33,142416943527.684,-213493415808.77
50001199,30022483,50001200,30022485,79787,40238629,4,-7181600315.40067,-15056110363.1722,169531592725.713
50001200,30022485,50001199,30022483,79787,40238655,5,-537112844426.036,-35436356543.8117,750597928698.874
50001201,30022451,50001202,30022501,79787,40238329,5,796956879074.578,-749574459764.273,-3384238244445.06
50001202,30022501,50001201,30022451,79787,40238826,5,-1037293539716.11,87822627782.6795,330042927361.167
50001203,30022469,50001204,30022470,79787,40238501,3,1436415851735.71,-141928343430.46,212760968523.096
50001204,30022470,50001203,30022469,79787,40238504,4,-2108087194.93905,378286042.101402,-5971226789.65424
50001205,30022462,50001206,30022467,79787,40238413,5,30881013190.9417,76219561584.6189,396425313103.737
50001206,30022467,50001205,30022462,79881,40238473,2,-33034152420.4033,-10980788200.3284,370049677006.7
50001207,30022518,50001208,30022520,79881,40239051,2,135872992899.44,29016877448.3294,-239679747659.618
50001208,30022520,50001207,30022518,79881,40239060,5,-27566753754.9008,-2283947692.3278,-6251232239.83467
50001209,30022487,50001210,30022489,79881,40238680,2,1597985304132.07,836542373886.283,-1589025522501.08
50001210,30022489,50001209,30022487,79881,40238697,3,-27647323137.6009,478126827.124266,17319577321.3203
50001211,30022480,50001212,30022493,79787,40238607,4,201509530658.759,-18457337201.4118,-48322694117.1677
50001212,30022493,50001211,30022480,79787,40238732,2,-150082773077.818,-13804075619.7134,140727697116.082
50001213,30022472,50001214,30022491,79787,40238513,5,1252184245095.23,-206562459352.367,-1558563379986.19
50001214,30022491,50001213,30022472,79787,40238714,5,-500156520401.362,-29839625185.2832,468643850822.91
50001215,30012912,50001216,30012922,79787,40134884,3,-122893760203.949,21649916527.359,-74835537287.5823
50001216,30012922,50001215,30012912,79881,40135014,3,-1498678177473.14,-135204406398.53,-1125341564844.42
50001217,30012916,50001218,30012919,79881,40134960,5,177970151317.335,38796003799.5857,-16062913255.3025
50001218,30012919,50001217,30012916,79881,40134981,5,-2525017993451.76,-653943284369.067,924244892958.047
50001219,30013008,50001220,30013011,79787,40136112,2,111286665953.087,-10541194652.0363,157677156917.1
50001220,30013011,50001219,30013008,79881,40136133,3,-1485165924166.28,-217330809109.649,2204213918568.18
50001221,30012999,50001222,30013010,79881,40136015,5,46840178063.4444,-34356007324.2766,-287983097894.783
50001222,30013010,50001221,30012999,79787,40136123,2,-1177775719743.87,-23412837949.6172,221542420781.228
50001223,30013011,50001224,30013012,79787,40136133,4,2650095733674.84,225003057625.6,194616875219.43
50001224,30013012,50001223,30013011,79787,40136156,2,-2926055790843.54,276819242756.414,-367645363059.117
50001225,30012953,50001226,30013052,79881,40135454,5,9525548749.8415,-472894002.151713,597293289.423845
50001226,30013052,50001225,30012953,79881,40136661,5,-650303495853.14,200917061169.912,-125577053898.596
50001227,30012952,50001228,30012953,79787,40135445,4,590606424878.231,-65988406211.4878,-829058474592.592
50001228,30012953,50001227,30012952,79881,40135454,4,-5295741462.83902,-75594538.8358276,7953984839.11898
50001229,30013000,50001230,30013011,79881,40136031,4,-693454635071.271,131011570115.008,-1856435678852.58
50001230,30013011,50001229,30013000,79787,40136133,5,-1164929809508.56,-7672248515.95138,-2398830793787.61
50001231,30013007,50001232,30013009,79881,40136104,5,-33372518573.3775,7910197674.51367,-11530620653.1602
50001232,30013009,50001231,30013007,79787,40136116,4,-1136018570017.91,-72620809185.1966,-377793165220.592
50001233,30012952,50001234,30012957,79787,40135445,3,422777246681.867,5054960583.32824,928300716479.942
50001234,30012957,50001233,30012952,79881,40135498,5,-22622959832.4541,452838124.06823,-7142778800.26253
50001235,30012928,50001236,30012949,79787,40135092,5,30047321896.8806,8243757707.20523,78361503757.4828
50001236,30012949,50001235,30012928,79787,40135380,4,-1936894092927.18,271791883197.002,549453475326.2
50001237,30013007,50001238,30013013,79787,40136104,3,7678958758.03018,1155254252.83371,35340492580.483
50001238,30013013,50001237,30013007,79787,40136173,5,-2580149168913.23,296299446416.987,-1917089788658.34
50001239,30013013,50001240,30013015,79881,40136173,4,2922266557492.44,837589797838.91,-1085816674713.65
50001240,30013015,50001239,30013013,79881,40136200,4,-5887525449.2389,-631876686.6909,-1945077172.99188
50001241,30013006,50001242,30013016,79881,40136101,2,-426001800178.625,-184048307816.149,-568119892327.281
50001242,30013016,50001241,30013006,79881,40136207,4,-1930108550435.66,279211956996.355,2174741844222.28
50001243,30012910,50001244,30012913,79787,40134871,3,-2241938640890.89,607137674357.469,-810673228558.028
50001244,30012913,50001243,30012910,79881,40134889,2,-528895669717.516,-24951603797.7546,216149521625.162
50001245,30013013,50001246,30013014,79881,40136173,3,-342117388579.208,-1133889244255.9,3002906463371.99
50001246,30013014,50001245,30013013,79787,40136191,4,-1399820665867.21,-1267865202.40229,-704294272070.66
50001247,30012922,50001248,30013035,79787,40135014,4,-232195415548.311,238495069364.098,1849301365272.2
50001248,30013035,50001247,30012922,79787,40136425,3,-442393015763.18,127227620672.348,584977560998.499
50001249,30013010,50001250,30013013,79881,40136123,4,-737108873124.609,-53060238985.5076,-858935672520.537
50001250,30013013,50001249,30013010,79881,40136173,2,345603657276.205,1145443882254.65,-3033506892209.42
50001251,30012957,50001252,30012960,79787,40135498,2,-5351233166.19681,-536684385.588633,-24100502526.5309
50001252,30012960,50001251,30012957,79881,40135557,2,-394535076012.875,-94747884259.215,177854540836.549
50001253,30012949,50001254,30012960,79881,40135380,2,-525379515660.739,-103006169935.77,1966146663105.23
50001254,30012960,50001253,30012949,79787,40135557,4,-363413818782.177,27514655216.5818,-244741803686.354
50001255,30013004,50001256,30013012,79881,40136076,2,2198791684056.78,-617722539501.654,1292471072742.37
50001256,30013012,50001255,30013004,79881,40136156,5,-1723336882215.9,235073131955.134,2294458780852.68
50001257,30013000,50001258,30013010,79787,40136031,5,-1254047418191.82,-307098246257.814,1509123100411.11
50001258,30013010,50001257,30013000,79787,40136123,5,-376249361533.762,30927947165.4682,1068361010781.52
50001259,30013001,50001260,30013002,79787,40136038,3,3436204336138.92,39917133470.7649,-141300543421.177
50001260,30013002,50001259,30013001,79881,40136043,4,-208737338606.907,-35295166291.0019,-14470999342.2484
50001261,30012989,50001262,30013046,79881,40135896,2,558177119189.293,-14347650142.4877,1424381693300.39
50001262,30013046,50001261,30012989,79881,40136574,3,-1155800629609.25,183127964257.829,-359625347166.351
50001263,30012913,50001264,30012916,79881,40134889,5,-73516049724.6984,-12536005216.1078,540539760269.265
50001264,30012916,50001263,30012913,79881,40134960,3,-109043627519.198,8622466126.59566,-146532120125.009
50001265,30013000,50001266,30013014,79787,40136031,2,-1969167761573.65,-178045617626.998,-351176385929.878
50001266,30013014,50001265,30013000,79787,40136191,2,-1458277898955.28,79133299828.4029,956274144038.164
50001267,30012923,50001268,30013032,79787,40135023,2,148419253759.706,209830597.030764,331457018091.748
50001268,30013032,50001267,30012923,79881,40136396,5,-1206439135551.73,114756527753.279,548774519330.549
50001269,30012952,50001270,30012960,79787,40135445,2,-431042737684.4,-5153787404.18385,-946449425474.878
50001270,30012960,50001269,30012952,79881,40135557,5,-27544881387.2523,-121403670226.688,420984131256.79
50001271,30013007,50001272,30013011,79787,40136104,2,-8898209811.34801,-1338683414.13041,-40951791476.7643
50001272,30013011,50001271,30013007,79881,40136133,2,1495300522813.32,218813849144.518,-2219255216670.57
50001273,30013007,50001274,30013015,79787,40136104,4,25693559815.3473,-9065451927.34739,-23809871927.3228
50001274,30013015,50001273,30013007,79881,40136200,2,-4722899599.06918,-554026584.921021,4253669423.67191
50001275,30013032,50001276,30013035,79787,40136396,3,1087906876711.88,222622502841.992,732608879519.376
50001276,30013035,50001275,30013032,79787,40136425,5,-291812005967.049,-53165508491.9343,-682727161177.891
50001277,30012960,50001278,30013052,79787,40135557,3,390958700169.429,93889015010.1063,-176242327570.436
50001278,30013052,50001277,30012960,79881,40136661,2,-203979828942.574,127464094677.729,-650186596254.277
50001279,30012915,50001280,30012919,79787,40134945,3,-4303208397592.83,-211532468121.955,1911076509414.26
50001280,30012919,50001279,30012915,79881,40134981,2,-2016084384453.22,-678986596119.765,-1808421667089.03
50001281,30012999,50001282,30013015,79881,40136015,3,-268667069331.598,-42050366589.5698,111168227114.632
50001282,30013015,50001281,30012999,79881,40136200,5,1273841502.04551,90661802.1584685,6100381753.36668
50001283,30013002,50001284,30013008,79881,40136043,2,-111433428551.798,-51990051965.2263,173721520227.83
50001284,30013008,50001283,30013002,79787,40136112,3,-111168864380.456,10530036358.3021,-157510249076.941
50001285,30013002,50001286,30013012,79787,40136043,5,97640327854.1166,-16537927577.5405,187668053866.789
50001286,30013012,50001285,30013002,79881,40136156,4,-1120881776620.47,34003916348.7774,-2651821687164.86
50001287,30012928,50001288,30013052,79881,40135092,4,-83002518844.3752,-7728006517.45039,-12735232475.273
50001288,30013052,50001287,30012928,79787,40136661,3,203647319189.984,-127256314061.356,649126719964.654
50001289,30012912,50001290,30012923,79787,40134884,4,-5659459911.6842,-27742895447.0039,142724402572.066
50001290,30012923,50001289,30012912,79787,40135023,4,-207824011327.7,27281518867.4017,288327133531.173
50001291,30013004,50001292,30013010,79881,40136076,4,-120644728357.814,-747466318339.947,2495472179625.48
50001292,30013010,50001291,30013004,79881,40136123,3,1113358234658.37,22132291820.0394,-209425338260.98
50001293,30013196,50001294,30013200,79881,40138375,5,118504500960.76,19369622645.7475,-374072304413.724
50001294,30013200,50001293,30013196,79881,40138440,2,-122452533629.351,-16179870165.3661,62081448676.9438
50001295,30013174,50001296,30013181,79787,40138130,4,3324687159.73315,2126040.43903874,-16592668037.241
50001296,30013181,50001295,30013174,79787,40138212,3,-194367772351.04,29786567459.2258,108713427151.71
50001297,30013161,50001298,30013163,79881,40137977,4,-2288856017583.03,981332064979.391,320942463987.022
50001298,30013163,50001297,30013161,79881,40138009,3,-586693329518.518,87971944595.1866,-311748953218.419
50001299,30013144,50001300,30013183,79881,40137775,3,-173793783218.799,-67414352462.9386,744211351711.813
50001300,30013183,50001299,30013144,79881,40138238,3,-787272330467.601,196343975516.324,713609961793.912
50001301,30013170,50001302,30013183,79787,40138110,5,-55092885086.669,5856711705.07821,27755894710.7547
50001302,30013183,50001301,30013170,79881,40138238,5,-247215543151.465,-296345170371.793,-1009282850262.79
50001303,30013134,50001304,30013135,79881,40137681,2,54485144107.2566,-43671797357.0209,-338509757275.413
50001304,30013135,50001303,30013134,79881,40137687,2,-68206837663.8433,18981597031.5699,-31649519254.8691
50001305,30013167,50001306,30013168,79881,40138079,5,-3791444884823.88,-74769135534.6597,1278092571609.9
50001306,30013168,50001305,30013167,79881,40138090,5,-8684678420.80506,-280815101.766093,3129992882.77202
50001307,30013139,50001308,30013145,79881,40137732,2,-1423823456201.95,24476171344.4207,1480798394409.67
50001308,30013145,50001307,30013139,79881,40137795,4,-832614686733.594,18024651997.1987,28019691425.1778
50001309,30013130,50001310,30013142,79787,40137625,2,6807249283637.44,541339679166.919,799990590624.327
50001310,30013142,50001309,30013130,79787,40137758,4,-1846560988286.36,42718615346.9278,790424626010.562
50001311,30013168,50001312,30013190,79881,40138090,3,7058465582.28782,-28071887.3332392,5956225938.72833
50001312,30013190,50001311,30013168,79787,40138300,4,-3626795978080.0,880483592280.068,2383884828219.06
50001313,30013154,50001314,30013163,79881,40137904,2,2047201105766.45,53957629303.8288,1232886528043.56
50001314,30013163,50001313,30013154,79881,40138009,4,31098869741.7339,25344835540.4927,668973867488.391
50001315,30013197,50001316,30013198,79787,40138402,2,-2431754560602.55,-164993012299.507,1184710235667.78
50001316,30013198,50001315,30013197,79787,40138415,2,-2327341310842.31,-42132735490.4509,-997719077386.892
50001317,30013184,50001318,30013198,79881,40138245,5,-285020393158.602,42347687254.6717,-165850816786.888
50001318,30013198,50001317,30013184,79787,40138415,5,-2008444249779.75,-125668856988.163,1502755190278.16
50001319,30013130,50001320,30013135,79787,40137625,4,2567224722413.89,657070454414.023,6035323796432.28
50001320,30013135,50001319,30013130,79787,40137687,5,-51977025924.153,21365898950.6218,40185837297.3144
50001321,30013196,50001322,30013199,79881,40138375,4,263628134708.059,-47710755223.2201,287354273302.435
50001322,30013199,50001321,30013196,79881,40138429,5,-786246782793.913,38972912002.9747,297561065786.561
50001323,30013161,50001324,30013162,79881,40137977,2,-782693260258.539,697030517338.145,2349045531482.97
50001324,30013162,50001323,30013161,79787,40137995,2,-3552605852062.28,611520131048.624,1703868807094.34
50001325,30013167,50001326,30013184,79787,40138079,4,786989225711.905,249822797529.487,-3915661104888.69
50001326,30013184,50001325,30013167,79881,40138245,3,-2479072743.43221,-22805600725.7228,331677860784.908
50001327,30013184,50001328,30013200,79787,40138245,2,2488033415.13112,22888032151.5617,-332876718877.379
50001328,30013200,50001327,30013184,79787,40138440,4,-114993174860.015,-2921170438.87252,-74806635877.9453
50001329,30013167,50001330,30013193,79787,40138079,3,3004455659111.98,-175053661994.827,2637568533278.79
50001330,30013193,50001329,30013167,79787,40138330,3,-279121213683.754,-3801129682.67962,9379169786.54228
50001331,30013134,50001332,30013144,79787,40137681,3,-52894559558.8812,42396886788.0203,328627643568.663
50001332,30013144,50001331,30013134,79881,40137775,5,-560085743006.04,32468380094.6165,-523306100476.219
50001333,30013165,50001334,30013168,79881,40138046,2,-396178078944.07,-149795865931.994,1079433596626.44
50001334,30013168,50001333,30013165,79881,40138090,2,-7277983585.91566,28944921.9317108,-6141464332.53831
50001335,30013168,50001336,30013194,79881,40138090,4,1626212838.51724,308886989.099332,-9086218821.50035
50001336,30013194,50001335,30013168,79881,40138350,3,-1208523425407.62,-363905343718.774,-1948195188535.36
50001337,30013152,50001338,30013170,79881,40137876,2,109696122015.934,-18023701050.0754,285457294641.973
50001338,30013170,50001337,30013152,79881,40138110,2,-51992027704.4735,2599228416.01259,-34211540614.8758
50001339,30013139,50001340,30013142,79881,40137732,5,539314570374.159,-109937500718.567,1877765752438.13
50001340,30013142,50001339,30013139,79881,40137758,2,-242280190041.516,-53767671998.7428,2007040401577.46
50001341,30013170,50001342,30013184,79787,40138110,4,3372488151.37917,-3271062878.95849,-61788698171.0614
50001342,30013184,50001341,30013170,79787,40138245,4,287499465902.034,-19542086528.9489,-165827043998.021
50001343,30013129,50001344,30013143,79787,40137609,4,1273811194516.31,-114882543433.537,-571869567684.318
50001344,30013143,50001343,30013129,79787,40137764,3,-199612905479.724,-9841206286.35433,3138569828.26083
50001345,30013190,50001346,30013193,79881,40138300,3,-384729736067.045,-1349166959416.79,-4200421269695.28
50001346,30013193,50001345,30013190,79787,40138330,5,131149387050.256,26046267034.381,-245219288782.423
50001347,30013194,50001348,30013199,79881,40138350,4,-1112104791448.8,376627044961.556,2002447368451.55
50001348,30013199,50001347,30013194,79881,40138429,2,-656827751583.898,40287580065.4445,-538434230611.862
50001349,30013138,50001350,30013139,79787,40137722,4,3130586719200.23,-209009014659.34,-5284501837.20454
50001350,30013139,50001349,30013138,79787,40137732,4,-1895462513489.46,133250299281.822,-467350937314.957
50001351,30013142,50001352,30013145,79881,40137758,3,240692735042.364,53415378401.4308,-1993889981320.5
50001352,30013145,50001351,30013142,79881,40137795,2,-393840018889.847,20551868449.595,738988531762.564
50001353,30013175,50001354,30013187,79881,40138134,4,-812079344435.131,66108834464.8145,-1173816954122.74
50001354,30013187,50001353,30013175,79787,40138282,2,-1856353812988.95,67318821689.8889,315931359762.908
50001355,30013181,50001356,30013187,79787,40138212,5,4757687527.7899,3382536257.99235,-224612115947.983
50001356,30013187,50001355,30013181,79787,40138282,4,-1162906949211.88,566120322867.023,-1359013304870.65
50001357,30013194,50001358,30013196,79787,40138350,2,1218580497996.81,366933685892.73,1964407650798.89
50001358,30013196,50001357,30013194,79881,40138375,3,-382132635668.819,28341132577.4725,86718031111.289
50001359,30013155,50001360,30013161,79787,40137914,3,-1152118153183.85,-115554890267.171,1615437687343.16
50001360,30013161,50001359,30013155,79881,40137977,3,764040909300.199,-680419593879.1,-2293065463817.8
50001361,30013165,50001362,30013190,79787,40138046,3,359586247084.479,135960408013.538,-979734863226.995
50001362,30013190,50001361,30013165,79881,40138300,2,432937677652.586,1518222158096.24,4726748309747.23
50001363,30013154,50001364,30013162,79881,40137904,3,-2039274080164.39,-53748698433.4255,-1228112633068.26
50001364,30013162,50001363,30013154,79787,40137995,4,-3146334107435.79,396548160885.741,-2191912923568.46
50001365,30013134,50001366,30013138,79787,40137681,4,309625450734.649,-62041481761.0721,-113465383954.721
50001366,30013138,50001365,30013134,79881,40137722,3,-1573559506667.42,-87835952702.0612,2713020682742.93
50001367,30013152,50001368,30013183,79881,40137876,5,301004833551.722,18964987183.1847,49526643164.5546
50001368,30013183,50001367,30013152,79787,40138238,2,791173996653.236,-197317042421.355,-717146562471.862
50001369,30013166,50001370,30013200,79787,40138061,5,-550216520287.83,-23180613814.7734,-381305756267.308
50001370,30013200,50001369,30013166,79881,40138440,5,-6550847262.60232,-13138656491.8865,136427483954.754
50001371,30013130,50001372,30013134,79787,40137625,5,3958873969988.56,-138088994333.127,-5268374132937.96
50001372,30013134,50001371,30013130,79787,40137681,5,-256730891175.768,19644594973.0518,-215162259613.942
50001373,30013155,50001374,30013163,79881,40137914,2,1168428200324.55,117190751747.512,-1638306752256.86
50001374,30013163,50001373,30013155,79787,40138009,5,555594459776.784,-113316780135.679,-357224914269.971
50001375,30013154,50001376,30013155,79881,40137904,5,2083035066894.77,-147916184794.622,-1144060334282.23
50001376,30013155,50001375,30013154,79881,40137914,5,-824467727691.0,35892113610.1087,-1808129645635.42
50001377,30013197,50001378,30013199,79881,40138402,3,2364257844272.86,160413402692.524,-1151826961999.76
50001378,30013199,50001377,30013197,79881,40138429,4,136136396868.969,902647702.243986,-830488739159.337
50001379,30013166,50001380,30013193,79787,40138061,4,591267059390.312,154476380515.917,-274244329311.831
50001380,30013193,50001379,30013166,79787,40138330,4,147971826633.499,-22245137351.7014,235840118995.88
50001381,30013276,50001382,30013281,79881,40139197,3,13359466525.9289,4397605825.75308,4074314197.01668
50001382,30013281,50001381,30013276,79881,40139325,3,-1337629000558.77,293295068473.008,-1242787800826.05
50001383,30013226,50001384,30013237,79881,40138680,3,-273870490332.001,59249918977.4115,-2358019454180.23
50001384,30013237,50001383,30013226,79881,40138775,4,-267340869553.118,-31850503413.5753,55831598667.9346
50001385,30013223,50001386,30013229,79881,40138652,4,447338040110.496,-153278144851.648,-1664237936998.95
50001386,30013229,50001385,30013223,79787,40138710,2,-126774285437.794,-3511491751.8145,-9187356833.28847
50001387,30013205,50001388,30013278,79787,40138486,5,199004783737.388,7712531120.91246,24128445139.6014
50001388,30013278,50001387,30013205,79881,40139245,3,-2785182149072.26,-797270358074.972,2287928714677.5
50001389,30013220,50001390,30013223,79881,40138621,4,-919240503390.387,-49302049047.0098,-8413082138.33128
50001390,30013223,50001389,30013220,79881,40138652,5,-1670773352396.39,12406554103.8892,449061137377.72
50001391,30013232,50001392,30013234,79787,40138727,4,-65309120416.2714,-2119046910.06734,-3228910713.96852
50001392,30013234,50001391,30013232,79787,40138744,2,-316383416727.68,-104482814840.123,-94961003911.526
50001393,30013282,50001394,30013283,79881,40139344,3,2774476122080.06,-17714695014.15,1538000139263.85
50001394,30013283,50001393,30013282,79881,40139355,4,-455596317728.623,-40512123408.0899,508119493422.47
50001395,30013218,50001396,30013219,79881,40138598,4,-477978397370.758,57119722766.2563,684275747136.789
50001396,30013219,50001395,30013218,79787,40138607,5,-50145520195.7802,4888314584.87765,-15105571336.8573
50001397,30013206,50001398,30013208,79787,40138493,2,-6498148218.4273,1117547315.8452,-10349238511.49
50001398,30013208,50001397,30013206,79881,40138514,3,-690476210766.069,-27193147043.5648,-665499137588.647
50001399,30013215,50001400,30013220,79881,40138562,4,-1780597298624.57,-417481410119.112,-2392300204720.22
50001400,30013220,50001399,30013215,79787,40138621,2,-477673034240.551,68311979804.0562,797412968947.715
50001401,30013205,50001402,30013209,79787,40138486,4,-120417593331.328,-3754180737.63029,160405979610.457
50001402,30013209,50001401,30013205,79787,40138517,2,-93552463926.0177,-7565263257.43903,20144431741.0021
50001403,30013205,50001404,30013282,79881,40138486,3,-78587190406.0601,-3958350383.28218,-184534424750.059
50001404,30013282,50001403,30013205,79881,40139344,2,-2813510596632.44,17963925420.6509,-1559638468323.48
50001405,30013278,50001406,30013281,79881,40139245,2,2795444444416.74,800207984214.321,-2296358827661.3
50001406,30013281,50001405,30013278,79881,40139325,4,-434960402079.691,-507701691854.906,1724193521307.52
50001407,30013223,50001408,30013238,79881,40138652,2,-1227604632638.6,-141351664180.759,-1219317975956.35
50001408,30013238,50001407,30013223,79787,40138780,5,-161679291555.867,16435535455.409,-80415204870.8648
50001409,30013228,50001410,30013234,79787,40138694,5,3488183927.05938,993410211.891881,-7714738874.35554
50001410,30013234,50001409,30013228,79881,40138744,5,-245833751431.096,-13074759572.0534,225017728660.951
50001411,30013277,50001412,30013282,79881,40139201,3,-20379987686.1029,-2707353382.70778,-105068871862.781
50001412,30013282,50001411,30013277,79787,40139344,5,-2618489503741.1,1031503215133.97,1463895428899.69
50001413,30013218,50001414,30013223,79881,40138598,2,398259102841.375,114091687473.899,842747543733.195
50001414,30013223,50001413,30013218,79881,40138652,3,1223435312285.89,140871590747.759,1215176799621.23
50001415,30013226,50001416,30013236,79787,40138680,5,2156200737935.77,-334567797509.172,936821280320.351
50001416,30013236,50001415,30013226,79787,40138770,4,-274855093265.772,66108775960.0307,347356978936.341
50001417,30013246,50001418,30013248,79881,40138831,5,88946466358.4002,-29069736285.9079,-160753881195.424
50001418,30013248,50001417,30013246,79787,40138845,4,-35804787920.4734,3195645218.87709,42049787463.5606
50001419,30013202,50001420,30013208,79881,40138459,4,3062460458414.38,418793696515.477,-49282113527.2224
50001420,30013208,50001419,30013202,79787,40138514,4,-225184842862.77,161031011545.454,918556893652.621
50001421,30013203,50001422,30013207,79787,40138479,5,-1550835536412.87,920127087495.526,-2051976483349.69
50001422,30013207,50001421,30013203,79881,40138504,4,-1953125498580.99,337980153371.652,2110060941890.54
50001423,30013234,50001424,30013240,79787,40138744,3,304572573608.238,100582388744.73,91416034547.2527
50001424,30013240,50001423,30013234,79881,40138798,5,-13094339846.4002,-405387248.248846,-13807506104.309
50001425,30013279,50001426,30013281,79881,40139262,4,433549982090.502,29715309486.0654,1272055873099.7
50001426,30013281,50001425,30013279,79881,40139325,2,1439717212422.28,-315679428468.409,1337637706337.3
50001427,30013279,50001428,30013283,79787,40139262,5,884978791093.555,-2621550792.99297,-1011820338628.35
50001428,30013283,50001427,30013279,79787,40139355,3,-213624994416.134,56891913923.2933,-646933016901.806
50001429,30013226,50001430,30013231,79787,40138680,4,-1882330247603.77,275317878531.76,1421198173859.88
50001430,30013231,50001429,30013226,79881,40138722,2,-401632659951.222,-56911980136.0686,-148355470940.496
50001431,30013276,50001432,30013278,79787,40139197,2,-13380473969.3794,-4404520956.34776,-4080720959.21241
50001432,30013278,50001431,30013276,79881,40139245,5,-619520548268.853,303593915789.487,-3626502785796.51
50001433,30013218,50001434,30013236,79787,40138598,5,832795535512.205,44526883039.8658,66545187048.4745
50001434,30013236,50001433,30013218,79881,40138770,3,-157340408201.788,27328965719.2008,-418413296811.257
50001435,30013202,50001436,30013203,79881,40138459,5,-1553681519201.22,-359754021285.233,-2648231811486.32
50001436,30013203,50001435,30013202,79787,40138479,3,-1034763231493.7,-174496286778.906,2522131698982.68
50001437,30013235,50001438,30013236,79787,40138758,2,-2439250170923.68,-84213933176.2279,3424165342166.62
50001438,30013236,50001437,30013235,79881,40138770,2,167313026394.928,-29061142112.0665,444933350392.661
50001439,30013229,50001440,30013238,79881,40138710,3,112708102129.118,3121875778.05962,8167977825.21146
50001440,30013238,50001439,30013229,79881,40138780,2,-13387088262.016,-9134256838.84992,-190527650096.71
50001441,30013204,50001442,30013248,79787,40138484,4,51535890302.7116,-54496518175.4826,-386278364807.363
50001442,30013248,50001441,30013204,79881,40138845,3,-18022949106.0653,4684891642.15428,-52092271096.076
50001443,30013224,50001444,30013229,79881,40138662,3,1518792784618.52,-8939148834.51283,258609147404.802
50001444,30013229,50001443,30013224,79787,40138710,5,-63501345461.1386,1108438731.56349,93519670358.0486
50001445,30013277,50001446,30013283,79881,40139201,4,-80792836084.7852,-928574556.511837,70240991462.3366
50001446,30013283,50001445,30013277,79787,40139355,2,222713070738.772,-59312220860.1709,674454967923.065
50001447,30013209,50001448,30013276,79881,40138517,3,93185030890.7683,7535550222.37306,-20065313250.8272
50001448,30013276,50001447,30013209,79881,40139197,5,-9762882301.82144,-4092919005.04094,10116741679.5666
50001449,30013236,50001450,30013239,79787,40138770,5,432195501467.56,-93437741679.2315,71056317874.9158
50001450,30013239,50001449,30013236,79881,40138791,5,-507468001370.081,-26914346171.6177,-615815286447.17
50001451,30013202,50001452,30013246,79881,40138459,3,-1508778939213.15,-59039675230.2439,2697513925013.54
50001452,30013246,50001451,30013202,79787,40138831,3,-182304358368.479,36924930149.7501,64946624.4127388
50001453,30013215,50001454,30013219,79787,40138562,3,2993311213860.75,-80200242710.3491,-318706189480.66
50001454,30013219,50001453,30013215,79787,40138607,2,-11854290823.5425,3591654732.71688,-51202454907.3433
50001455,30013232,50001456,30013235,79787,40138727,2,-35482210742.6339,-2822099713.84658,55086873862.2881
50001456,30013235,50001455,30013232,79787,40138758,4,-3735784160831.24,169965627492.718,-350769946936.086
50001457,30013225,50001458,30013238,79787,40138670,2,-274576415384.863,-238799193349.01,2540178428369.79
50001458,30013238,50001457,30013225,79787,40138780,3,12694284699.9087,8661544210.73393,180667534731.56
50001459,30013228,50001460,30013240,79787,40138694,2,8515142055.14409,14594794.9118598,-877563073.229247
50001460,30013240,50001459,30013228,79787,40138798,3,-5050627781.57922,4564320257.76907,17774460308.2923
50001461,30013230,50001462,30013237,79787,40138719,3,-45959837838.4251,8635882670.45718,132278565301.907
50001462,30013237,50001461,30013230,79881,40138775,2,-83952405138.4678,-31648501237.9487,262090066408.615
50001463,30013206,50001464,30013209,79881,40138493,5,-10532195263.0117,2297415744.57083,464305645.423621
50001464,30013209,50001463,30013206,79787,40138517,4,-64261900631.6517,-511356229.052846,-70802527759.508
50001465,30013225,50001466,30013231,79787,40138670,4,-2323740069103.21,-193336369479.244,1015220735530.12
50001466,30013231,50001465,30013225,79787,40138722,5,-298835781168.432,-170010188006.735,252917427487.854
50001467,30013202,50001468,30013205,79787,40138459,2,1511229241849.46,59135557448.7076,-2701894769224.8
50001468,30013205,50001467,30013202,79787,40138486,2,82360238850.2178,4148394685.38668,193394104305.966
50001469,30013230,50001470,30013239,79881,40138719,4,136391940618.317,-20556404530.0577,-25674438048.9486
50001470,30013239,50001469,30013230,79881,40138791,3,-278739460200.617,81646806066.0849,743716837144.808
50001471,30013311,50001472,30013342,79787,40139672,4,1582741822801.36,116861879984.569,-1520176349320.7
50001472,30013342,50001471,30013311,79881,40139988,4,-525553400994.878,-49661906813.9977,342087549568.001
50001473,30013374,50001474,30013389,79787,40140426,5,6094157080572.23,449622767903.308,3553590989078.86
50001474,30013389,50001473,30013374,79787,40140549,3,-381954600308.451,7030330408.95567,294453071865.963
50001475,30013307,50001476,30013317,79881,40139641,4,202746467174.858,96692230072.5333,376197580913.438
50001476,30013317,50001475,30013307,79787,40139764,3,-3388522051108.74,-2084462481930.32,-1104457403344.45
50001477,30013374,50001478,30013375,79787,40140426,4,-6149091024871.14,461302585948.995,3456124934925.55
50001478,30013375,50001477,30013374,79787,40140431,5,-553578335371.973,12239685002.6077,-171214241490.013
50001479,30013313,50001480,30013346,79787,40139716,5,1174968971960.93,235207732994.648,-1639493185675.78
50001480,30013346,50001479,30013313,79787,40140049,3,-165332626167.835,20403361027.7413,-209730431713.536
50001481,30013322,50001482,30013332,79787,40139806,2,978326343999.725,136524401791.2,146696670264.598
50001482,30013332,50001481,30013322,79881,40139903,4,-4538771263376.67,1358332786920.75,3836506428938.86
50001483,30013388,50001484,30013389,79787,40140535,5,-1410336324799.5,-1405834118.84114,-2165602139603.52
50001484,30013389,50001483,30013388,79787,40140549,5,-62630387850.5714,33384419999.5552,-477078891581.602
50001485,30013343,50001486,30013350,79787,40140006,5,-5762281385246.07,-576211740602.016,-5294053597246.06
50001486,30013350,50001485,30013343,79787,40140106,3,-2932448940733.29,36677187185.3353,-291536990672.304
50001487,30013350,50001488,30013357,79881,40140106,2,2945923786127.23,-36845721893.627,292876627254.328
50001488,30013357,50001487,30013350,79787,40140167,5,-150484649748.424,6879890448.37336,-40104299260.2536
50001489,30013309,50001490,30013370,79881,40139658,5,509269049184.863,-299940957646.464,519213106749.101
50001490,30013370,50001489,30013309,79787,40140365,3,-522614408143.652,-189923503365.697,-567220065984.761
50001491,30013307,50001492,30013391,79881,40139641,5,232198411377.194,-44249824201.1193,-368925450471.346
50001492,30013391,50001491,30013307,79787,40140570,4,-1975580629708.39,-334011710725.184,1725125883821.55
50001493,30013383,50001494,30013385,79881,40140498,2,-1951159520465.6,1003901039791.05,2846660571247.56
50001494,30013385,50001493,30013383,79881,40140512,5,-1429754518998.52,506324617600.584,-1095104006796.96
50001495,30013383,50001496,30013394,79881,40140498,5,1592571739727.36,655584725502.618,3098115378591.46
50001496,30013394,50001495,30013383,79881,40140635,3,-2135322829212.27,-47550640767.3492,-277806733814.641
50001497,30013313,50001498,30013317,79787,40139716,3,-1915366605398.04,-642085819636.679,-207145445897.807
50001498,30013317,50001497,30013313,79787,40139764,4,967711273899.117,399781912387.098,3993820351258.22
50001499,30013346,50001500,30013359,79787,40140049,2,167654543626.31,-20689904109.2851,212675868208.779
50001500,30013359,50001499,30013346,79881,40140185,5,-3012530617801.67,127610719497.022,1309398334068.86
50001501,30013360,50001502,30013388,79787,40140207,4,926088528546.943,202584737201.504,-1957156073.10363
50001502,30013388,50001501,30013360,79787,40140535,3,-1170087201052.2,-32115550039.2923,2304071979312.57
50001503,30013306,50001504,30013421,79881,40139635,4,-1054880243517.46,-140017784846.875,494264896080.618
50001504,30013421,50001503,30013306,79881,40140937,4,-121317150173.739,49862247190.0039,43603477603.8048
50001505,30013317,50001506,30013421,79787,40139764,5,2420810777209.63,1684680569543.22,-2889362947913.77
50001506,30013421,50001505,30013317,79787,40140937,2,-28210146161.8728,4795294544.3889,135444364606.013
50001507,30013397,50001508,30013413,79787,40140660,2,1199901254854.46,-1127644236908.24,3076114884805.19
50001508,30013413,50001507,30013397,79881,40140799,2,-283697068232.552,-42076407940.2824,-31449006392.4701
50001509,30013346,50001510,30013349,79787,40140049,4,-95132029959.1832,28300045938.2561,248771044696.254
50001510,30013349,50001509,30013346,79787,40140071,4,-16613278906.5565,192134253.75737,-3567254595.29633
50001511,30013349,50001512,30013355,79787,40140071,2,-11393304921.4371,-2835049978.93776,12339483437.4168
50001512,30013355,50001511,30013349,79787,40140156,5,-319839997730.562,36904660564.9348,-125410783301.784
50001513,30013371,50001514,30013391,79787,40140380,5,35829897159.3252,-405815542401.794,-2011461820407.12
50001514,30013391,50001513,30013371,79881,40140570,3,-440542181212.833,-303234413219.081,-2589307521254.2
50001515,30013349,50001516,30013359,79787,40140071,5,5246405693.91289,-3020607105.51605,15878111252.7639
50001516,30013359,50001515,30013349,79787,40140185,2,-2785309052082.73,-930548590800.411,-1916005074127.46
50001517,30013293,50001518,30013309,79881,40139480,5,365901055418.237,84886190747.4948,5102240725.02418
50001518,30013309,50001517,30013293,79787,40139658,4,-748003819267.381,124418067098.483,209552436617.841
50001519,30013374,50001520,30013383,79787,40140426,2,-54993900982.7293,911919567250.328,7017366554715.83
50001520,30013383,50001519,30013374,79881,40140498,4,-3516817754992.2,334468909413.496,-290720491817.912
50001521,30013322,50001522,30013331,79787,40139806,4,373794682911.538,-26538441154.9781,923200465494.629
50001522,30013331,50001521,30013322,79787,40139897,4,-539295210553.516,-17770249140.3436,-164703261578.133
50001523,30013311,50001524,30013349,79787,40139672,5,-2100919208540.81,-196972799874.238,-614007088693.656
50001524,30013349,50001523,30013311,79881,40140071,3,11366873212.6436,2828472851.75868,-12310856657.4676
50001525,30013344,50001526,30013355,79787,40140011,2,-58020882163.8408,-4417318013.78662,-166158240203.746
50001526,30013355,50001525,30013344,79881,40140156,2,-52026243510.2365,28505492303.5879,-355706258787.843
50001527,30013359,50001528,30013370,79881,40140185,3,2611232949614.36,872391212636.994,1796258687145.98
50001528,30013370,50001527,30013359,79787,40140365,4,-222313281152.126,-4658808497.34598,762555218008.871
50001529,30013340,50001530,30013375,79881,40139964,3,-1951861386343.91,-22949041253.6157,-1897354383013.18
50001530,30013375,50001529,30013340,79787,40140431,2,-129816560054.884,100730364732.643,-558619847656.159
50001531,30013392,50001532,30013394,79881,40140579,3,368375008444.117,-20455550464.0214,108956967089.459
50001532,30013394,50001531,30013392,79787,40140635,4,823588440839.141,355121585865.328,1958221634318.73
50001533,30013343,50001534,30013357,79787,40140006,3,-1719013759887.37,345678757837.258,7647771447485.4
50001534,30013357,50001533,30013343,79881,40140167,2,-44513461681.4941,-9382271327.09139,-162444734895.576
50001535,30013340,50001536,30013342,79881,40139964,4,-656861002023.73,297662788602.308,2624914031551.51
50001536,30013342,50001535,30013340,79787,40139988,3,-18118582999.5594,272606125359.905,-566616441008.795
50001537,30013306,50001538,30013317,79787,40139635,5,947798756094.481,154897779369.466,674061786208.524
50001538,30013317,50001537,30013306,79881,40139764,2,3401211160153.08,2092268236572.93,1108593301005.58
50001539,30013331,50001540,30013332,79881,40139897,3,410672656356.127,48845227078.6023,-383724358580.464
50001540,30013332,50001539,30013331,79881,40139903,3,-1176413946609.71,-3008270739124.33,-5170169388609.77
50001541,30013312,50001542,30013327,79881,40139699,2,1203736051635.54,413302027165.629,-123341654164.405
50001542,30013327,50001541,30013312,79787,40139864,3,-277158138104.342,63719431113.7345,-192320759389.727
50001543,30013342,50001544,30013359,79787,40139988,2,18422272346.2064,-277175333454.41,576113617293.145
50001544,30013359,50001543,30013342,79787,40140185,4,401297668187.311,-1000001932134.02,-3105657021214.84
50001545,30013401,50001546,30013413,79787,40140685,2,-275909187535.701,50590830627.1396,-48135997246.7673
50001546,30013413,50001545,30013401,79787,40140799,5,-164181096823.492,-49505243496.4864,230276410840.186
50001547,30013385,50001548,30013400,79881,40140512,3,-292245951169.565,-362430537036.275,1811919368663.08
50001548,30013400,50001547,30013385,79787,40140676,3,-52549768708.446,-4669609926.24459,-14254045500.5334
50001549,30013340,50001550,30013388,79881,40139964,2,1966955656923.32,23126512379.7129,1912027136233.57
50001550,30013388,50001549,30013340,79881,40140535,2,1175766784426.11,32271438372.9849,-2315255905514.16
50001551,30013360,50001552,30013375,79881,40140207,3,-477514697306.932,-27244862312.2395,818487507691.226
50001552,30013375,50001551,30013360,79787,40140431,3,129213663331.431,-100262550712.429,556025493933.756
50001553,30013392,50001554,30013393,79881,40140579,2,-369154439984.339,20498831633.5871,-109187505249.567
50001554,30013393,50001553,30013392,79881,40140606,4,-673740507775.961,-91853811778.4616,122398350908.023
50001555,30013293,50001556,30013307,79787,40139480,4,-201961787002.017,20352268696.1071,316089389803.089
50001556,30013307,50001555,30013293,79881,40139641,3,-434944878552.052,-52442405871.414,-7272130442.09161
50001557,30013393,50001558,30013394,79787,40140606,2,-230335439551.398,-46004149236.7142,651071627133.558
50001558,30013394,50001557,30013393,79881,40140635,5,1311734388373.13,-307570945097.978,-1680414900504.08
50001559,30013327,50001560,30013332,79787,40139864,4,-36219112543.5596,-82608401831.4752,331252323379.884
50001560,30013332,50001559,30013327,79787,40139903,2,1183139002923.76,3025467738689.7,5199725039825.74
50001561,30013400,50001562,30013401,79787,40140676,4,14980302958.9505,-7561784867.78077,52008376192.4672
50001562,30013401,50001561,30013400,79881,40140685,5,-171396120964.303,26082446199.1555,208406401518.651
50001563,30013392,50001564,30013397,79881,40140579,4,-88863875877.988,29646368872.5596,-373114595593.548
50001564,30013397,50001563,30013392,79787,40140660,4,-2161431612833.82,-1538793643037.4,2253085105665.35
50001565,30013554,50001566,30013557,79881,40142471,2,104427299108.174,-812787605.287506,128864230229.46
50001566,30013557,50001565,30013554,79881,40142498,4,-14782315406.1837,438687301.632814,1080449110.06945
50001567,30013572,50001568,30013574,79787,40142675,4,-12532047785.4453,2951925221.54745,-19374181056.5663
50001568,30013574,50001567,30013572,79787,40142713,4,-694817565514.994,122468041024.331,731967871188.042
50001569,30013565,50001570,30013571,79787,40142590,5,2797503302348.15,35261950734.6991,2176342477818.92
50001570,30013571,50001569,30013565,79787,40142672,4,-4960806617.21426,481920373.564903,-1044914324.98708
50001571,30013550,50001572,30013568,79787,40142432,4,1831432866236.72,922931044242.505,3723933315243.97
50001572,30013568,50001571,30013550,79787,40142636,3,-1413443297027.33,-32110762494.5102,-1878755535063.71
50001573,30013546,50001574,30013552,79881,40142397,2,220637202751.671,-18462262390.9108,-223114377926.08
50001574,30013552,50001573,30013546,79881,40142456,5,-89056081522.8925,-9925962329.74365,-35439552881.0614
50001575,30013549,50001576,30013599,79881,40142422,2,77955313727.1229,19998744840.8286,-66987745055.017
50001576,30013599,50001575,30013549,79881,40143026,3,-1766115546615.72,-904350441424.032,1998616338732.69
50001577,30013572,50001578,30013582,79881,40142675,5,-10682955095.1123,-4149253525.27612,20243101082.6332
50001578,30013582,50001577,30013572,79881,40142781,2,-26497396339.1842,363699418.163428,-12460468541.319
50001579,30013573,50001580,30013574,79881,40142691,3,-431839019402.294,93120667111.6376,141672761999.649
50001580,30013574,50001579,30013573,79787,40142713,3,-292989973102.796,-233816549066.01,-945004514230.573
50001581,30013554,50001582,30013555,79881,40142471,3,-102079613307.177,794514893.68378,-125967164748.022
50001582,30013555,50001581,30013554,79787,40142475,2,-122507550750.869,-947982362.997908,11859468827.7623
50001583,30013555,50001584,30013609,79787,40142475,4,-70278703509.503,-18067943463.823,-97348691146.3075
50001584,30013609,50001583,30013555,79881,40143164,4,-232885967409.751,-16449512287.4685,-94406725132.499
50001585,30013571,50001586,30013580,79881,40142672,2,-3398895153.39765,237425452.998578,3803196304.72493
50001586,30013580,50001585,30013571,79881,40142770,3,-2128895425923.36,-9023850573.33452,-1320056485629.51
50001587,30013554,50001588,30013616,79881,40142471,5,160132678736.097,9960704.46111258,-25419095245.5188
50001588,30013616,50001587,30013554,79787,40143240,4,-346258293397.099,28074095978.9249,-181715619115.25
50001589,30013574,50001590,30013617,79787,40142713,2,311390824569.459,248501091148.622,1004354284864.47
50001590,30013617,50001589,30013574,79787,40143250,4,-352832199465.915,92295602465.0603,-73854279909.0475
50001591,30013571,50001592,30013574,79787,40142672,5,1571014024.76969,-245130768.263942,4837925312.24328
50001592,30013574,50001591,30013571,79787,40142713,5,987807538617.79,111348508041.679,213036643042.53
50001593,30013607,50001594,30013613,79787,40143155,3,273925468124.057,33792654057.0349,15599507862.3391
50001594,30013613,50001593,30013607,79881,40143208,2,-1553525427280.67,-108527191270.562,638299113059.1
50001595,30013565,50001596,30013615,79787,40142590,2,-490627811381.072,-20487261799.2218,3546902640323.5
50001596,30013615,50001595,30013565,79787,40143232,3,-982493813361.009,60151680400.1652,313526181694.154
50001597,30013554,50001598,30013605,79881,40142471,4,-58053065428.92,-804475598.144892,151386259993.541
50001598,30013605,50001597,30013554,79787,40143131,3,-510738518517.834,-17178794643.4764,-267741473956.478
50001599,30013568,50001600,30013616,79881,40142636,2,1554383955961.81,35312668106.4176,2066094527470.11
50001600,30013616,50001599,30013568,79881,40143240,2,-349947373767.513,41892661427.2213,223242581201.019
50001601,30013607,50001602,30013612,79881,40143155,2,-275234204658.403,-33954105568.8633,-15674037791.9475
50001602,30013612,50001601,30013607,79881,40143204,4,-60739163407.9694,-149631145.856582,32507390473.3829
50001603,30013573,50001604,30013582,79787,40142691,2,444465833348.752,-95843481135.7527,-145815221403.911
50001604,30013582,50001603,30013573,79881,40142781,5,-22359868050.8546,-1111586945.3,15512112225.4174
50001605,30013565,50001606,30013578,79881,40142590,4,-3283171336336.39,-55542105933.8554,1334704372999.86
50001606,30013578,50001605,30013565,79881,40142750,4,-266381275639.892,-35445796.7502168,-8303137096.84884
50001607,30013610,50001608,30013612,79787,40143188,5,-1101407284533.43,-284414429065.547,-2527632234707.1
50001608,30013612,50001607,30013610,79787,40143204,2,-2233601998.93736,-392096075.163001,69367596131.6665
50001609,30013557,50001610,30013615,79881,40142498,2,-7053890721.1208,-224199892.037491,14549866498.1384
50001610,30013615,50001609,30013557,79787,40143232,5,224241304371.209,43063422530.9587,-1007507996796.63
50001611,30013569,50001612,30013580,79787,40142653,2,314125461063.7,126082949820.922,401276702822.623
50001612,30013580,50001611,30013569,79787,40142770,4,-78758941022.4584,3502304924.04163,2503719443691.4
50001613,30013546,50001614,30013550,79881,40142397,3,-219623618641.185,18377448698.7063,222089413933.305
50001614,30013550,50001613,30013546,79787,40142432,3,-4223418735345.4,256298517616.635,-413125462957.095
50001615,30013609,50001616,30013611,79787,40143164,3,199054346516.378,-5725164968.43379,-154154726298.406
50001616,30013611,50001615,30013609,79787,40143196,2,-481688137411.599,-62792186376.0238,-270361668212.524
50001617,30013609,50001618,30013620,79881,40143164,5,33831620893.3733,22174677255.9023,248561451430.905
50001618,30013620,50001617,30013609,79881,40143269,4,-2966872103.37649,-693123637.813183,4224833123.60223
50001619,30013565,50001620,30013577,79787,40142590,3,485668033988.243,20280155199.1562,-3511046850818.78
50001620,30013577,50001619,30013565,79881,40142748,4,-192332958253.005,37305892931.6451,310802012091.478
50001621,30013548,50001622,30013609,79787,40142418,5,-4272428800.61575,-680262889.265838,986793591.730996
50001622,30013609,50001621,30013548,79787,40143164,2,-205474572938.489,5909822354.94435,159126776716.772
50001623,30013605,50001624,30013608,79881,40143131,4,25015405895.817,-28511790495.2713,575669826749.85
50001624,30013608,50001623,30013605,79881,40143161,3,-154714846715.308,11007363582.5589,-58531585408.6885
50001625,30013571,50001626,30013578,79881,40142672,3,3389792592.44457,-236789605.300961,-3793010987.2562
50001626,30013578,50001625,30013571,79881,40142750,2,-140518996315.417,-42686124888.7081,223003772538.173
50001627,30013615,50001628,30013616,79881,40143232,4,758252508989.801,-103215102931.124,693981815102.475
50001628,30013616,50001627,30013615,79881,40143240,5,17405986855.4535,11293247142.3936,391500984714.359
50001629,30013616,50001630,30013617,79881,40143240,3,328852306541.646,-39367343121.3185,-209785365599.109
50001630,30013617,50001629,30013616,79881,40143250,2,-248225005918.454,88020959915.8945,296607476949.643
50001631,30013548,50001632,30013612,79787,40142418,2,-3090175137.97733,-951369897.821709,-3432609407.32264
50001632,30013612,50001631,30013548,79787,40143204,3,2217078155.11759,389195408.745518,-68854425331.686
50001633,30013573,50001634,30013599,79881,40142691,5,80935541764.8416,-103331902086.359,-444971375376.785
50001634,30013599,50001633,30013573,79787,40143026,5,-900330333573.619,278192168453.413,-2653958462788.99
50001635,30013573,50001636,30013608,79881,40142691,4,350903477637.453,10211234974.7211,303298613377.136
50001636,30013608,50001635,30013573,79881,40143161,4,27140766276.396,2594897606.69493,163525036767.999
50001637,30013614,50001638,30013618,79881,40143210,4,-399698212701.413,32417237868.1375,-3909484891.95208
50001638,30013618,50001637,30013614,79787,40143255,5,-237807436513.463,-193257722.814922,-79426838389.2321
50001639,30013549,50001640,30013605,79787,40142422,4,96553709450.368,-12062526666.5065,29331046390.1811
50001640,30013605,50001639,30013549,79787,40143131,5,485723112622.017,45690585138.7477,-307928352793.373
50001641,30013685,50001642,30013730,79881,40144133,2,-2724371363929.15,-490461658172.516,3039781555392.43
50001642,30013730,50001641,30013685,79881,40144821,2,-2005114443633.21,608011838173.762,524803427279.884
50001643,30013706,50001644,30013707,79881,40144493,4,-6794539017750.23,1783473827050.59,-2737534166430.98
50001644,30013707,50001643,30013706,79787,40144500,2,-649380904597.425,224126769149.129,176704242760.923
50001645,30013683,50001646,30013687,79787,40144101,2,4624699055479.92,-1392502355745.96,2910689701800.78
50001646,30013687,50001645,30013683,79881,40144193,3,-2049570059928.67,350235842405.389,-1182861703785.06
50001647,30013684,50001648,30013685,79881,40144110,2,1308535786154.04,38949222587.852,1085880178321.6
50001648,30013685,50001647,30013684,79881,40144133,4,-4015777851119.36,-108843712183.848,-841073354472.764
50001649,30013699,50001650,30013704,79881,40144348,4,464836461181.385,-232096483565.771,-1616818268024.87
50001650,30013704,50001649,30013699,79787,40144442,4,-1548949344576.53,-322831482064.635,339374092140.624
50001651,30013687,50001652,30013696,79881,40144193,5,2067704349913.78,-114014502329.606,-1197565781386.93
50001652,30013696,50001651,30013687,79787,40144314,2,-3372399648067.43,-324813151164.707,-887978904050.066
50001653,30013726,50001654,30013730,79787,40144774,3,179744252533.2,-1836162173.26424,-68656853063.585
50001654,30013730,50001653,30013726,79787,40144821,4,-1432395530021.87,140035719911.158,-1442137499609.96
50001655,30013690,50001656,30013694,79881,40144250,4,3938358033376.21,-486773667809.304,3032455827129.84
50001656,30013694,50001655,30013690,79881,40144284,5,-12409632756.0253,-836004677.69292,-3825281495.55907
50001657,30013708,50001658,30013709,79787,40144518,2,2351330364837.76,1005150803477.11,4687098342180.4
50001658,30013709,50001657,30013708,79881,40144521,2,-454010727768.448,6355086462.8613,39266291484.5648
50001659,30013693,50001660,30013699,79787,40144282,4,-221525963597.649,-4287418984.66925,-32907055669.6566
50001660,30013699,50001659,30013693,79787,40144348,5,-1646949231983.4,49664913954.1769,411259831174.129
50001661,30013726,50001662,30013732,79881,40144774,5,-30469305591.4932,-3400147101.58787,189961026790.496
50001662,30013732,50001661,30013726,79881,40144852,2,-1672885975014.44,-686226270776.596,-931411139327.882
50001663,30013683,50001664,30013730,79881,40144101,5,5015150938279.42,48954285558.7919,-2511554108378.13
50001664,30013730,50001663,30013683,79881,40144821,5,-458943295491.45,433475881664.095,1937162160635.48
50001665,30013708,50001666,30013714,79787,40144518,4,-2739605511281.91,1570977075069.09,3892366998345.34
50001666,30013714,50001665,30013708,79787,40144603,3,-83512328086.4986,-3123217854.00702,19213669481.0678
50001667,30013696,50001668,30013702,79787,40144314,5,-2454946051852.69,1286110339175.57,2052130749892.78
50001668,30013702,50001667,30013696,79881,40144374,4,-969131208298.108,58316022140.177,139208090105.277
50001669,30013699,50001670,30013701,79881,40144348,2,-1183054050348.72,-182576834183.124,-1206518385450.4
50001670,30013701,50001669,30013699,79881,40144362,2,-5343717912.66682,-315212376.13795,-1787837661.77971
50001671,30013709,50001672,30013714,79881,40144521,4,-259177278672.552,22086684074.425,-370960914881.883
50001672,30013714,50001671,30013709,79881,40144603,5,25385682642.1027,-4669131761.16747,-81774047548.7767
50001673,30013687,50001674,30013702,79881,40144193,2,2059457456534.72,-351925426356.297,1188567984835.95
50001674,30013702,50001673,30013687,79881,40144374,2,-390650212316.64,-149401419093.114,927613065117.306
50001675,30013705,50001676,30013707,79881,40144473,3,-1349616672187.34,-76121212342.8991,-1379926184903.55
50001676,30013707,50001675,30013705,79787,40144500,4,-458165154198.929,187395392318.489,-503806648885.004
50001677,30013712,50001678,30013722,79881,40144582,3,-1229121120480.01,25811161774.1525,1680220657186.08
50001678,30013722,50001677,30013712,79881,40144723,2,-5744874517264.09,-1807416334708.49,-2330946712154.89
50001679,30013688,50001680,30013730,79881,40144196,4,-47426649997.4251,-10017928736.8837,-20937753768.6464
50001680,30013730,50001679,30013688,79787,40144821,3,1891338825513.32,-573511601575.253,-495024661025.517
50001681,30013691,50001682,30013692,79787,40144265,3,813833275699.936,55674884927.1905,-404513759492.757
50001682,30013692,50001681,30013691,79787,40144270,5,-146526554898.679,963422149.936258,32368523142.3337
50001683,30013705,50001684,30013709,79881,40144473,5,1871348070136.19,-65418213915.0569,-474586909093.351
50001684,30013709,50001683,30013705,79881,40144521,5,-192164062154.22,-15768962774.4984,409996337535.986
50001685,30013688,50001686,30013732,79881,40144196,5,4894142015.23906,7109615506.42604,52091614491.3696
50001686,30013732,50001685,30013688,79787,40144852,5,-1713116591207.54,-223595961966.484,1039902788297.01
50001687,30013690,50001688,30013732,79881,40144250,3,-4623728435014.06,-564400962992.025,1801662526235.5
50001688,30013732,50001687,30013690,79881,40144852,4,54611149198.3739,-456731341586.177,-1963307291888.43
50001689,30013694,50001690,30013702,79881,40144284,4,9509458698.72803,650402693.969863,-8858771871.63492
50001690,30013702,50001689,30013694,79787,40144374,3,376549054057.535,144008530548.977,-894129354570.055
50001691,30013720,50001692,30013721,79787,40144675,3,-2257558841219.56,-449891730830.52,2280044729536.87
50001692,30013721,50001691,30013720,79881,40144691,4,-1714720646945.02,-88404789837.3946,1013214762098.76
50001693,30013693,50001694,30013703,79787,40144282,5,82448644642.786,-6391232952.9781,208173922382.634
50001694,30013703,50001693,30013693,79787,40144421,2,-4308748424124.27,266289526078.081,1439595477436.22
50001695,30013683,50001696,30013686,79881,40144101,4,-415021480281.926,-1434058706441.62,5406780214924.05
50001696,30013686,50001695,30013683,79881,40144166,4,-6306848903628.9,-202646947807.417,2234149663502.96
50001697,30013720,50001698,30013723,79787,40144675,2,2274013638288.78,453170882185.855,-2296663420774.61
50001698,30013723,50001697,30013720,79881,40144731,4,-1194362526791.81,309652337484.82,1214465382882.72
50001699,30013716,50001700,30013719,79881,40144632,2,4209852570345.31,974039531660.756,6171027711510.58
50001700,30013719,50001699,30013716,79787,40144666,5,-554612265136.312,-122977927517.99,238810877854.366
50001701,30013684,50001702,30013702,79787,40144110,5,1554208929040.75,-100145301741.441,-570349571117.931
50001702,30013702,50001701,30013684,79787,40144374,5,592582154240.573,-202324552689.154,754921264464.777
50001703,30013696,50001704,30013703,79881,40144314,3,3320451867329.47,319809793283.567,874300651701.19
50001704,30013703,50001703,30013696,79787,40144421,4,-3406092098816.17,-290870584369.935,-2976531660500.26
50001705,30013691,50001706,30013719,79881,40144265,2,-823553355329.068,-56339842149.9947,409345100346.899
50001706,30013719,50001705,30013691,79787,40144666,2,-520696712074.724,-6736598866.88779,-380563644102.817
50001707,30013701,50001708,30013704,79881,40144362,3,5317914843.19693,313690318.467208,1779204777.30831
50001708,30013704,50001707,30013701,79881,40144442,2,-509624668687.985,-142603021652.81,1634608374237.36
50001709,30013684,50001710,30013706,79881,40144110,3,-1276010791012.67,-37981099828.9376,-1058889516012.08
50001710,30013706,50001709,30013684,79881,40144493,2,-5642204275841.75,1697401627602.57,4716789186434.15
50001711,30013683,50001712,30013692,79787,40144101,3,-4600129457997.5,1385104420882.83,-2895226106545.92
50001712,30013692,50001711,30013683,79881,40144270,2,-103743283496.512,-9647647150.99245,-113019032038.38
50001713,30013686,50001714,30013688,79881,40144166,2,-1243272107910.7,-314993460502.2,6739770419804.57
50001714,30013688,50001713,30013686,79881,40144196,2,-47618696640.929,-3256099675.94596,34879350250.6471
50001715,30013716,50001716,30013718,79881,40144632,3,-3679790478021.68,-851398317145.331,-5394034264378.51
50001716,30013718,50001715,30013716,79787,40144662,5,-14370527670.1273,813216508.877094,-6719303226.23008
50001717,30013802,50001718,30013803,79881,40145635,2,-98742739680.0536,-2618021864.01555,165059751443.349
50001718,30013803,50001717,30013802,79881,40145642,5,-1306485148681.99,-206195294312.566,-670341701016.732
50001719,30013787,50001720,30013817,79881,40145444,3,1397399732745.04,-10753718098.0229,-919190932713.086
50001720,30013817,50001719,30013787,79787,40145791,2,-203896004301.164,-123110899.032892,-16702714720.1179
50001721,30013785,50001722,30013792,79787,40145409,5,276021463834.664,-76781070752.1429,68427178944.6523
50001722,30013792,50001721,30013785,79787,40145490,2,-398610538823.327,5182035834.14485,-198065749265.192
50001723,30013783,50001724,30013792,79881,40145382,4,839810535665.133,379777152487.137,1749469645741.94
50001724,30013792,50001723,30013783,79881,40145490,5,-367736943652.986,25631908345.1229,243994648412.887
50001725,30013782,50001726,30013795,79787,40145360,4,-343681062053.946,125828685519.994,-517960994864.882
50001726,30013795,50001725,30013782,79881,40145518,2,-47335547198.683,566174521.660898,24964887904.7543
50001727,30013814,50001728,30013818,79881,40145769,3,-2960432167284.21,936752358393.346,-3435478374621.55
50001728,30013818,50001727,30013814,79787,40145808,5,-530944272548.666,-28422754670.015,-646169953581.402
50001729,30013804,50001730,30013810,79787,40145650,5,-1248051330177.65,66470754325.2826,-103227937906.977
50001730,30013810,50001729,30013804,79881,40145712,3,-2445733273289.88,-930368720249.509,1509697184510.17
50001731,30013803,50001732,30013811,79881,40145642,2,-49750121512.8437,-357718013714.009,-1507267157648.49
50001732,30013811,50001731,30013803,79881,40145716,4,-388491369057.561,27350386173.9278,77867816279.2668
50001733,30013784,50001734,30013785,79881,40145396,3,1618702643873.66,176043765476.923,867578345658.288
50001734,30013785,50001733,30013784,79881,40145409,4,-208693110826.684,43699941.6872762,207876510759.144
50001735,30013783,50001736,30013787,79787,40145382,2,2025385605459.74,128461007421.939,149916713079.906
50001736,30013787,50001735,30013783,79787,40145444,4,-1494458099439.48,33488084694.9625,-750484619105.541
50001737,30013781,50001738,30013798,79881,40145358,5,-3944445754933.21,90320344346.8417,-1523345729974.56
50001738,30013798,50001737,30013781,79881,40145564,3,-1562230266912.14,-241723034309.942,-124759198956.048
50001739,30013782,50001740,30013790,79787,40145360,5,-287451351492.729,-79356878477.4427,559738625680.734
50001740,30013790,50001739,30013782,79787,40145466,3,-1173268160366.17,-116529086499.057,-352379840658.765
50001741,30013784,50001742,30013799,79787,40145396,2,-1622134172940.11,-176416965150.432,-869417547145.862
50001742,30013799,50001741,30013784,79787,40145604,5,-1768326509809.69,152060136382.892,-1579923295788.38
50001743,30013816,50001744,30013822,79787,40145786,5,-109430490137.398,11502884355.2669,-378033261531.96
50001744,30013822,50001743,30013816,79787,40145879,3,-700534996087.712,18058731439.3001,-710897038536.958
50001745,30013820,50001746,30013822,79881,40145833,2,1166697112157.1,-401574714665.566,-1497222447665.01
50001746,30013822,50001745,30013820,79787,40145879,4,-264667447117.466,22770269753.319,962227964246.056
50001747,30013781,50001748,30013784,79881,40145358,2,-686481513816.753,-592872441152.62,-4137187603962.7
50001748,30013784,50001747,30013781,79787,40145396,5,-1570796072774.14,6575084784.43923,967697426120.094
50001749,30013799,50001750,30013820,79881,40145604,4,2225202649568.5,-382609008776.739,-740501225997.303
50001750,30013820,50001749,30013799,79787,40145833,3,-1012539135424.23,348513860331.689,1299391510358.3
50001751,30013792,50001752,30013799,79787,40145490,4,-28121749355.2523,-20485647188.8526,-440693031915.907
50001752,30013799,50001751,30013792,79787,40145604,3,-456876139758.813,230548872393.847,2320424521785.68
50001753,30013789,50001754,30013818,79881,40145463,3,13458089409.4068,967092907.340328,-3238915747.86429
50001754,30013818,50001753,30013789,79787,40145808,3,-294245272153.446,6261233425.70997,783342708664.597
50001755,30013788,50001756,30013798,79881,40145457,4,-25879367066.7766,-6646674675.85777,-225468854387.368
50001756,30013798,50001755,30013788,79881,40145564,4,665805952046.644,160098407359.935,1430254950726.13
50001757,30013814,50001758,30013817,79787,40145769,4,-1603572382738.87,-1163094616096.18,4185682953576.89
50001758,30013817,50001757,30013814,79881,40145791,5,-116066267606.949,-3460905232.31151,167701130105.405
50001759,30013782,50001760,30013797,79881,40145360,3,631132413546.675,-46471807042.5515,-41777630815.8515
50001760,30013797,50001759,30013782,79881,40145542,4,-210196544382.691,-43852119514.6598,83691082875.5882
50001761,30013789,50001762,30013790,79787,40145463,4,-9524261553.23193,-719939441.146077,-10065592060.6535
50001762,30013790,50001761,30013789,79881,40145466,4,265286107822.972,355304310724.127,1147907175693.66
50001763,30013816,50001764,30013817,79787,40145786,3,-272762946765.214,-2124184047.17617,283923155200.106
50001764,30013817,50001763,30013816,79881,40145791,4,-87230723089.3691,3338156013.26189,-184354774941.149
50001765,30013794,50001766,30013798,79787,40145516,4,-1176482300709.25,-116901453032.584,-591620074066.1
50001766,30013798,50001765,30013794,79881,40145564,5,896424314865.494,81624626950.0068,-1305495751770.08
50001767,30013781,50001768,30013788,79787,40145358,4,3258953852116.11,-682338118509.384,-2607877829395.36
50001768,30013788,50001767,30013781,79787,40145457,2,-218934882020.363,10075718086.6094,-95548604306.5432
50001769,30013789,50001770,30013799,79787,40145463,2,-13518387820.3224,-971425926.964911,3253427575.41606
50001770,30013799,50001769,30013789,79787,40145604,2,476280280837.948,-240340591541.026,-2418976056580.17
50001771,30013820,50001772,30013823,79881,40145833,5,-648079094040.122,-208613868502.455,-1539996574845.78
50001772,30013823,50001771,30013820,79881,40145907,3,-1733953194200.62,-52846399094.8543,652484933018.769
50001773,30013814,50001774,30013816,79787,40145769,5,4564004550023.08,226342257702.833,-750204578955.34
50001774,30013816,50001773,30013814,79881,40145786,2,274026759914.247,2134026189.45254,-285238677785.237
50001775,30013817,50001776,30013818,79787,40145791,3,203296990696.319,122749219.049616,16653644835.7447
50001776,30013818,50001775,30013817,79881,40145808,2,297765853509.974,-6336147736.16295,-792715235589.884
50001777,30013804,50001778,30013811,79881,40145650,2,-541733824404.071,-55934762335.3733,-1135387761081.84
50001778,30013811,50001777,30013804,79787,40145716,2,-125206891387.363,46270637888.6157,375576891504.309
50001779,30013782,50001780,30013789,79787,40145360,2,-637544675961.107,46943957442.7427,42202088704.7105
50001780,30013789,50001779,30013782,79787,40145463,5,-3933827856.17492,-247153466.194251,13304507808.5178
50001781,30013802,50001782,30013810,79881,40145635,5,92953400062.221,2208829804.74953,167035613543.539
50001782,30013810,50001781,30013802,79881,40145712,5,-27674932177.7135,77146892314.6445,-3019878349163.92
50001783,30013791,50001784,30013794,79787,40145475,4,-1009891749151.37,7561075470.20334,1646389425204.11
50001784,30013794,50001783,30013791,79881,40145516,2,-1103435716544.15,-65997418151.7532,728276108976.875
50001785,30017392,50001786,30017393,79787,40186221,2,-2725831838.16651,-5930402397.16913,-55027530472.8893
50001786,30017393,50001785,30017392,79787,40186230,3,-65442645961.7062,4863826143.27765,-12152159197.9608
50001787,30017382,50001788,30017386,79787,40186133,3,1140222446564.68,-98094119653.9674,-388751736832.033
50001788,30017386,50001787,30017382,79787,40186181,3,-2928289145834.22,474217367208.725,793039633959.968
50001789,30017390,50001790,30017399,79787,40186204,5,-109116100977.988,1292324264.08558,-45885737223.3015
50001790,30017399,50001789,30017390,79881,40186296,4,-16988404077.4659,648118896.203812,1281887430.67444
50001791,30017384,50001792,30017398,79787,40186159,3,-74053902701.1775,466677641.528751,83240348475.8618
50001792,30017398,50001791,30017384,79881,40186293,4,-1238539122407.18,-146272908936.782,1073497746167.89
50001793,30017391,50001794,30017407,79787,40186216,4,1777564511615.84,53129943686.1111,508004785680.411
50001794,30017407,50001793,30017391,79881,40186397,5,-938978794205.137,-130491127887.303,-1206347734185.45
50001795,30017383,50001796,30017403,79787,40186151,5,1003849809225.2,120942789743.636,-2012408302829.32
50001796,30017403,50001795,30017383,79787,40186347,3,-1255217655603.83,-32764239848.0656,-134505367813.589
50001797,30017389,50001798,30017394,79881,40186194,4,-26908452245.814,-1452796598.68326,31630651917.4656
50001798,30017394,50001797,30017389,79881,40186248,3,-1385954322247.11,-216864755285.831,1980252984101.26
50001799,30017385,50001800,30017387,79881,40186161,5,-483935141.017192,-93203764.7924675,-312393593.856051
50001800,30017387,50001799,30017385,79881,40186184,5,-25012515496.3433,1741056794.51711,2261217485.20063
50001801,30017394,50001802,30017396,79787,40186248,4,2410088145670.55,180485525676.77,219548836485.248
50001802,30017396,50001801,30017394,79787,40186271,3,-1633719739287.77,-398006380027.025,-2727728425747.19
50001803,30017388,50001804,30017389,79881,40186192,3,4714084183.77702,1297635123.13242,-860603185.626377
50001804,30017389,50001803,30017388,79881,40186194,3,-13962376406.2395,1093736146.19565,-39121980359.8854
50001805,30017400,50001806,30017401,79787,40186318,5,-442629392163.218,-21360056513.5218,525488108045.061
50001806,30017401,50001805,30017400,79881,40186333,2,-712661368244.465,-96989907451.0182,153918471307.429
50001807,30017383,50001808,30017393,79881,40186151,4,1243906763759.98,-90811522871.9805,1875254117594.37
50001808,30017393,50001807,30017383,79881,40186230,4,23048469389.1658,7576175799.0167,62172673317.7279
50001809,30017383,50001810,30017396,79787,40186151,2,2350454728153.03,31507939754.2001,-143420647522.926
50001810,30017396,50001809,30017383,79787,40186271,4,-1557219604023.67,113600512462.999,2798234024902.58
50001811,30017393,50001812,30017400,79881,40186230,5,42394176572.5404,-12440001942.2944,-50020514119.7671
50001812,30017400,50001811,30017393,79787,40186318,2,-747741008274.032,-2444445765.5239,-133173935374.276
50001813,30017404,50001814,30017406,79881,40186349,2,-48524933474.9557,13010931449.9277,-19488661623.6979
50001814,30017406,50001813,30017404,79881,40186375,2,-396583825398.246,-33107234043.9855,-37536372395.3019
50001815,30017389,50001816,30017390,79881,40186194,2,14314900053.0534,-1121350919.18922,40109736511.5451
50001816,30017390,50001815,30017389,79787,40186204,2,-14970109237.9943,917058216.743049,-118674280867.202
50001817,30017389,50001818,30017396,79787,40186194,5,40870828652.0535,359060452.487613,7491328442.41985
50001818,30017396,50001817,30017389,79787,40186271,2,1825418217156.97,444707913587.9,3047796412123.03
50001819,30017398,50001820,30017399,79787,40186293,2,309988656864.482,-9236803736.91763,1622259024118.3
50001820,30017399,50001819,30017398,79787,40186296,2,-7423183104.2721,-76915693.0373005,15410178499.3399
50001821,30017395,50001822,30017397,79881,40186256,4,-169866369431.23,-21517018339.3796,-357146850858.93
50001822,30017397,50001821,30017395,79881,40186280,4,-243924017140.917,-18927559985.9946,14574184150.13
50001823,30017390,50001824,30017391,79881,40186204,4,94301134199.4486,-384769963.776745,-71558664855.7701
50001824,30017391,50001823,30017390,79881,40186216,3,-1329680798742.91,4334699001.73958,1285518350699.56
50001825,30017394,50001826,30017407,79787,40186248,2,1422945416819.18,222652871490.93,-2033105898685.59
50001826,30017407,50001825,30017394,79881,40186397,3,-578509967171.052,55701490199.8248,1419932226576.99
50001827,30017382,50001828,30017387,79881,40186133,2,-1146506128160.25,98634709094.3528,390894118909.616
50001828,30017387,50001827,30017382,79787,40186184,2,-14955451467.7654,5388353163.59472,-21360154693.3956
50001829,30017405,50001830,30017407,79881,40186368,3,1184957848689.11,-217006112453.019,-2598337022150.96
50001830,30017407,50001829,30017405,79787,40186397,2,587498649265.229,-56566960141.5555,-1441994628444.31
50001831,30017382,50001832,30017384,79787,40186133,4,-912759832657.146,-25191934219.5047,-791891691576.905
50001832,30017384,50001831,30017382,79881,40186159,5,-34802516666.7428,-8777618463.4313,-105474604315.214
50001833,30017392,50001834,30017394,79787,40186221,5,-45034360031.4656,-13883686745.3237,-22585308055.5776
50001834,30017394,50001833,30017392,79787,40186248,5,-1024133823423.44,36379229609.061,-2199801820586.51
50001835,30017392,50001836,30017397,79881,40186221,3,2570644285.30797,5592771651.72222,51894693122.3357
50001836,30017397,50001835,30017392,79881,40186280,2,-123560969667.661,-22611857425.4338,249208139534.513
50001837,30017386,50001838,30017399,79881,40186181,5,688427069529.837,-938358898006.447,-2841517559768.88
50001838,30017399,50001837,30017386,79787,40186296,3,7398863058.91594,76663699.6381088,-15359691230.6324
50001839,30017404,50001840,30017405,79787,40186349,4,-4182480875.57721,15416740963.7078,-43970692062.3698
50001840,30017405,50001839,30017404,79787,40186368,4,-2835146615343.61,311784494143.317,259434260285.11
50001841,30017386,50001842,30017387,79881,40186181,4,2239862076304.38,464141530797.722,2048477925808.92
50001842,30017387,50001841,30017386,79787,40186184,4,10872307210.2334,3353569483.83843,-22456999407.2071
50001843,30017388,50001844,30017390,79881,40186192,2,-5129788365.18292,-1412065058.10933,936494138.958796
50001844,30017390,50001843,30017388,79787,40186204,3,14814966778.5392,-907554300.308833,117444402079.072
50001845,30017385,50001846,30017403,79881,40186161,3,-27305327.4148659,15351172.0610034,582656571.726638
50001846,30017403,50001845,30017385,79881,40186347,4,510654959279.134,33587662153.7477,1154486870361.78
50001847,30017388,50001848,30017399,79787,40186192,4,-3160378095.99561,-530559350.840893,-3791780783.90883
50001848,30017399,50001847,30017388,79787,40186296,5,9589541018.54999,-724782595.841921,14077803799.9579
50001849,30017425,50001850,30017427,79881,40186571,2,398125215233.502,57819333445.6449,829261979605.241
50001850,30017427,50001849,30017425,79787,40186621,4,-1939189959504.74,-743177648752.727,847428362199.346
50001851,30017419,50001852,30017420,79881,40186498,4,-4333834335.96188,-816482517.501122,11466144176.0858
50001852,30017420,50001851,30017419,79787,40186509,5,-2241192353332.7,961998321498.839,-1147961563402.8
50001853,30017414,50001854,30017433,79881,40186459,3,173811360163.098,-29211477378.5121,98067803783.6904
50001854,30017433,50001853,30017414,79881,40186695,4,-197173740895.496,-197202109.792879,-1915446544.66003
50001855,30017414,50001856,30017460,79881,40186459,4,-1974916867.40682,8009520292.57963,-201526526192.924
50001856,30017460,50001855,30017414,79787,40186938,4,-1205062585185.58,429476918468.877,-3526409685.60811
50001857,30017417,50001858,30017422,79881,40186483,4,-8985607375.0738,163615956.645453,11098066609.5254
50001858,30017422,50001857,30017417,79787,40186532,3,-539410036772.905,47702170069.6088,-122524593779.409
50001859,30017427,50001860,30017445,79787,40186621,5,1866774844678.52,-70762211848.628,1241390323129.38
50001860,30017445,50001859,30017427,79881,40186759,4,-195557457766.324,45059187310.5995,244115779586.169
50001861,30017449,50001862,30017457,79787,40186815,2,-1290460068745.29,588889246933.845,-1629417523813.91
50001862,30017457,50001861,30017449,79881,40186901,5,-12886721463.513,2324038573.26591,6601292185.31772
50001863,30017409,50001864,30017427,79881,40186415,4,-248983117773.977,31945992870.0655,349350824358.124
50001864,30017427,50001863,30017409,79787,40186621,2,-72595015951.2816,-815961934266.574,2094007944952.77
50001865,30017416,50001866,30017417,79787,40186471,5,183407981782.98,10830748497.1849,-174295417213.352
50001866,30017417,50001865,30017416,79881,40186483,3,-5119163015.25774,-101233554.775244,-13331125771.6788
50001867,30017439,50001868,30017446,79787,40186728,4,24880527030.1812,8783619622.26161,136110110104.124
50001868,30017446,50001867,30017439,79881,40186778,3,-1247297425240.82,-195796315215.239,1116847418807.79
50001869,30017440,50001870,30017445,79881,40186738,4,1487182768337.43,-266280781232.105,-1056801914078.93
50001870,30017445,50001869,30017440,79787,40186759,3,-116055648965.498,-25338728082.3538,-292838861311.896
50001871,30017452,50001872,30017455,79881,40186847,3,131801848201.834,29473762457.8844,64255455615.0106
50001872,30017455,50001871,30017452,79881,40186881,3,-2180031880372.91,858168493646.879,1038457427699.65
50001873,30017455,50001874,30017456,79787,40186881,5,283618105896.884,-24023879626.9121,-2546835215574.45
50001874,30017456,50001873,30017455,79787,40186894,4,-76775464228.7174,-40059377483.4974,105759781541.179
50001875,30017447,50001876,30017452,79881,40186786,5,-204277265263.768,3356890287.45766,29036332858.1297
50001876,30017452,50001875,30017447,79787,40186847,2,-132263993611.191,-29577108231.8794,-64480758706.3083
50001877,30017415,50001878,30017422,79881,40186466,3,2054403405856.8,-244635820061.157,919101837189.454
50001878,30017422,50001877,30017415,79787,40186532,4,164508260598.902,-8929817506.40021,530196427218.755
50001879,30017447,50001880,30017454,79881,40186786,2,-127204313718.696,16749423531.1709,-162136867857.397
50001880,30017454,50001879,30017447,79787,40186872,5,-621905249631.69,30242098262.1684,160891369870.035
50001881,30017451,50001882,30017454,79787,40186842,4,13167332392.0361,143110214271.625,2296773804864.86
50001882,30017454,50001881,30017451,79787,40186872,2,-450584773866.386,19374184082.6853,-459116370728.16
50001883,30017440,50001884,30017442,79787,40186738,5,-1645574801161.36,288300893849.753,-780009291535.972
50001884,30017442,50001883,30017440,79881,40186748,3,-79886720175.1962,6220105735.93334,-73078047849.7298
50001885,30017443,50001886,30017459,79787,40186750,4,-3419604933.20409,6037603983.06286,-23602740109.8698
50001886,30017459,50001885,30017443,79881,40186912,4,-12300420188.5704,-760032430.051732,19538057357.1504
50001887,30017436,50001888,30017438,79787,40186711,5,-701984836356.839,-58641266933.5902,-372126033429.18
50001888,30017438,50001887,30017436,79881,40186719,4,-93325498144.5348,4770712987.33573,80787918122.6176
50001889,30017415,50001890,30017454,79787,40186466,4,-219226741079.252,203025052576.245,-2244078583650.81
50001890,30017454,50001889,30017415,79881,40186872,4,171659519699.959,-10882492345.4202,-619662277036.565
50001891,30017440,50001892,30017453,79787,40186738,2,-158683136000.373,22060582612.3462,-1840187016676.54
50001892,30017453,50001891,30017440,79787,40186866,3,-2671131260998.0,387944347629.455,1654647800623.77
50001893,30017409,50001894,30017410,79787,40186415,2,178643993288.887,62951583029.2415,386651551736.734
50001894,30017410,50001893,30017409,79881,40186420,4,-194197612834.058,-2716667894.07668,142544747176.902
50001895,30017423,50001896,30017442,79881,40186553,4,3339730460899.92,-1369666505284.23,2081482152267.96
50001896,30017442,50001895,30017423,79881,40186748,4,-23519623643.3328,-5139705281.83389,105742089947.833
50001897,30017440,50001898,30017446,79881,40186738,3,158392032823.929,-22020112617.6478,1836811205614.91
50001898,30017446,50001897,30017440,79881,40186778,5,-357166621279.102,214522673067.707,-1633354599695.31
50001899,30017421,50001900,30017460,79881,40186525,5,-3618738321965.65,-334765372241.55,-63189839370.7764
50001900,30017460,50001899,30017421,79881,40186938,2,-557546100555.015,355159488182.519,1099324201434.99
50001901,30017462,50001902,30017463,79881,40186962,4,-478867906175.218,-25093788247.3339,-5227784542242.93
50001902,30017463,50001901,30017462,79881,40186977,2,-1124326638732.75,312322061876.063,345189567482.13
50001903,30017455,50001904,30017457,79881,40186881,4,1896413774476.03,-834144614019.966,1508377787874.79
50001904,30017457,50001903,30017455,79787,40186901,2,-12345432979.3369,461204410.676605,-7946805049.37733
50001905,30017410,50001906,30017436,79787,40186420,3,-26284700795.1214,-3236328070.17805,-239452999036.039
50001906,30017436,50001905,30017410,79881,40186711,2,-33822290819.3846,32293990005.7607,-813064774340.405
50001907,30017432,50001908,30017433,79787,40186684,2,-198082499701.527,100917776334.244,1014016080952.09
50001908,30017433,50001907,30017432,79881,40186695,2,-100779805125.183,-20708099605.2611,169519017911.481
50001909,30017452,50001910,30017454,79881,40186847,5,-126330792696.351,13363103028.2026,78937644589.2883
50001910,30017454,50001909,30017452,79881,40186872,3,450245729931.731,-19359605916.7482,458770907166.53
50001911,30017432,50001912,30017435,79881,40186684,3,197893967958.219,-100821724414.808,-1013050956724.7
50001912,30017435,50001911,30017432,79881,40186708,4,-149370724683.578,1005270365.68095,16321633120.9562
50001913,30017451,50001914,30017457,79787,40186842,3,-1972850133631.36,253381061708.419,-1157360881740.37
50001914,30017457,50001913,30017451,79787,40186901,4,562141699.374804,-1863613203.2955,-14534673935.8838
50001915,30017443,50001916,30017462,79881,40186750,3,22293808411.2443,2228682265.20992,10161436036.9497
50001916,30017462,50001915,30017443,79787,40186962,2,-4795213545039.25,-38453596333.9319,-2212169750602.19
50001917,30017416,50001918,30017420,79881,40186471,4,59419682086.5195,-23671980281.0612,245038005392.228
50001918,30017420,50001917,30017416,79787,40186509,2,-7364937784.8934,648833200012.863,-2684728539515.16
50001919,30017445,50001920,30017453,79787,40186759,2,119491325889.334,26088848254.2533,301507975889.083
50001920,30017453,50001919,30017445,79881,40186866,5,-108122200633.232,-192450400998.609,-3158255025695.87
50001921,30017449,50001922,30017453,79881,40186815,4,817672479534.222,691247623968.323,-1767918973481.8
50001922,30017453,50001921,30017449,79787,40186866,2,2689148183193.78,-390561052854.536,-1665808487902.81
50001923,30017443,50001924,30017446,79787,40186750,2,-22359902074.9167,-2235289560.5339,-10191561286.2326
50001924,30017446,50001923,30017443,79787,40186778,2,1286217309517.95,201905820274.624,-1151696823140.38
50001925,30017423,50001926,30017427,79881,40186553,5,253012463402.858,733564367617.179,-4093924993120.36
50001926,30017427,50001925,30017423,79787,40186621,3,72415114826.2209,813939860601.355,-2088818685328.73
50001927,30017451,50001928,30017452,79787,40186842,2,1975005105645.08,-253657833414.225,1158625083347.67
50001928,30017452,50001927,30017451,79787,40186847,4,-5471055505.48255,-42836865486.087,-143193100204.299
50001929,30017423,50001930,30017445,79881,40186553,3,-3592742924302.77,636102137667.046,2012442840852.4
50001930,30017445,50001929,30017423,79881,40186759,5,311613106731.821,-19720459228.2456,48723081725.7269
50001931,30017409,50001932,30017425,79881,40186415,3,-178491250127.663,-62897758528.2386,-386320959147.432
50001932,30017425,50001931,30017409,79787,40186571,4,-513645852987.862,108890841404.883,745954710871.989
50001933,30017475,50001934,30017504,79881,40187060,4,3408729172.50333,2339552402.52314,9313261859.8989
50001934,30017504,50001933,30017475,79881,40187320,4,-88914293283.3495,-1332223801.99986,32671964042.5454
50001935,30017476,50001936,30017481,79881,40187068,2,-1761878171754.69,-41669375774.3104,623718683941.66
50001936,30017481,50001935,30017476,79881,40187107,5,-252452604226.306,-50175147474.1309,-304604641841.462
50001937,30017482,50001938,30017497,79787,40187118,5,-78835582180.2101,12095199797.6449,33142170482.7818
50001938,30017497,50001937,30017482,79881,40187240,3,-174625381169.792,28397784885.6499,-29760587433.1999
50001939,30017476,50001940,30017490,79787,40187068,3,1751319473315.49,41419656820.9775,-619980821925.879
50001940,30017490,50001939,30017476,79787,40187170,2,-321469332980.917,-68249612104.662,42355925146.1167
50001941,30017475,50001942,30017476,79787,40187060,5,6306721535.86302,434103723.126972,-7991658395.68506
50001942,30017476,50001941,30017475,79881,40187068,4,-1410064508487.41,267956186924.208,-1180308971809.63
50001943,30017498,50001944,30017505,79787,40187257,4,-1092503086053.71,-154452802743.885,424203898272.293
50001944,30017505,50001943,30017498,79787,40187330,2,-3558342527076.57,29084725886.4637,1961788561104.58
50001945,30017467,50001946,30017471,79787,40186999,2,-2258756515080.76,-63951830479.0768,389955647919.43
50001946,30017471,50001945,30017467,79881,40187022,2,-81903360250.2597,9736552730.46576,11106802634.2944
50001947,30017490,50001948,30017494,79787,40187170,3,296262392877.883,62898047560.6201,-39034727263.0511
50001948,30017494,50001947,30017490,79787,40187214,5,-1295634043086.03,147841678118.609,-404812206643.4
50001949,30017469,50001950,30017471,79787,40187011,5,-16250673500.3459,-212179102.753953,-36738917833.5876
50001950,30017471,50001949,30017469,79787,40187022,4,-49636362155.9041,11297434939.5655,-65407000962.7805
50001951,30017465,50001952,30017467,79881,40186988,5,1079259072628.44,401491949692.985,780042931975.053
50001952,30017467,50001951,30017465,79787,40186999,4,-1449697470512.15,82448879549.2111,-1733980960693.3
50001953,30017497,50001954,30017499,79787,40187240,4,63121794013.8555,-2577151569.77506,167914108727.453
50001954,30017499,50001953,30017497,79881,40187260,3,-107399314802.986,-8330570743.78581,-146582151649.329
50001955,30017470,50001956,30017496,79881,40187020,4,770641959664.96,29727904550.7088,-102049287443.898
50001956,30017496,50001955,30017470,79787,40187233,5,-449411459168.667,-12241975372.0719,-449837480829.682
50001957,30017481,50001958,30017495,79787,40187107,4,391925308796.539,27588060744.4281,-68317654125.1236
50001958,30017495,50001957,30017481,79787,40187217,3,-551961397134.379,-124581752918.322,131086533350.315
50001959,30017492,50001960,30017495,79881,40187204,5,-853053497.892918,-46582474403.6255,-595564922364.304
50001960,30017495,50001959,30017492,79787,40187217,5,154525981724.61,87462253075.8635,-553025995384.918
50001961,30017477,50001962,30017482,79787,40187072,4,-8654977758.38103,2499509572.39823,-18392664680.8614
50001962,30017482,50001961,30017477,79881,40187118,2,-66368481965.2606,19679928325.1517,-52133559502.3866
50001963,30017481,50001964,30017496,79881,40187107,3,-139472704570.232,22587086729.7028,372922295966.586
50001964,30017496,50001963,30017481,79787,40187233,3,-164289379733.139,50136959595.4576,612347588989.896
50001965,30017465,50001966,30017471,79787,40186988,4,-1273274429031.63,-66128796877.5852,555753648517.934
50001966,30017471,50001965,30017465,79787,40187022,5,-31930207159.5019,-1600919427.18611,76468131839.1519
50001967,30017482,50001968,30017499,79881,40187118,4,12689452621.5242,7518795432.53848,-85101068427.8236
50001968,30017499,50001967,30017482,79787,40187260,4,-72505032523.3375,28533915016.1324,164375102627.67
50001969,30017490,50001970,30017491,79787,40187170,4,-181094910670.1,-38960608622.4173,-242771464670.639
50001970,30017491,50001969,30017490,79787,40187180,2,-8938462360.55096,-56270701.7042308,2389973915.66917
50001971,30017472,50001972,30017485,79787,40187025,3,2891992120.04312,1092754872.97851,-1344748560.3392
50001972,30017485,50001971,30017472,79881,40187139,3,-3584656230242.31,50639013486.1863,-1187429001306.56
50001973,30017497,50001974,30017505,79881,40187240,2,176220169568.894,-28657131250.9516,30032379765.2823
50001974,30017505,50001973,30017497,79881,40187330,4,-3452203069625.49,-435151276736.851,-2064936128278.09
50001975,30017474,50001976,30017506,79787,40187057,4,-1006066025103.37,225581093103.816,1704922359215.18
50001976,30017506,50001975,30017474,79881,40187349,3,-393806740515.63,119355668122.626,-266665035923.49
50001977,30017490,50001978,30017495,79881,40187170,5,-115167482207.783,-23937438938.2028,281806191933.69
50001978,30017495,50001977,30017490,79787,40187217,4,397435415409.769,37119499842.4584,421939462034.603
50001979,30017504,50001980,30017506,79881,40187320,2,-18181802547.5036,-2752149725.8977,105106230541.448
50001980,30017506,50001979,30017504,79787,40187349,4,-38291779691.7701,-46303194702.1186,486651332620.218
50001981,30017466,50001982,30017467,79881,40186995,4,23598840082.7359,-3868111184.61783,3058461665.58509
50001982,30017467,50001981,30017466,79787,40186999,5,-778127220693.762,-145524941992.359,2118596484814.57
50001983,30017493,50001984,30017496,79787,40187211,4,-8805291162.43938,-412344070.173906,14048515892.2841
50001984,30017496,50001983,30017493,79881,40187233,2,168369753860.951,-51382186481.7771,-627556163417.538
50001985,30017472,50001986,30017473,79787,40187025,4,-2714404011.71823,-422109865.754341,-1954460142.27586
50001986,30017473,50001985,30017472,79881,40187029,3,-1147481360703.21,-379559870518.358,-277481415834.527
50001987,30017477,50001988,30017481,79787,40187072,3,20283011083.559,-2386065383.25598,1533771669.52501
50001988,30017481,50001987,30017477,79787,40187107,2,144533658526.902,-23406689434.8097,-386454281132.56
50001989,30017491,50001990,30017492,79787,40187180,4,-6500558828.40467,332364930.746037,-6499107019.02315
50001990,30017492,50001989,30017491,79787,40187204,3,-513060549975.441,86256660920.8132,293593071918.13
50001991,30017474,50001992,30017485,79881,40187057,2,979715335885.397,24634740281.5748,1743582280941.98
50001992,30017485,50001991,30017474,79881,40187139,4,796156436613.447,668750217114.267,3630595034893.64
50001993,30017469,50001994,30017470,79881,40187011,2,23791593085.1173,-790247617.156335,-32579977757.6383
50001994,30017470,50001993,30017469,79881,40187020,5,-465392213264.647,-171576551254.85,-599298264860.794
50001995,30017465,50001996,30017466,79881,40186988,3,194015356403.197,-335363152815.4,-1335796580492.99
50001996,30017466,50001995,30017465,79881,40186995,3,-14837147078.4608,-367674274.097032,18998568560.4798
50001997,30017491,50001998,30017494,79881,40187180,3,8885835979.82025,55939400.4968844,-2375902627.77321
50001998,30017494,50001997,30017491,79881,40187214,2,-350777599628.983,-281634066303.187,-1299725221852.19
50001999,30017470,50002000,30017471,79787,40187020,3,-305249746400.313,141848646704.142,701347552304.692
50002000,30017471,50001999,30017470,79787,40187022,3,81566569315.406,-9696515512.37939,-11061130876.3713
50002001,30017501,50002002,30017506,79881,40187296,3,1183419132985.8,76839640397.0906,781738769038.427
50002002,30017506,50002001,30017501,79881,40187349,2,419411810809.199,-127116099719.643,284003431352.472
50002003,30017498,50002004,30017501,79881,40187257,5,933168036492.318,-105048466335.356,718004069634.277
50002004,30017501,50002003,30017498,79881,40187296,5,-1270572043762.57,-17032543229.6504,634710368397.318
50002005,30017493,50002006,30017495,79787,40187211,2,7834980565.92972,-297925250.175301,14775696543.1726
50002006,30017495,50002005,30017493,79787,40187217,2,623066590827.456,140630718874.765,-147973463111.743
50002007,30017522,50002008,30017542,79787,40187478,5,2256050844943.77,90600783685.4551,19596004946.0545
50002008,30017542,50002007,30017522,79881,40187672,3,-7622048349585.2,1235726357800.67,1807281463188.66
50002009,30017537,50002010,30017540,79881,40187602,5,234306012288.96,-47775460703.8422,63098318215.1358
50002010,30017540,50002009,30017537,79787,40187649,5,-3824494117269.96,465320230306.051,27697264175.6777
50002011,30017550,50002012,30017552,79881,40187728,5,195098285642.976,90409392986.1003,231870991965.466
50002012,30017552,50002011,30017550,79787,40187744,2,-9935520172.48153,-296605216.961942,837004968.146001
50002013,30017528,50002014,30017530,79787,40187551,5,-878028408148.15,39799388959.3921,-968111356587.38
50002014,30017530,50002013,30017528,79787,40187568,3,-178261761966.791,40216845430.5238,-74865250790.2211
50002015,30017524,50002016,30017526,79881,40187516,5,825006917540.56,-125421615201.694,-214108419851.236
50002016,30017526,50002015,30017524,79881,40187522,5,-32621387046.2819,776046130.789924,-29890444271.6995
50002017,30017541,50002018,30017542,79787,40187658,3,1414802953068.73,-442790949404.713,883817202245.077
50002018,30017542,50002017,30017541,79787,40187672,5,2310184626172.01,-102602377185.281,-7585606548401.89
50002019,30017509,50002020,30017516,79787,40187377,4,2649257653355.08,-1497115470571.46,3117072696727.61
50002020,30017516,50002019,30017509,79881,40187427,3,-370680844228.711,-81293183193.2381,173669540214.993
50002021,30017516,50002022,30017531,79881,40187427,5,21427601169.1355,122459646045.163,-398394869581.57
50002022,30017531,50002021,30017516,79881,40187572,2,-888705539135.516,1943869653.71111,-284757064178.094
50002023,30017518,50002024,30017528,79881,40187454,5,5484683749.50192,66692398247.5378,-163790145692.333
50002024,30017528,50002023,30017518,79881,40187551,3,-394049349133.545,84754198057.3692,1243904864525.12
50002025,30017513,50002026,30017516,79787,40187401,4,508405837490.312,-167176451619.434,-2060244224201.67
50002026,30017516,50002025,30017513,79881,40187427,4,349253243059.576,-41166462851.9252,224725329366.577
50002027,30017512,50002028,30017518,79881,40187391,4,-32150080581.3324,-1362296866.60104,7493434555.87507
50002028,30017518,50002027,30017512,79881,40187454,3,-149868410275.774,7798933134.32769,93721960122.1335
50002029,30017520,50002030,30017531,79787,40187471,2,35547911652.1244,-9366818566.90838,186527050084.097
50002030,30017531,50002029,30017520,79881,40187572,5,-685967421739.252,-127382796591.944,615471354177.603
50002031,30017508,50002032,30017511,79881,40187364,3,872619397.580721,-49897097.3301891,-100605879.915302
50002032,30017511,50002031,30017508,79787,40187388,3,-1511363849416.71,154584225713.698,195722882925.602
50002033,30017513,50002034,30017525,79881,40187401,5,-2044095556268.74,20824919762.5427,593523718553.781
50002034,30017525,50002033,30017513,79881,40187520,4,-10416693672.6577,13620540.7181918,8479089086.9785
50002035,30017527,50002036,30017529,79881,40187536,3,635175593899.961,-33510459787.348,-1573762072932.21
50002036,30017529,50002035,30017527,79881,40187560,5,-2005094724799.67,-91067979913.298,935365914413.422
50002037,30017524,50002038,30017530,79881,40187516,2,606213945130.394,-37928670011.806,616672573114.696
50002038,30017530,50002037,30017524,79787,40187568,4,23666434819.8741,-16245230026.3604,195385384755.558
50002039,30017511,50002040,30017548,79787,40187388,4,921313022224.469,-123375859500.412,1217532392766.64
50002040,30017548,50002039,30017511,79787,40187719,5,-1238897992346.19,27984280180.8396,-1187850410617.53
50002041,30017548,50002042,30017551,79881,40187719,4,1639249343578.38,209275383416.127,-464440907817.964
50002042,30017551,50002041,30017548,79787,40187736,5,-729752713745.473,-4879711819.61684,103193878297.733
50002043,30017523,50002044,30017531,79881,40187503,5,5424547190214.47,-276696843534.653,-3211047353994.75
50002044,30017531,50002043,30017523,79787,40187572,4,-200027096497.979,129320736417.357,-899359759032.755
50002045,30017540,50002046,30017547,79787,40187649,3,1869279113099.15,-781697953374.186,3277009187541.18
50002046,30017547,50002045,30017540,79881,40187710,4,-394728380393.992,-13853625825.071,500296589480.479
50002047,30017541,50002048,30017547,79787,40187658,5,-1527535872263.85,78872900662.0315,799548180136.333
50002048,30017547,50002047,30017541,79881,40187710,3,-235099676255.754,53297810022.246,-590073368619.56
50002049,30017519,50002050,30017527,79881,40187463,3,-27309874234.6145,87954856657.0253,430609423455.751
50002050,30017527,50002049,30017519,79881,40187536,4,-1620709534687.39,-426029771718.813,270365097569.573
50002051,30017550,50002052,30017551,79881,40187728,3,113303690277.137,-52380175764.7723,-290551109570.118
50002052,30017551,50002051,30017550,79787,40187736,2,-468080728821.003,-11111347308.7127,-598111578781.383
50002053,30017511,50002054,30017532,79787,40187388,5,590050827192.244,-31208366213.286,-1413255275692.24
50002054,30017532,50002053,30017511,79787,40187575,2,-1883012305359.35,-71611898438.0779,685929758661.793
50002055,30017542,50002056,30017547,79881,40187672,4,5311863723413.19,-1133123980615.39,5778325085213.23
50002056,30017547,50002055,30017542,79881,40187710,2,235575272562.047,-53405629148.09,591267061095.139
50002057,30017551,50002058,30017552,79881,40187736,3,454184517937.402,10781477660.39,580355059192.113
50002058,30017552,50002057,30017551,79787,40187744,4,-5622094695.6225,-489085780.684922,-8097230793.47805
50002059,30017511,50002060,30017550,79881,40187388,2,1516772222563.94,-155137401029.925,-196423271772.882
50002060,30017550,50002059,30017511,79787,40187728,4,-308401975920.113,-38029217221.328,58680117604.6524
50002061,30017532,50002062,30017548,79787,40187575,4,-1537209301364.35,131328308776.385,-1277875808775.51
50002062,30017548,50002061,30017532,79787,40187719,3,-400351351232.19,-237259663596.966,1652291318435.49
50002063,30017537,50002064,30017553,79881,40187602,4,-175354939999.075,10060215409.8098,174105246576.966
50002064,30017553,50002063,30017537,79881,40187750,3,-916360962023.022,-33233166735.8956,-360197048576.754
50002065,30017526,50002066,30017529,79881,40187522,4,41998412604.8702,-4493697823.92216,-13196053111.3804
50002066,30017529,50002065,30017526,79787,40187560,2,-1818425055596.94,198096217939.769,-1253756207461.5
50002067,30017533,50002068,30017553,79787,40187577,2,-272790790242.427,-11329220506.1752,127200831488.044
50002068,30017553,50002067,30017533,79881,40187750,4,146012847672.249,18232585790.4588,974120932443.448
50002069,30017537,50002070,30017541,79881,40187602,3,-58951072289.8848,37715245294.0324,-237203564792.102
50002070,30017541,50002069,30017537,79881,40187658,2,-1442095760710.51,451332780746.958,-900866822362.881
50002071,30017550,50002072,30017553,79787,40187728,2,-113612936142.977,52523139800.3446,291344126366.219
50002072,30017553,50002071,30017550,79881,40187750,5,770348114350.773,15000580945.4368,-613923883866.694
50002073,30017512,50002074,30017523,79787,40187391,2,-9681682861.70111,1239587176.653,31600523791.2542
50002074,30017523,50002073,30017512,79881,40187503,3,-5485856745630.03,347487538368.465,-3098019794769.97
50002075,30017534,50002076,30017553,79881,40187586,3,1706258037652.43,-138495800415.523,220794558552.32
50002076,30017553,50002075,30017534,79881,40187750,2,917615584024.378,33278667432.5529,360690207016.164
50002077,30017525,50002078,30017528,79881,40187520,5,12454781736.924,-1873830988.947,4665813288.64339
50002078,30017528,50002077,30017525,79787,40187551,2,464635264340.449,-99936186431.8231,-1466725086118.91
50002079,30017520,50002080,30017541,79881,40187471,4,-143557684155.607,-15185390892.8489,123369246524.895
50002080,30017541,50002079,30017520,79881,40187658,4,112732919195.118,363918048742.682,-1683365382381.41
50002081,30017519,50002082,30017530,79787,40187463,5,-364951853993.07,-10321655513.159,-246190920433.008
50002082,30017530,50002081,30017519,79787,40187568,5,154595327146.917,-23971615404.1634,-120520133965.337
50002083,30017532,50002084,30017533,79787,40187575,5,-343896932518.094,-202867718364.214,1963111237854.63
50002084,30017533,50002083,30017532,79881,40187577,4,-237153581265.266,-2257288592.5581,-166029632391.558
50002085,30017522,50002086,30017531,79787,40187478,2,1107053274021.72,253557362708.137,1961575699911.67
50002086,30017531,50002085,30017522,79881,40187572,3,885994518237.232,-1937939825.41289,283888404855.152
50002087,30017537,50002088,30017547,79787,40187602,2,62023126328.5414,-39680659443.8329,249564699897.838
50002088,30017547,50002087,30017537,79881,40187710,5,629828056649.745,-39444184197.175,89776779139.0818
50002089,30023313,50002090,30023320,79881,40247164,4,-321818657137.155,-178621034469.908,-2248416466301.79
50002090,30023320,50002089,30023313,79787,40247217,5,-105113052724.2,5433634809.33789,-15476324036.6688
50002091,30023279,50002092,30023315,79787,40246832,4,127045260047.458,-19174020890.5981,-45462336831.6916
50002092,30023315,50002091,30023279,79787,40247183,2,-116851685441.822,-5441465211.09324,42881642280.609
50002093,30023287,50002094,30023294,79881,40246893,5,166655653578.257,201335009055.808,3591897684274.63
50002094,30023294,50002093,30023287,79881,40246966,2,-71505786700.1681,-30337052855.7925,32756070128.8466
50002095,30023284,50002096,30023286,79881,40246874,4,-14303046929.0863,-1877852506.14781,-23795247871.3747
50002096,30023286,50002095,30023284,79787,40246883,5,-101644075801.846,18265667562.8916,-93886218433.9062
50002097,30023281,50002098,30023314,79787,40246843,3,177920553940.094,2325086279.30307,-121448143105.511
50002098,30023314,50002097,30023281,79787,40247178,3,-5406463937995.23,1618929029609.23,223628694733.852
50002099,30023281,50002100,30023323,79881,40246843,5,15663727311.0644,-23529314952.0386,213569192508.998
50002100,30023323,50002099,30023281,79881,40247235,5,-1273935793738.89,-128164142606.316,-1376842985134.5
50002101,30023283,50002102,30023287,79881,40246865,3,778266469458.469,-71853243625.4268,-557197877896.707
50002102,30023287,50002101,30023283,79787,40246893,4,-3176871778731.59,276877652444.544,-1673578003594.13
50002103,30023316,50002104,30023320,79881,40247196,4,63472134025.6806,-981656329.83886,-31297299404.2681
50002104,30023320,50002103,30023316,79787,40247217,2,-46034072973.2218,341280698.651148,-115923824656.926
50002105,30023280,50002106,30023281,79787,40246839,2,1593951539346.45,290882307463.886,-157776874480.66
50002106,30023281,50002105,30023280,79881,40246843,4,-193584281251.159,21204228672.7355,-92121049403.4865
50002107,30023307,50002108,30023308,79881,40247081,4,-174663591386.152,18724185025.4987,-92753727377.4449
50002108,30023308,50002107,30023307,79787,40247092,2,-425438380744.699,-121518873774.832,154201910250.631
50002109,30023287,50002110,30023291,79787,40246893,3,3010216125153.33,-478212661500.353,-1918319680680.5
50002110,30023291,50002109,30023287,79787,40246923,3,-3293242174659.88,456612010293.433,-27949251446.3583
50002111,30023315,50002112,30023316,79787,40247183,4,-84008087436.4682,-4141224868.87319,-70247209616.0775
50002112,30023316,50002111,30023315,79881,40247196,5,-58640228126.5887,-8889957997.53481,-38619796594.3372
50002113,30023320,50002114,30023324,79787,40247217,3,39263518274.6064,-291086147.342525,98874092903.4702
50002114,30023324,50002113,30023320,79787,40247245,2,-378580411168.307,30316332539.8426,-36799916810.3964
50002115,30023283,50002116,30023284,79881,40246865,5,92783543696.3292,7886062253.98465,955332447515.898
50002116,30023284,50002115,30023283,79787,40246874,2,-27993450265.0415,849702198.457659,382413997.062031
50002117,30023279,50002118,30023280,79787,40246832,5,-98086080304.7909,38946513154.6657,-86239522328.0668
50002118,30023280,50002117,30023279,79787,40246839,3,-1494393480841.58,-272713826760.644,147922146207.866
50002119,30023289,50002120,30023290,79881,40246908,2,-820714240168.653,-128782299992.275,1779308902473.59
50002120,30023290,50002119,30023289,79881,40246920,2,-1749052429031.78,-44801046825.4728,-544839659834.6
50002121,30023313,50002122,30023321,79881,40247164,3,2109973082931.95,-62497014695.8511,857296355078.227
50002122,30023321,50002121,30023313,79787,40247225,3,-387761552129.189,963738566.450567,431193407738.795
50002123,30023282,50002124,30023315,79787,40246855,2,2850925178692.74,60936551451.3058,422549645291.863
50002124,30023315,50002123,30023282,79881,40247183,5,-18771566561.3876,-644944106.977659,107964768757.791
50002125,30023285,50002126,30023286,79787,40246876,4,87398736991.9325,-1733727934.4336,276448700043.134
50002126,30023286,50002125,30023285,79787,40246883,3,-31990205517.9449,-23327407538.1929,133836592819.062
50002127,30023312,50002128,30023313,79881,40247152,3,-1075358268778.3,-188197488907.202,-409658311362.681
50002128,30023313,50002127,30023312,79881,40247164,2,-2117760203063.36,62727667762.1049,-860460314732.128
50002129,30023284,50002130,30023306,79881,40246874,5,-13508108020.7824,2722021384.18215,24175171561.6164
50002130,30023306,50002129,30023284,79881,40247068,3,-619952920642.257,-190577612677.99,-799669483700.572
50002131,30023279,50002132,30023282,79881,40246832,3,-28959179742.6674,-19772492264.0676,131701859159.758
50002132,30023282,50002131,30023279,79787,40246855,3,-2716863355893.64,-58071072825.7325,-402679683044.41
50002133,30023289,50002134,30023292,79881,40246908,3,783317374010.709,122914174156.742,-1698232477059.34
50002134,30023292,50002133,30023289,79787,40246931,3,-180722093156.899,22764080950.4783,148311024699.594
50002135,30023288,50002136,30023294,79881,40246906,4,-333901779331.531,53067656952.1009,-568386856980.449
50002136,30023294,50002135,30023288,79881,40246966,4,-66615976698.6684,-13122707392.9652,-49473879580.1858
50002137,30023292,50002138,30023294,79787,40246931,4,218013121216.052,-25664186263.0883,83585087815.1302
50002138,30023294,50002137,30023292,79881,40246966,5,-4643789131.07016,-17109968621.5355,82117250062.5165
50002139,30023312,50002140,30023315,79787,40247152,4,172591567614.869,132485480102.751,1145553744474.5
50002140,30023315,50002139,30023312,79881,40247183,3,102779653997.856,4786168975.85085,-37717559141.7134
50002141,30023313,50002142,30023316,79787,40247164,5,-1788154425794.8,241118049165.759,1391120111223.56
50002142,30023316,50002141,30023313,79787,40247196,3,-4831905899.09189,9871614327.37367,69917095998.6053
50002143,30023307,50002144,30023309,79787,40247081,5,6916716219.79266,-6275175203.70296,198428829599.141
50002144,30023309,50002143,30023307,79881,40247097,4,-559925332527.892,26693233913.6698,766603553885.354
50002145,30023324,50002146,30023325,79881,40247245,3,376887782613.192,-30180788574.4669,36635384816.1843
50002146,30023325,50002145,30023324,79787,40247248,3,-9582575023.90595,-1832464572.23909,-8492740454.14604
50002147,30023320,50002148,30023321,79881,40247217,4,65849534449.5932,-5142548661.99537,-83397768866.8014
50002148,30023321,50002147,30023320,79881,40247225,5,-179544561626.728,-1465058804.96952,-551406663880.68
50002149,30023288,50002150,30023291,79787,40246906,3,654251399218.817,96111244366.998,9377044828.13995
50002150,30023291,50002149,30023288,79787,40246923,5,1602638144485.94,-719174524440.689,-2822952123361.87
50002151,30023284,50002152,30023287,79787,40246874,3,27811154949.8687,-844168878.034335,-379923690.241655
50002152,30023287,50002151,30023284,79787,40246893,2,-3282654799093.87,521493149659.353,2091936606598.73
50002153,30023306,50002154,30023317,79787,40247068,5,1003326971027.29,170934643418.741,-155721129964.278
50002154,30023317,50002153,30023306,79787,40247199,3,-378330839886.419,20518043712.2031,1326022948.21649
50002155,30023293,50002156,30023298,79787,40246948,3,492272281474.161,-109132183693.353,-172015394638.74
50002156,30023298,50002155,30023293,79787,40246998,4,-367494611130.376,-96295507744.3445,490437553736.377
50002157,30023283,50002158,30023306,79881,40246865,4,-871050013154.798,63967181371.4422,-398134569619.191
50002158,30023306,50002157,30023283,79881,40247068,4,-383374050385.036,19642969259.2494,955390613664.85
50002159,30023282,50002160,30023316,79881,40246855,4,1020508532613.27,-315525371878.954,2530983157944.3
50002160,30023316,50002159,30023282,79881,40247196,2,4873764043.15549,-9957130780.56726,-70522778298.2892
50002161,30023280,50002162,30023291,79881,40246839,5,636803451652.337,29209729758.4958,-1386756584220.21
50002162,30023291,50002161,30023280,79881,40246923,4,1690604030173.94,262562514147.256,2850901374808.23
50002163,30023306,50002164,30023310,79787,40247068,2,650636182669.005,200009849597.163,839247437906.772
50002164,30023310,50002163,30023306,79787,40247122,3,-7245915595369.7,1800289560102.24,-321963344335.132
50002165,30023323,50002166,30023326,79881,40247235,4,1801270192503.92,343960630116.59,-414911843961.99
50002166,30023326,50002165,30023323,79881,40247256,2,-2168120120067.46,12760832954.1931,11730074039.1232
50002167,30023312,50002168,30023314,79787,40247152,5,902766701163.431,55712008804.4506,-735895433111.819
50002168,30023314,50002167,30023312,79881,40247178,5,2667390281378.53,-257823333737.75,-4971855742502.03
50002169,30023308,50002170,30023310,79787,40247092,5,-66332656591.3606,-91852988991.0993,450798740450.601
50002170,30023310,50002169,30023308,79787,40247122,4,3337662255333.91,-892105737600.663,6626624610824.87
50002171,30023325,50002172,30023326,79787,40247248,4,-2542934013.77182,177377609.153167,12681180335.606
50002172,30023326,50002171,30023325,79787,40247256,4,-1022956170443.01,-122672997009.365,-1743931609218.2
50002173,30023283,50002174,30023317,79787,40246865,2,-814395291954.321,75188827498.7764,583064215475.922
50002174,30023317,50002173,30023283,79787,40247199,5,187748095959.747,-15189599801.3414,-328750515414.293
50002175,30023298,50002176,30023308,79787,40246998,3,-248597229645.703,84152056531.1809,-562113829157.924
50002176,30023308,50002175,30023298,79787,40247092,4,-355714182937.697,-28697151619.2156,-297826108417.018
50002177,30017985,50002178,30017996,79881,40192076,2,821856821802.483,-3553193657.4376,-348878173041.44
50002178,30017996,50002177,30017985,79881,40192177,2,-67481317362.6259,-5584568942.60548,-30588038736.3253
50002179,30017997,50002180,30017998,79787,40192184,3,704788543.725723,-11748737.303608,-358342347.633386
50002180,30017998,50002179,30017997,79881,40192191,2,-1404519848621.13,266489964491.569,-117481705302.327
50002181,30018012,50002182,30018016,79881,40192313,3,1850302121805.53,21258111470.4002,1301024008213.64
50002182,30018016,50002181,30018012,79787,40192361,5,-2416414260458.91,-171548913955.322,-2439584927702.88
50002183,30017971,50002184,30018009,79787,40191969,3,-2082732309197.2,1102499487128.95,4150202992050.62
50002184,30018009,50002183,30017971,79787,40192292,3,-180080827146.861,-16354378571.3192,-7626398420.6735
50002185,30017991,50002186,30017998,79787,40192119,4,318491673947.415,-118531348600.686,1349508054488.97
50002186,30017998,50002185,30017991,79787,40192191,5,-785651571898.909,-17570815596.4415,1099986472396.24
50002187,30017981,50002188,30017996,79787,40192040,4,377958457433.485,-145094534613.786,1003695307389.35
50002188,30017996,50002187,30017981,79787,40192177,5,-58078599294.3953,-6678753655.44992,41953948708.8793
50002189,30017996,50002190,30018015,79881,40192177,4,-7274759694.20776,1270288717.79243,-71577423092.9095
50002190,30018015,50002189,30017996,79881,40192349,2,-3217683281311.22,760981475197.343,1918255443693.47
50002191,30018004,50002192,30018007,79881,40192249,5,49354864222.5648,-28710779703.9379,225451898812.398
50002192,30018007,50002191,30018004,79787,40192283,3,-302712295648.173,10387323657.4555,358268237612.075
50002193,30018007,50002194,30018008,79881,40192283,5,-158235684377.222,-42054642299.5233,-439649446447.672
50002194,30018008,50002193,30018007,79881,40192289,4,-24298182494.0896,5485153796.13516,11313244618.0782
50002195,30017984,50002196,30017988,79881,40192072,2,-2222302331201.55,-213818759135.196,-343812672628.252
50002196,30017988,50002195,30017984,79881,40192112,5,-177465796838.887,12025467312.3272,64897899396.5223
50002197,30017997,50002198,30018016,79881,40192184,2,-709554456.79569,11828184.4813031,360765526.178656
50002198,30018016,50002197,30017997,79881,40192361,3,-901464960081.432,-30496996795.4314,3317603410059.03
50002199,30017970,50002200,30018007,79787,40191964,2,43257994204.4786,-18333351938.7284,45454062504.5138
50002200,30018007,50002199,30017970,79787,40192283,2,333028202009.174,-11427589070.7468,-394147937577.061
50002201,30017970,50002202,30017973,79881,40191964,3,-43179612573.8189,18300132691.1224,-45371701692.2586
50002202,30017973,50002201,30017970,79787,40191984,4,-23797744695.4462,952404388.693276,20317147972.2668
50002203,30017972,50002204,30017973,79787,40191982,3,-526916235634.399,-69267265198.2975,-824663680470.653
50002204,30017973,50002203,30017972,79881,40191984,3,-5715464833.4718,-1329232633.48575,-30750493179.4541
50002205,30017988,50002206,30017990,79787,40192112,4,32699034460.2093,-1616796975.24681,-186490260793.246
50002206,30017990,50002205,30017988,79787,40192116,5,-2644514297.99404,-112510483.48711,454047919.535031
50002207,30017999,50002208,30018008,79787,40192208,5,-850479258285.518,-9567858641.20819,-1293571386035.61
50002208,30018008,50002207,30017999,79787,40192289,2,-2706170990.81192,372693043.983,27884869410.1309
50002209,30017991,50002210,30017997,79787,40192119,3,-1311338636812.45,-191183341986.542,-424851180362.322
50002210,30017997,50002209,30017991,79881,40192184,4,-659091133.930101,-120681751.195998,-419891598.398517
50002211,30017985,50002212,30017990,79787,40192076,4,658367279021.076,-244975445472.078,471112514992.957
50002212,30017990,50002211,30017985,79881,40192116,2,-1737991623.456,13188421.791531,-2087090584.06246
50002213,30018005,50002214,30018008,79787,40192260,4,-417238276145.015,-102889701605.985,94247176468.051
50002214,30018008,50002213,30018005,79881,40192289,3,2642421837.69219,-363913530.046815,-27227986746.1065
50002215,30018016,50002216,30018017,79881,40192361,2,904150473755.549,30587849025.4573,-3327486733002.84
50002216,30018017,50002215,30018016,79787,40192392,3,-3988885454349.56,505872743744.302,5833897948333.21
50002217,30017971,50002218,30018003,79787,40191969,4,4711622327664.2,-737797176203.289,-183668817064.924
50002218,30018003,50002217,30017971,79787,40192247,4,-1137471083.19823,-54316326.1344731,-456090303.50444
50002219,30018004,50002220,30018009,79881,40192249,4,-220955484803.909,23840575934.5115,-68549769116.5474
50002220,30018009,50002219,30018004,79787,40192292,4,84638582366.914,-5124262102.8135,159889912971.529
50002221,30018010,50002222,30018015,79881,40192294,3,50918849135.1221,6521507468.4249,-36418662144.3664
50002222,30018015,50002221,30018010,79881,40192349,4,-2865333346377.62,857385000624.495,-1712502376868.14
50002223,30017999,50002224,30018003,79787,40192208,3,-694697199171.509,44191532727.0151,1382814648953.88
50002224,30018003,50002223,30017999,79881,40192247,2,-966513137.038877,-95224279.639727,761832323.76744
50002225,30017997,50002226,30018015,79881,40192184,5,-45697409.7956221,132430488.499606,778233946.031903
50002226,30018015,50002225,30017997,79881,40192349,5,-35710244917.8571,-171288751022.14,3441989767288.63
50002227,30018010,50002228,30018017,79787,40192294,4,-57341519671.6991,-866454560.094415,-25937956502.5273
50002228,30018017,50002227,30018010,79881,40192392,5,-2964511862611.43,734646662353.545,-6393234187035.56
50002229,30017981,50002230,30017990,79787,40192040,3,-1058678947234.16,155380696658.473,-162373074691.552
50002230,30017990,50002229,30017981,79787,40192116,4,926005858.576859,125551060.809498,-2517741860.36505
50002231,30017972,50002232,30018009,79881,40191982,5,978541505150.603,53264438700.0438,-46133302051.1413
50002232,30018009,50002231,30017972,79881,40192292,5,95442244779.9466,21478640674.1327,-152263514550.856
50002233,30017972,50002234,30017974,79881,40191982,2,528337996947.296,69454166855.9976,826888844240.058
50002234,30017974,50002233,30017972,79787,40191987,2,-18734791276.7143,6343088999.6351,-10782409890.942
50002235,30017970,50002236,30018004,79787,40191964,5,61769956298.9719,-12511279861.631,-16908739989.6068
50002236,30018004,50002235,30017970,79881,40192249,2,-178835910620.528,-5075548812.48253,163517679291.587
50002237,30018010,50002238,30018012,79881,40192294,2,-51815550611.5997,-6636353846.04584,37060009477.8368
50002238,30018012,50002237,30018010,79881,40192313,5,-2051900165393.54,-13171638452.3661,951979799369.748
50002239,30018005,50002240,30018007,79787,40192260,2,-109458112426.132,-125146787055.274,408762861451.144
50002240,30018007,50002239,30018005,79881,40192283,4,460947980025.395,31667318642.0679,81381208835.5978
50002241,30017999,50002242,30018000,79787,40192208,4,1545176457457.03,-34623674085.8069,-89243262918.2728
50002242,30018000,50002241,30017999,79787,40192213,4,-155184404769.615,13740391851.6962,217383978113.81
50002243,30017970,50002244,30018006,79787,40191964,4,-18590343725.1531,-5788852829.49141,62280441681.8654
50002244,30018006,50002243,30017970,79881,40192275,3,-2439442432481.08,334089626546.539,880658589550.08
50002245,30018010,50002246,30018014,79881,40192294,5,6422670536.57691,-5655052908.33048,62356618646.8937
50002246,30018014,50002245,30018010,79881,40192321,3,-15598546911.5026,-6326436959.47783,8931082179.7899
50002247,30017973,50002248,30017974,79787,40191984,2,5756991296.98424,1338890348.48571,30973914943.0747
50002248,30017974,50002247,30017973,79881,40191987,5,-16356077261.3372,6571073774.7986,10728668730.5293
50002249,30017972,50002250,30018006,79881,40191982,4,-451625269516.204,16002826498.2537,870796982521.794
50002250,30018006,50002249,30017972,79787,40192275,5,450028260963.178,-172997431979.501,-2570136429096.03
50002251,30017998,50002252,30018015,79881,40192191,4,-538051102252.702,268726738368.461,-1210708188166.41
50002252,30018015,50002251,30017998,79787,40192349,3,2901043591295.47,-686096249602.355,-1729487390420.49
50002253,30018012,50002254,30018014,79787,40192313,2,-1857622346267.35,-21342213491.2344,-1306171161026.2
50002254,30018014,50002253,30018012,79881,40192321,5,-136524804.33029,2337223985.29902,-18910881636.6424
50002255,30018057,50002256,30018067,79881,40192796,3,1252500718724.8,-133908627291.906,96676331551.788
50002256,30018067,50002255,30018057,79787,40192880,5,-3561546105831.48,-192706187792.908,1555432609336.76
50002257,30018050,50002258,30018055,79881,40192701,5,1941089118.20337,-7095121824.89318,91322055552.8266
50002258,30018055,50002257,30018050,79881,40192761,5,-1841006482081.32,-383504232884.796,-398457357643.66
50002259,30018033,50002260,30018048,79881,40192548,4,-1155643408574.05,203359422689.61,-639300851780.628
50002260,30018048,50002259,30018033,79787,40192687,5,-200496478037.723,-38550020744.3423,52256132267.87
50002261,30018044,50002262,30018048,79881,40192625,2,-434549131415.477,-3844712009.53368,1078607094505.44
50002262,30018048,50002261,30018044,79787,40192687,2,-148955725081.914,-13476331420.5788,-151772017046.986
50002263,30018026,50002264,30018027,79787,40192477,4,138273147409.788,3568024305.35311,80850151802.9481
50002264,30018027,50002263,30018026,79881,40192492,5,-163428663252.718,21141731814.2156,-53853973986.061
50002265,30018019,50002266,30018021,79881,40192402,4,7515856805.72201,1139295196.67099,-5431361868.34715
50002266,30018021,50002265,30018019,79787,40192415,4,-419520470147.125,-18990791686.5946,265601390767.744
50002267,30018063,50002268,30018064,79881,40192852,5,58331916982.0041,6724924978.23592,-992506233.462896
50002268,30018064,50002267,30018063,79881,40192857,4,-633285673673.272,11986336326.8608,-236803352707.488
50002269,30018033,50002270,30018059,79787,40192548,2,-1147938846983.81,38349397873.9515,688032314621.447
50002270,30018059,50002269,30018033,79881,40192810,2,-268635308492.376,-88057223259.3877,138329051579.422
50002271,30018019,50002272,30018023,79787,40192402,2,-1032031060.15851,1152722059.57555,-9266294392.82707
50002272,30018023,50002271,30018019,79787,40192456,3,-7150637088683.28,299565836980.045,2718631156955.29
50002273,30018049,50002274,30018067,79787,40192693,2,590139907012.137,-24264674672.4449,17045481659.4663
50002274,30018067,50002273,30018049,79881,40192880,2,-3124221853456.07,904196366646.875,-2158807728158.61
50002275,30018063,50002276,30018066,79881,40192852,4,-27409827508.6817,-11182862920.533,50719494834.1037
50002276,30018066,50002275,30018063,79881,40192878,2,-5034855972.58162,-23560689.8202006,-212090567.262634
50002277,30018022,50002278,30018025,79881,40192427,3,35969215521.2732,-531202900.275492,-50253837597.4419
50002278,30018025,50002277,30018022,79881,40192474,3,-257405566204.535,-52976607918.2672,-55433680991.3465
50002279,30018044,50002280,30018061,79787,40192625,4,-1133335842987.99,67618631377.1137,161847772958.871
50002280,30018061,50002279,30018044,79787,40192825,2,-698082862162.673,1596921083.32316,349327323112.486
50002281,30018066,50002282,30018067,79881,40192878,3,5000317721.23452,23399067.5153417,210635662.224564
50002282,30018067,50002281,30018066,79881,40192880,4,447352094761.052,1094000347402.09,-3707311193326.26
50002283,30018044,50002284,30018047,79881,40192625,3,428558943834.563,3791713293.23966,-1063738674906.61
50002284,30018047,50002283,30018044,79881,40192682,4,-243098248334.977,-65475606599.8369,1621352103.84627
50002285,30018064,50002286,30018065,79881,40192857,5,111707659799.596,-70383408688.1048,663202698362.573
50002286,30018065,50002285,30018064,79787,40192870,3,-598151874947.909,34090651268.1309,-346976974939.218
50002287,30018032,50002288,30018048,79787,40192539,3,-61073042590.9082,39156071801.6456,210422986941.461
50002288,30018048,50002287,30018032,79881,40192687,4,53171175320.7017,25221196995.1386,-202366900706.774
50002289,30018025,50002290,30018027,79881,40192474,4,77765385466.5806,36748129717.7836,254438910690.43
50002290,30018027,50002289,30018025,79881,40192492,2,-34289381266.598,25821489160.1014,-173513466749.151
50002291,30018045,50002292,30018060,79881,40192651,4,3514352141004.2,84129051526.2096,-377413487468.345
50002292,30018060,50002291,30018045,79787,40192814,4,-1065174355219.32,-428566382082.142,1437783550082.28
50002293,30018021,50002294,30018023,79787,40192415,3,-18882002330.7492,-20692933528.0719,-496102253884.31
50002294,30018023,50002293,30018021,79881,40192456,5,1573277254950.38,2798873309805.44,-6950065662065.43
50002295,30018058,50002296,30018060,79787,40192805,2,-1977590189.31538,190978021.119904,-22993831744.1689
50002296,30018060,50002295,30018058,79881,40192814,3,-760293256302.659,324933589005.666,-1643733377075.4
50002297,30018060,50002298,30018062,79787,40192814,2,838328975069.203,-358284438772.188,1812444482267.12
50002298,30018062,50002297,30018060,79881,40192848,5,-5159218783066.35,-653376461289.17,-1739191532579.73
50002299,30018045,50002300,30018046,79881,40192651,5,-2085353338612.89,12300807020.4852,-2855055122427.1
50002300,30018046,50002299,30018045,79787,40192660,3,-4124848491312.24,176332239789.641,272482854336.956
50002301,30018049,50002302,30018061,79881,40192693,4,268712883901.416,-9432590598.78128,498371066901.298
50002302,30018061,50002301,30018049,79787,40192825,4,-641024689450.987,2963012831.96811,-422940999822.294
50002303,30018050,50002304,30018065,79787,40192701,4,-80176443690.1681,7760830315.75997,-43650129450.8472
50002304,30018065,50002303,30018050,79787,40192870,4,345675978.865635,-153904288800.347,675021636351.407
50002305,30018019,50002306,30018022,79881,40192402,5,-8542187530.45646,7059901.05237371,-3783750938.75406
50002306,30018022,50002305,30018019,79881,40192427,4,-60872493156.6212,9054539186.71279,-5663014393.45798
50002307,30018052,50002308,30018055,79787,40192715,5,2124844754945.3,-327573053559.759,-1791340497701.61
50002308,30018055,50002307,30018052,79881,40192761,2,-724764209323.013,332153260167.06,-1866233707686.13
50002309,30018058,50002310,30018059,79881,40192805,4,18846937318.5019,-1189755235.58517,-13191535959.1831
50002310,30018059,50002309,30018058,79881,40192810,4,-251813728826.376,-64124687418.1383,-174050608479.608
50002311,30018054,50002312,30018055,79787,40192742,5,1183859712650.17,-425638265003.431,-2457826426453.08
50002312,30018055,50002311,30018054,79787,40192761,3,686509372084.417,-314621394296.049,1767729303331.77
50002313,30018052,50002314,30018057,79881,40192715,2,2552783911637.37,-672802486100.952,957562022061.839
50002314,30018057,50002313,30018052,79881,40192796,2,-1393680561946.06,149002589893.615,-107573530353.865
50002315,30018047,50002316,30018061,79881,40192682,2,-133883262664.683,-4700420864.69326,227392595751.088
50002316,30018061,50002315,30018047,79881,40192825,5,-45767739728.1778,-1391919528.48094,766618482572.432
50002317,30018026,50002318,30018032,79787,40192477,2,163929458418.009,56712568138.351,-89474763046.8979
50002318,30018032,50002317,30018026,79881,40192539,5,-151096083738.372,8752398421.47286,-163200235675.111
50002319,30018054,50002320,30018057,79787,40192742,4,1568272373243.42,377688179810.67,2240864988479.93
50002320,30018057,50002319,30018054,79881,40192796,5,-684828929211.145,291029138468.569,1020954094085.24
50002321,30018044,50002322,30018046,79881,40192625,5,704776899153.427,-71410344670.3534,901890901947.735
50002322,30018046,50002321,30018044,79787,40192660,5,1832149706595.39,46903059764.955,-3709547492159.23
50002323,30018021,50002324,30018026,79787,40192415,5,438402472477.874,39683725214.6666,230500863116.566
50002324,30018026,50002323,30018021,79881,40192477,3,-134563560944.659,-46553225958.6527,73446486351.275
50002325,30018061,50002326,30018062,79881,40192825,3,686792429179.165,-1571093303.48717,-343677482750.138
50002326,30018062,50002325,30018061,79881,40192848,2,-1007519543731.02,-926453931087.447,-5314104607293.64
50002327,30018195,50002328,30018199,79881,40194175,5,1807211088770.67,124584626943.652,-1061971495356.47
50002328,30018199,50002327,30018195,79881,40194222,4,-9686327918.24542,-700540498.672405,5822445446.50536
50002329,30018223,50002330,30018236,79787,40194469,3,-24670412624.3767,-1048030502.36218,-6108030318.72117
50002330,30018236,50002329,30018223,79881,40194574,3,-744825034.078736,139753078.518291,42013422.8539964
50002331,30018225,50002332,30018227,79881,40194489,2,1043483326962.94,-18195984340.1469,-2420154748121.5
50002332,30018227,50002331,30018225,79787,40194497,4,-64820827879.5744,643377165.064246,108459041471.551
50002333,30018187,50002334,30018197,79881,40194091,3,1614059283630.61,331034426446.199,-757413065442.051
50002334,30018197,50002333,30018187,79881,40194195,4,-233386531158.695,114864801589.744,232396369103.916
50002335,30018223,50002336,30018238,79787,40194469,4,7029831617.06513,814594305.105507,24432633196.5898
50002336,30018238,50002335,30018223,79787,40194578,3,-4342478247899.38,148431168766.842,1056930346203.61
50002337,30018216,50002338,30018217,79787,40194383,4,716098586249.756,69100797565.3044,483951525870.032
50002338,30018217,50002337,30018216,79881,40194407,5,-3931058987259.09,465236333931.005,-1986950733559.96
50002339,30018236,50002340,30018238,79881,40194574,5,361293102.021317,64275459.9919458,-664376656.513665
50002340,30018238,50002339,30018236,79881,40194578,5,1264054079782.48,147274065032.607,-4286808665571.73
50002341,30018217,50002342,30018234,79881,40194407,2,-202012362127.763,808609849482.403,-4375769425172.79
50002342,30018234,50002341,30018217,79787,40194553,4,-1949352689.69685,-161841024.699238,996172031.220652
50002343,30018231,50002344,30018233,79787,40194540,4,-1880100574886.1,-465876548128.022,1190413714786.44
50002344,30018233,50002343,30018231,79881,40194551,4,-3846355598.17219,1055267750.31067,5082044520.33301
50002345,30018233,50002346,30018235,79787,40194551,3,-2436166447.49549,151489017.509707,-5981418062.36232
50002346,30018235,50002345,30018233,79881,40194566,5,-363673832055.306,18727675235.6395,-628292370010.471
50002347,30018236,50002348,30018240,79881,40194574,4,383531932.057418,-204028538.510237,622363233.659668
50002348,30018240,50002347,30018236,79787,40194631,4,-2857395143196.36,142409516868.778,206635452393.503
50002349,30018216,50002350,30018221,79881,40194383,2,775853334603.371,102377932621.501,-382388994073.908
50002350,30018221,50002349,30018216,79787,40194461,3,-3340702015.74055,-16156082.7552536,3342138833.57681
50002351,30018185,50002352,30018197,79787,40194054,4,-200675269330.804,-158482045070.263,-1362246568235.97
50002352,30018197,50002351,30018185,79881,40194195,3,-88851819769.6408,-30511306647.1934,-335925114026.217
50002353,30018213,50002354,30018234,79787,40194362,2,-2398871292831.57,-374905323141.424,590740622307.731
50002354,30018234,50002353,30018213,79881,40194553,2,-103375481.66728,-493742712.454703,2141185485.80346
50002355,30018199,50002356,30018207,79787,40194222,3,-72831852.5303867,-1124778315.07753,-11267038021.1829
50002356,30018207,50002355,30018199,79881,40194294,5,-3485347661618.1,-64176291050.5228,54376040486.0057
50002357,30018217,50002358,30018222,79881,40194407,4,3730192053383.38,338788625019.284,-2364007685636.3
50002358,30018222,50002357,30018217,79881,40194464,2,-624236652805.969,-22745307151.0587,34045489096.3504
50002359,30018227,50002360,30018232,79787,40194497,3,-61255760589.1417,-8848381168.34504,-110158773066.166
50002360,30018232,50002359,30018227,79787,40194547,3,-1342620429218.05,252525302279.336,1698262333455.15
50002361,30018221,50002362,30018222,79881,40194461,5,-1223659806.32196,-45983802.5107064,-4564097405.64155
50002362,30018222,50002361,30018221,79787,40194464,4,-339036537851.972,-9404292337.67553,-519862834397.12
50002363,30018198,50002364,30018199,79787,40194213,5,-757627271462.079,-119853281378.485,-647570830242.94
50002364,30018199,50002363,30018198,79787,40194222,2,74725129.2617749,1154017123.89429,11559926643.0708
50002365,30018199,50002366,30018200,79881,40194222,5,9759159770.77581,1825318813.74994,5444592574.6775
50002366,30018200,50002365,30018199,79881,40194228,5,-148124534349.845,-4176655736.06582,42016765483.0119
50002367,30018215,50002368,30018217,79881,40194377,2,-183040816383.825,-3347440982.09743,-43771035078.2921
50002368,30018217,50002367,30018215,79787,40194407,3,200866933875.705,-804024958950.289,4350958419196.26
50002369,30018220,50002370,30018234,79787,40194453,2,178799136954.027,6720787675.44289,-22874367692.5051
50002370,30018234,50002369,30018220,79787,40194553,3,103155038.187148,492689828.733462,-2136619505.81977
50002371,30018219,50002372,30018223,79881,40194441,5,-518213931057.476,-166392150283.189,697318237587.046
50002372,30018223,50002371,30018219,79787,40194469,5,17640581007.3115,233436197.256673,-18324602877.8686
50002373,30018206,50002374,30018235,79787,40194284,4,350118890448.76,32918105775.5298,657858592543.719
50002374,30018235,50002373,30018206,79881,40194566,3,-361559101341.437,18640538579.9504,629514281580.266
50002375,30018215,50002376,30018219,79787,40194377,3,182219906374.983,3332428222.31794,43574728694.2679
50002376,30018219,50002375,30018215,79787,40194441,2,-862342881803.406,-295106213032.261,-127535075541.453
50002377,30018197,50002378,30018207,79881,40194195,2,95978908190.9663,32958716063.1008,362870740990.48
50002378,30018207,50002377,30018197,79787,40194294,2,-1796061084815.16,-29633654909.5036,-3002153556348.87
50002379,30018195,50002380,30018200,79787,40194175,3,-1809912236717.14,-254332570215.114,-1033851703439.8
50002380,30018200,50002379,30018195,79881,40194228,2,-110814258168.25,-534647202.954054,-107602013487.394
50002381,30018197,50002382,30018209,79787,40194195,5,322238350928.335,-84353494942.5502,103528744922.302
50002382,30018209,50002381,30018197,79881,40194321,3,-269076885982.658,-71116605278.7177,-123282330127.939
50002383,30018212,50002384,30018225,79787,40194339,3,173749713518.21,-38867374547.8089,-38593457911.0698
50002384,30018225,50002383,30018212,79787,40194489,5,-1566431604535.49,13250207516.0096,-2103634015687.79
50002385,30018227,50002386,30018234,79881,40194497,2,61534954433.7629,8888710657.90332,110660858928.382
50002386,30018234,50002385,30018227,79881,40194553,5,1846197651.5097,-330848804.034224,1140447474.59912
50002387,30018231,50002388,30018232,79881,40194540,3,-166962671507.061,844186141536.314,-2104370967034.0
50002388,30018232,50002387,30018231,79881,40194547,5,-810185438469.366,-137487326073.555,-2018710080457.02
50002389,30018187,50002390,30018207,79881,40194091,2,-1649581296284.81,-338319790251.886,774082116429.179
50002390,30018207,50002389,30018187,79881,40194294,4,1695527755348.99,34645610885.4896,-3046097336748.5
50002391,30018215,50002392,30018223,79881,40194377,5,-127638720382.801,-32385768044.0351,133317198534.858
50002392,30018223,50002391,30018215,79787,40194469,2,26062614351.2803,1107173002.22433,6452718933.66962
50002393,30018220,50002394,30018240,79787,40194453,5,64709473039.1577,16742557115.0197,-155067627590.022
50002394,30018240,50002393,30018220,79787,40194631,2,-1239277553416.77,449825521354.77,2564045895567.88
50002395,30018236,50002396,30018239,79881,40194574,2,813084529.679976,-152560750.403512,-45863743.2934035
50002396,30018239,50002395,30018236,79881,40194583,3,-846661537700.281,101484058656.818,-458145160240.951
50002397,30018198,50002398,30018200,79787,40194213,2,217104972312.813,-117819638901.899,-1124760256857.15
50002398,30018200,50002397,30018198,79881,40194228,4,37623185291.5021,3643518230.35792,-149314940359.553
50002399,30018185,50002400,30018187,79787,40194054,3,1282663811691.68,172509264591.548,496101738364.194
50002400,30018187,50002399,30018185,79881,40194091,4,-1439590173320.94,-344534648404.531,-1047531251655.81
50002401,30018216,50002402,30018238,79787,40194383,3,-772332562108.449,-101913348152.781,380653737431.124
50002402,30018238,50002401,30018216,79881,40194578,4,3078424168116.9,-295705233799.448,3229878319368.12
50002403,30018215,50002404,30018218,79787,40194377,4,-54581185992.1821,29053339821.7171,-176891927229.126
50002404,30018218,50002403,30018215,79787,40194419,4,-318548177865.359,44972321883.6335,441377589866.97
50002405,30018239,50002406,30018240,79881,40194583,5,822752022743.644,-45731808925.2814,-507956171493.501
50002406,30018240,50002405,30018239,79881,40194631,3,1232940274502.35,-447525253925.745,-2550934164507.5
50002407,30018218,50002408,30018220,79881,40194419,3,-224948716739.313,-51175152448.2416,-495064447120.732
50002408,30018220,50002407,30018218,79787,40194453,3,-167378277175.542,-6291494922.97315,21413259152.564
50002409,30018212,50002410,30018213,79787,40194339,4,-121908952680.467,15518840663.5078,-134485923375.815
50002410,30018213,50002409,30018212,79787,40194362,4,-1721682926901.28,-135297235367.932,-1800561935160.48
50002411,30018206,50002412,30018209,79787,40194284,2,746165565093.921,-10405160016.0477,26759164585.4992
50002412,30018209,50002411,30018206,79787,40194321,4,26039557848.2462,29712592859.984,301823753688.923
50002413,30018297,50002414,30018314,79881,40195121,5,119435445242.455,6474843737.37199,69239375335.7407
50002414,30018314,50002413,30018297,79881,40195275,2,-5583626268701.36,372557220390.682,-577823689095.814
50002415,30018301,50002416,30018302,79787,40195166,4,373295966641.183,41771235953.4071,896646282335.648
50002416,30018302,50002415,30018301,79881,40195173,4,-2399117425728.02,-46986023752.9203,1308863706985.88
50002417,30018320,50002418,30018324,79787,40195309,3,726303710492.566,-6340702313.31506,7566219166.80691
50002418,30018324,50002417,30018320,79787,40195342,4,-1309990500524.93,303515196394.482,-529532695387.378
50002419,30018293,50002420,30018316,79881,40195083,3,33821897986.7144,763214779.713126,9109309103.37803
50002420,30018316,50002419,30018293,79787,40195296,3,-81270570782.8627,-7287070597.02551,131640160393.362
50002421,30018295,50002422,30018313,79787,40195112,5,59826297008.101,8846917195.22713,-2016978329.91592
50002422,30018313,50002421,30018295,79881,40195264,4,-32042050311.3222,5625931006.13683,-14359195796.5583
50002423,30018301,50002424,30018329,79881,40195166,5,584773030760.155,67948311423.2725,-773623164053.596
50002424,30018329,50002423,30018301,79787,40195394,4,-46739247767.6847,-3583320545.5796,-8648351660.88537
50002425,30018323,50002426,30018335,79881,40195336,3,-874103676.68501,-2793200115.71308,-8960692566.83287
50002426,30018335,50002425,30018323,79881,40195467,3,-1733198047457.12,21003178578.9926,555997203941.188
50002427,30018300,50002428,30018339,79881,40195155,2,1579259069702.16,-73466930868.3489,-547781946182.314
50002428,30018339,50002427,30018300,79787,40195489,4,-40213376547.2479,-8637123719.2704,-12155736443.5341
50002429,30018291,50002430,30018293,79787,40195077,5,-3578755583379.56,-27140211283.3506,1807839911452.63
50002430,30018293,50002429,30018291,79787,40195083,2,-34000148750.1388,-767237132.840502,-9157317683.5761
50002431,30018297,50002432,30018329,79881,40195121,4,-119356211926.456,-10286997056.0534,68913805907.8592
50002432,30018329,50002431,30018297,79787,40195394,2,-32101693181.0949,-4184093163.62623,37887191025.9555
50002433,30018315,50002434,30018316,79881,40195288,5,-819774589346.266,28131088355.2378,762651778774.817
50002434,30018316,50002433,30018315,79881,40195296,5,-73538199124.3718,8758275933.99206,-136024133056.81
50002435,30018297,50002436,30018304,79787,40195121,3,-79233315.998951,3812153318.68146,-138153181243.6
50002436,30018304,50002435,30018297,79881,40195187,2,-154870856157.043,-21374274461.3588,41718889499.808
50002437,30018325,50002438,30018329,79881,40195353,5,2713441057909.47,-882835429243.568,-6776683904393.32
50002438,30018329,50002437,30018325,79881,40195394,5,16033377189.3834,-418842905.584513,44888159251.5792
50002439,30018336,50002440,30018338,79787,40195474,4,-157899247655.063,-692746698.532737,-235155984579.385
50002440,30018338,50002439,30018336,79787,40195485,3,-71503633461.3719,18899142711.4342,76458839745.7807
50002441,30018321,50002442,30018322,79787,40195316,5,64994792598.7598,7028573028.37386,-137857767523.831
50002442,30018322,50002441,30018321,79881,40195326,4,-203293429708.81,-61818568656.3339,87059254549.5525
50002443,30018313,50002444,30018314,79881,40195264,2,-30613745989.1875,341964205.393669,21863700189.439
50002444,30018314,50002443,30018313,79881,40195275,5,-2816280614072.01,692081605071.537,3920608780942.59
50002445,30018303,50002446,30018339,79881,40195178,4,-1094440217767.64,-89126650332.4765,-631566839722.826
50002446,30018339,50002445,30018303,79881,40195489,2,-33305878665.4764,6422980379.43805,28011664483.8144
50002447,30018304,50002448,30018313,79881,40195187,4,-110427201523.788,-22051051386.6527,-112519183522.893
50002448,30018313,50002447,30018304,79881,40195264,5,3105231187.17534,-5302698548.34143,35025269722.6249
50002449,30018320,50002450,30018321,79881,40195309,5,-368827223790.61,95547391299.9749,618426800082.48
50002450,30018321,50002449,30018320,79881,40195316,3,-152025895969.483,1434595046.48128,12827971864.4091
50002451,30018325,50002452,30018326,79881,40195353,4,4549939852306.72,347330699452.048,5765675522915.71
50002452,30018326,50002451,30018325,79881,40195368,2,-3165771430957.43,-296740877627.314,-143876655673.456
50002453,30018295,50002454,30018319,79787,40195112,3,-31288746601.8044,-7049324585.38881,-51311239686.0764
50002454,30018319,50002453,30018295,79787,40195306,5,-1441663923971.75,-33256004881.9883,709314189489.278
50002455,30018296,50002456,30018302,79787,40195118,2,80930539618.679,2410886731.60394,-106279848472.449
50002456,30018302,50002455,30018296,79881,40195173,2,-70636617500.1116,-325333295317.491,2715618697859.43
50002457,30018322,50002458,30018323,79787,40195326,2,-25837618392.6992,-43546097799.6646,266520877483.621
50002458,30018323,50002457,30018322,79881,40195336,4,-7651719671.90353,851468978.033121,5439321836.71452
50002459,30018296,50002460,30018313,79881,40195118,4,126777411642.643,6255939968.67021,16245475397.2634
50002460,30018313,50002459,30018296,79881,40195264,3,28936819124.1469,-323232457.795403,-20666073926.0666
50002461,30018300,50002462,30018301,79787,40195155,5,304311464613.844,-186675618430.246,-1597374943104.13
50002462,30018301,50002461,30018300,79881,40195166,3,-958068997401.339,-109719547376.68,-123023118282.052
50002463,30018302,50002464,30018329,79787,40195173,3,70569019893.5066,325021958890.427,-2713019913674.62
50002464,30018329,50002463,30018302,79787,40195394,3,30705870578.3013,4002163451.16411,-36239807590.6938
50002465,30018297,50002466,30018326,79881,40195121,2,79583137.3300326,-3828984275.85415,138763138420.66
50002466,30018326,50002465,30018297,79787,40195368,5,-1602031001451.53,-790517472706.204,2539190197656.02
50002467,30018291,50002468,30018319,79787,40195077,3,3354831149490.75,41334315489.2266,2195429956716.8
50002468,30018319,50002467,30018291,79787,40195306,2,-1337275254148.3,32582227689.3174,-893899958331.178
50002469,30018296,50002470,30018315,79787,40195118,3,-77513911779.8806,-2309106825.49929,101793054108.972
50002470,30018315,50002469,30018296,79881,40195288,2,-1157092769911.19,43429542717.9394,-355863909426.711
50002471,30018335,50002472,30018337,79881,40195467,4,1348143324009.86,-10086652092.258,1223093346146.25
50002472,30018337,50002471,30018335,79787,40195481,3,-1710991054716.96,402691430391.469,1209773320055.0
50002473,30018300,50002474,30018303,79787,40195155,4,1240596744286.82,114806685233.202,1061507939659.13
50002474,30018303,50002473,30018300,79787,40195178,2,-1101924900073.93,-68599341275.2603,639613664568.225
50002475,30018335,50002476,30018339,79787,40195467,5,385054723447.263,-10916526486.7346,-1779090550087.44
50002476,30018339,50002475,30018335,79881,40195489,5,7741575609.79633,14899253669.3942,39465905983.9027
50002477,30018337,50002478,30018338,79881,40195481,2,1716033717611.19,-403878249649.384,-1213338785236.51
50002478,30018338,50002477,30018337,79881,40195485,5,-31944831902.6269,-13265508469.9221,-100595503718.723
50002479,30018398,50002480,30018403,79787,40196163,3,-1115533839417.75,-168831598889.329,-187209485961.984
50002480,30018403,50002479,30018398,79881,40196216,4,-3985973228345.82,267757963352.757,-229746960553.46
50002481,30018389,50002482,30018400,79881,40196064,3,-3339269554778.73,1202917278880.21,-3412184725632.93
50002482,30018400,50002481,30018389,79787,40196185,5,-489460260957.569,-86539394256.4788,70766529208.0508
50002483,30018391,50002484,30018400,79787,40196093,3,-150996020895.218,328149240099.449,1645143563811.04
50002484,30018400,50002483,30018391,79881,40196185,2,-300472166807.047,-149283411911.011,-402363175549.61
50002485,30018408,50002486,30018416,79881,40196247,5,-344213199086.564,8708841106.1999,-194641648231.668
50002486,30018416,50002485,30018408,79881,40196308,4,-2824647540024.93,-341519104756.777,-1101110901824.3
50002487,30018387,50002488,30018390,79881,40196046,2,-9116259310.1872,-3451673495.7264,-39345572918.3116
50002488,30018390,50002487,30018387,79881,40196080,2,-1595081547179.68,-531662276352.07,723422019177.719
50002489,30018407,50002490,30018408,79787,40196242,5,2610799415265.9,132616443133.745,-1390359082667.42
50002490,30018408,50002489,30018407,79881,40196247,2,-3892212122.17763,-6302400785.68824,-407110147899.51
50002491,30018412,50002492,30018413,79881,40196266,4,-2921013695139.63,1141725298074.7,-490547385184.258
50002492,30018413,50002491,30018412,79787,40196268,5,-46765283073.0188,-601102520.068605,-28659733895.9042
50002493,30018393,50002494,30018409,79787,40196104,4,-74639675611.1481,-22992138676.4685,-292376013359.83
50002494,30018409,50002493,30018393,79787,40196253,3,-20842540292.4179,-3432226331.87994,11023239175.8861
50002495,30018389,50002496,30018390,79881,40196064,2,3356184817975.71,-1209010725977.74,3429469344847.99
50002496,30018390,50002495,30018389,79881,40196080,4,-1327888237652.17,-629291304861.168,-1081880353984.52
50002497,30018412,50002498,30018416,79787,40196266,5,876221196483.358,-921418482623.907,2908559573961.05
50002498,30018416,50002497,30018412,79787,40196308,2,-2300854082234.71,-765872053003.455,1884909886500.41
50002499,30018392,50002500,30018395,79881,40196099,4,219424438752.682,-184139506723.331,-1203327992478.96
50002500,30018395,50002499,30018392,79787,40196109,4,-5766976025.68552,-338093898.472928,-263338545.517636
50002501,30018408,50002502,30018409,79881,40196247,3,3780872833.96327,6122116465.23154,395464494304.811
50002502,30018409,50002501,30018408,79881,40196253,5,1304871772.84226,-1482142954.92912,-23744557845.5505
50002503,30018389,50002504,30018405,79787,40196064,5,4645722012993.35,-945953893557.31,-1327845604878.86
50002504,30018405,50002503,30018389,79881,40196224,2,-50925096751.5434,13383152425.9927,-21348196501.7896
50002505,30018400,50002506,30018405,79787,40196185,4,201508494853.917,-56523514253.6426,-456363598799.478
50002506,30018405,50002505,30018400,79787,40196224,5,-46116053658.8148,-2834118275.98743,32816527457.3944
50002507,30018400,50002508,30018411,79787,40196185,3,287951766103.652,143062908510.121,385597069591.427
50002508,30018411,50002507,30018400,79881,40196261,4,-78271012599.5839,-121472218.917546,2768532101.435
50002509,30018391,50002510,30018405,79787,40196093,5,-1373603875319.63,-87554834005.3992,-970837582915.968
50002510,30018405,50002509,30018391,79787,40196224,4,-4678158408.57343,16182874111.8897,-54109856081.9553
50002511,30018387,50002512,30018389,79787,40196046,3,8978039142.07462,3399339432.53056,38749017739.4591
50002512,30018389,50002511,30018387,79881,40196064,4,-1306452458214.62,-256963385322.9,4740030330511.79
50002513,30018392,50002514,30018413,79881,40196099,3,912633330766.868,-138562942602.592,823379265133.859
50002514,30018413,50002513,30018392,79787,40196268,3,-1433469201.8489,-157718890.577943,54832961464.088
50002515,30018390,50002516,30018391,79787,40196080,3,1590186958907.57,530030843810.484,-721202162182.251
50002516,30018391,50002515,30018390,79787,40196093,2,151690370542.686,-329658222308.578,-1652708695970.12
50002517,30018394,50002518,30018416,79787,40196107,3,-61563811242.8391,2086091735.71365,-48651964207.31
50002518,30018416,50002517,30018394,79787,40196308,5,539169498126.174,-419234814215.458,2973424400458.03
50002519,30018397,50002520,30018403,79881,40196141,3,-1053898375966.46,-117636854654.987,-608124607126.024
50002520,30018403,50002519,30018397,79787,40196216,2,-2177170172343.86,1151356008126.78,3294324201987.27
50002521,30018407,50002522,30018410,79881,40196242,4,-100397795758.352,-59004301508.7951,2958614179224.51
50002522,30018410,50002521,30018407,79881,40196256,3,-55496854348.5988,-7984639340.33556,43754185230.1456
50002523,30018396,50002524,30018416,79881,40196114,5,484632367897.233,125240172206.691,1016063363994.22
50002524,30018416,50002523,30018396,79787,40196308,3,2285478041898.76,760753918972.236,-1872313498633.73
50002525,30018393,50002526,30018396,79787,40196104,3,291248663477.895,848994853.796487,82200657141.66
50002526,30018396,50002525,30018393,79787,40196114,4,-1125645732924.53,-94957308563.6687,-82723551050.8
50002527,30018395,50002528,30018396,79881,40196109,5,2643961983.3536,361279098.404433,5130361546.53924
50002528,30018396,50002527,30018395,79881,40196114,2,-752922884974.257,35569712432.463,1096284325667.34
50002529,30018392,50002530,30018394,79787,40196099,5,-1132057769519.55,322702449325.923,379948727345.103
50002530,30018394,50002529,30018392,79881,40196107,4,-11360388811.6568,-5897579381.3657,77444356658.1296
50002531,30018409,50002532,30018410,79787,40196253,4,19537668519.5756,4914369286.80907,12721318669.6645
50002532,30018410,50002531,30018409,79787,40196256,5,-9816785542.10928,-986322428.111576,-70432534547.798
50002533,30018392,50002534,30018403,79881,40196099,2,-914849996629.724,138899493695.314,-825379144655.761
50002534,30018403,50002533,30018392,79881,40196216,5,1867887509287.24,852352329055.046,3434669173256.01
50002535,30018394,50002536,30018415,79881,40196107,2,61683126488.2859,-2090134736.66578,48746255332.789
50002536,30018415,50002535,30018394,79787,40196293,4,-105483569862.495,-12687391284.56,-57882879936.7375
50002537,30018410,50002538,30018411,79881,40196256,2,55778573381.6279,8025171815.56227,-43976294877.5967
50002538,30018411,50002537,30018410,79787,40196261,2,-36810176044.9028,-10637718659.653,68452418616.6621
50002539,30018419,50002540,30018420,79787,40196353,5,721996702778.249,-236012212249.63,-2406525188288.53
50002540,30018420,50002539,30018419,79881,40196358,5,-811615691396.002,-129556225816.848,-921699830466.836
50002541,30018467,50002542,30018471,79787,40196893,2,-420531201574.138,-139668140225.483,919793237297.706
50002542,30018471,50002541,30018467,79787,40196915,3,-213381007641.95,-7605601905.7598,134543470971.683
50002543,30018438,50002544,30018453,79881,40196580,3,-5127647933.81661,3154933672.73563,27306457829.3025
50002544,30018453,50002543,30018438,79787,40196761,3,-8304666634.73393,85573405.945088,-5149383451.91739
50002545,30018418,50002546,30018468,79787,40196343,4,-635030757629.11,7922854152.166,111717051445.377
50002546,30018468,50002545,30018418,79881,40196895,5,-1162619401.38344,-93069389.2492522,-1213106965.64349
50002547,30018460,50002548,30018461,79787,40196826,3,-328293654619.835,-28340314907.5755,-115679493816.556
50002548,30018461,50002547,30018460,79881,40196841,3,-2652873707591.69,-130503917677.032,747925821297.622
50002549,30018424,50002550,30018431,79881,40196392,4,17945033420.8854,19627042739.3512,270514821277.781
50002550,30018431,50002549,30018424,79787,40196463,5,-5097819258561.45,197720961428.864,-5313727556589.47
50002551,30018427,50002552,30018430,79787,40196420,5,1005363322917.2,227022504990.852,-69845959305.2531
50002552,30018430,50002551,30018427,79881,40196444,3,-139986675207.738,-790298646.706773,164370926611.251
50002553,30018417,50002554,30018421,79881,40196318,3,-2270883409985.37,103809897227.584,-985285204530.823
50002554,30018421,50002553,30018417,79787,40196361,4,-175370524678.785,-2080732822.33623,10919944741.3238
50002555,30018419,50002556,30018421,79787,40196353,3,-2407892069266.81,517622623369.187,549970078785.379
50002556,30018421,50002555,30018419,79787,40196361,2,-85799406575.4592,23545830313.2278,169936109490.557
50002557,30018468,50002558,30018469,79787,40196895,2,466042325.631026,84965734.3240068,-1631585273.9217
50002558,30018469,50002557,30018468,79787,40196904,5,-184839272004.746,-2392433108.07966,79125537948.4892
50002559,30018419,50002560,30018430,79787,40196353,4,1685895366488.56,-281610411119.557,1856555109503.15
50002560,30018430,50002559,30018419,79787,40196444,5,-72296626912.7316,-4498944427.90912,-203390394460.469
50002561,30018418,50002562,30018422,79881,40196343,3,220525764118.84,-38349508665.0095,-604735675218.125
50002562,30018422,50002561,30018418,79881,40196375,4,-121977453049.608,-7157611901.37135,81638143227.256
50002563,30018440,50002564,30018452,79881,40196605,4,-361219169487.268,-27590236098.6144,1110003210891.39
50002564,30018452,50002563,30018440,79881,40196753,4,-217895107118.542,-11167490311.4815,14123213397.9894
50002565,30018452,50002566,30018454,79787,40196753,2,-99250718889.6395,16937084092.1996,197406167616.206
50002566,30018454,50002565,30018452,79787,40196763,5,-775622392395.845,-55806677525.1946,317387426405.032
50002567,30018469,50002568,30018470,79881,40196904,3,160958801614.013,221464188.464877,120516995082.241
50002568,30018470,50002567,30018469,79787,40196907,3,-108053621933.266,-33617221455.0296,-137942778988.114
50002569,30018470,50002570,30018471,79787,40196907,5,166000205882.389,58655221649.1729,-28938031835.4279
50002570,30018471,50002569,30018470,79787,40196915,5,-9819291227.90477,26801092798.245,-250751925472.871
50002571,30018425,50002572,30018429,79787,40196401,2,957961267406.912,-230771774896.354,-1385102980018.87
50002572,30018429,50002571,30018425,79787,40196441,3,-579432108335.57,-15797172578.523,-653429609575.414
50002573,30018452,50002574,30018456,79787,40196753,3,97923764838.5669,-16710640066.3937,-194766902966.483
50002574,30018456,50002573,30018452,79787,40196798,3,-590882436430.343,-65501076380.1486,-516524568918.803
50002575,30018422,50002576,30018424,79787,40196375,5,131951459903.7,-7685892685.49468,64220371947.7177
50002576,30018424,50002575,30018422,79881,40196392,3,-242998063287.264,-28800354963.3569,-118355373155.35
50002577,30018439,50002578,30018440,79881,40196589,4,-5353105782365.96,-421496240486.121,-410631402308.86
50002578,30018440,50002577,30018439,79787,40196605,3,-780832551432.946,3967325458.279,-868120051993.766
50002579,30018417,50002580,30018418,79881,40196318,4,280625690602.655,-73400096318.6882,2460556144128.94
50002580,30018418,50002579,30018417,79881,40196343,2,-225801378330.275,39266939849.1756,619202701939.88
50002581,30018440,50002582,30018456,79787,40196605,2,781910658333.786,-3972803202.44656,869318678020.683
50002582,30018456,50002581,30018440,79881,40196798,4,-99044713027.5474,-238647693890.401,743953962290.448
50002583,30018419,50002584,30018455,79787,40196353,2,2411215827249.64,-518337128952.089,-550729235502.996
50002584,30018455,50002583,30018419,79787,40196780,4,-2170739838250.73,-403353114921.331,568747390335.836
50002585,30018453,50002586,30018459,79881,40196761,4,-288929786.321519,-938897802.018541,9722445739.2515
50002586,30018459,50002585,30018453,79787,40196821,3,-1125338531582.07,-210035932916.294,1807685664371.97
50002587,30018424,50002588,30018425,79787,40196392,5,225053029866.379,9173312224.00568,-152159448122.43
50002588,30018425,50002587,30018424,79787,40196401,3,-955248115793.795,230118179772.392,1381180071533.49
50002589,30018439,50002590,30018453,79881,40196589,5,2300035218326.33,470911297276.794,4846658569680.93
50002590,30018453,50002589,30018439,79881,40196761,2,8602394450.71267,-88641269.3980693,5333992269.61083
50002591,30018420,50002592,30018421,79787,40196358,3,-399443308840.466,115014273167.072,1162863785505.91
50002592,30018421,50002591,30018420,79881,40196361,3,78599867490.8166,-21570069263.2798,-155676550934.131
50002593,30018455,50002594,30018461,79881,40196780,2,-679341376864.983,-12273473279.6395,2402121969164.38
50002594,30018461,50002593,30018455,79787,40196841,5,680653646444.86,10510349144.5688,-2674091128078.14
50002595,30018455,50002596,30018470,79787,40196780,3,620453899415.143,11209569466.9182,-2193898374800.5
50002596,30018470,50002595,30018455,79787,40196907,4,-57946583949.1227,-25038000194.1433,166880810823.542
50002597,30018425,50002598,30018431,79787,40196401,4,1686749546695.77,-89422253021.1817,141390794526.473
50002598,30018431,50002597,30018425,79881,40196463,3,-2055777905586.94,-187840860728.517,7071141939683.29
50002599,30018454,50002600,30018455,79787,40196763,4,109527320372.748,89746448066.7791,-827881996684.084
50002600,30018455,50002599,30018454,79881,40196780,5,1550285938835.59,392143545454.413,1625150984464.67
50002601,30018459,50002602,30018460,79787,40196821,5,-929609537844.58,-380527825935.226,-1889246952040.05
50002602,30018460,50002601,30018459,79787,40196826,4,63089437259.7553,21665477576.5207,342800193100.866
50002603,30018427,50002604,30018431,79881,40196420,3,-522787069610.925,-293990661961.783,-841092300165.441
50002604,30018431,50002603,30018427,79881,40196463,2,2059689546117.54,188198275759.651,-7084596586381.15
50002605,30018417,50002606,30018429,79787,40196318,5,1990257719382.71,-30409800908.896,-1475270939598.12
50002606,30018429,50002605,30018417,79787,40196441,4,-276061909527.807,-3507319752.22483,828697106497.648
50002607,30018422,50002608,30018425,79787,40196375,3,-9974006854.09221,14843504586.866,-145858515174.974
50002608,30018425,50002607,30018422,79787,40196401,5,-731501430901.979,-140695926751.21,-1522570866059.96
50002609,30018453,50002610,30018467,79787,40196761,5,8593596421.05545,853324396.073453,-4573062287.33411
50002610,30018467,50002609,30018453,79787,40196893,4,-932616207010.546,-343121579190.713,74574728173.5909
50002611,30018485,50002612,30018487,79881,40197073,2,2695110715.19063,-984304127.53926,4321878889.39011
50002612,30018487,50002611,30018485,79787,40197085,3,-167681133689.196,-9219353126.92568,103651120974.138
50002613,30018485,50002614,30018496,79881,40197073,5,5152335868.64526,-464964314.155499,-211517815.052419
50002614,30018496,50002613,30018485,79787,40197159,4,-353761435772.493,3833819395.38279,-61480388818.7625
50002615,30018487,50002616,30018490,79787,40197085,5,-6254885137.56422,13590024790.9056,-196778305675.872
50002616,30018490,50002615,30018487,79881,40197094,4,-170939261507.153,13533373136.7058,281609447342.808
50002617,30018473,50002618,30018476,79787,40196919,2,955756189.39658,-507366109.521672,-10156857531.6714
50002618,30018476,50002617,30018473,79787,40196953,3,-550783305446.852,-104291970513.848,-893844447098.394
50002619,30018474,50002620,30018477,79881,40196925,3,-203373172248.674,20186607336.6644,-171329775339.834
50002620,30018477,50002619,30018474,79787,40196967,3,-254746950240.632,-25745292258.0818,174570352501.237
50002621,30018475,50002622,30018476,79787,40196939,4,62341666631.5792,-41944987199.4642,-152062594548.683
50002622,30018476,50002621,30018475,79787,40196953,4,-503824123899.049,123836196103.662,918707139948.954
50002623,30018500,50002624,30018502,79881,40197205,3,142270251321.381,12433546196.0911,-121601883737.552
50002624,30018502,50002623,30018500,79881,40197212,3,-5516636836.79634,891157055.403296,220185622.432617
50002625,30018472,50002626,30018489,79787,40196917,4,47421567798.7988,5070196449.54416,-13842420864.833
50002626,30018489,50002625,30018472,79881,40197092,4,-41898498295.0933,303445968.502917,13915359413.2727
50002627,30018497,50002628,30018500,79881,40197163,3,165542834603.087,38151988467.3213,22227110499.1764
50002628,30018500,50002627,30018497,79787,40197205,4,-176927872088.639,575161417.58922,-62278671133.1441
50002629,30018474,50002630,30018501,79881,40196925,2,204684758157.848,-20316793975.561,172434708289.805
50002630,30018501,50002629,30018474,79881,40197210,4,-185715770464.714,-13711793758.0363,182750800601.898
50002631,30018497,50002632,30018503,79787,40197163,2,-166057075062.369,-38270503388.9668,-22296156553.2627
50002632,30018503,50002631,30018497,79881,40197230,3,-684441226060.442,-52437052423.4258,-1042631302242.35
50002633,30018476,50002634,30018477,79787,40196953,2,551968938327.2,104516472578.77,895768563817.104
50002634,30018477,50002633,30018476,79881,40196967,5,-20242574422.5642,-24716072846.5141,-308241773007.093
50002635,30018477,50002636,30018503,79787,40196967,2,255880886355.229,25859890358.8431,-175347404501.475
50002636,30018503,50002635,30018477,79881,40197230,4,-548835960664.586,-127085553446.126,1113964909321.76
50002637,30018494,50002638,30018495,79881,40197148,4,484551186410.649,-350844043729.933,-962261748913.387
50002638,30018495,50002637,30018494,79881,40197157,5,-56113814878.0121,1358878392.79783,-45478826152.7319
50002639,30018486,50002640,30018487,79881,40197079,4,265472977821.703,-31592990043.0999,-484042008041.536
50002640,30018487,50002639,30018486,79881,40197085,2,168222497258.102,9249118084.98617,-103985761726.72
50002641,30018495,50002642,30018496,79787,40197157,3,-11304630968.5322,752432609.166371,71348227467.223
50002642,30018496,50002641,30018495,79881,40197159,2,-234717101170.74,-28121513629.6863,279591843812.806
50002643,30018473,50002644,30018475,79787,40196919,3,-943971324.921817,501110078.008472,10031619326.7524
50002644,30018475,50002643,30018473,79881,40196939,5,-167430684571.622,-3453669821.81376,26906059523.5195
50002645,30018490,50002646,30018494,79787,40197094,2,163732788252.922,5810766919.7541,298376571473.635
50002646,30018494,50002645,30018490,79787,40197148,5,-1121133026442.33,157671439038.767,45050227816.2629
50002647,30018489,50002648,30018492,79787,40197092,2,-8921100797.53796,33634025.300867,43352455639.5813
50002648,30018492,50002647,30018489,79881,40197120,3,-3472463366399.11,-664737818769.298,2218108703196.84
50002649,30018498,50002650,30018501,79881,40197174,3,-1128150229474.26,-141477150244.769,-1327266791351.27
50002650,30018501,50002649,30018498,79881,40197210,3,-64089678179.1943,-14746581945.0512,-252490133034.59
50002651,30018491,50002652,30018492,79881,40197101,4,-1477273092622.66,461421988406.176,-601756548761.949
50002652,30018492,50002651,30018491,79787,40197120,5,-250103036748.626,1663112023207.14,-3819867967241.35
50002653,30018472,50002654,30018488,79787,40196917,5,-35936667661.2498,-638367233.158485,-34267667043.6247
50002654,30018488,50002653,30018472,79787,40197089,5,-47960055945.0079,1724281500.09841,506117833.618193
50002655,30018481,50002656,30018497,79787,40197013,4,2722880495117.98,-33988186876.0097,335962942223.72
50002656,30018497,50002655,30018481,79787,40197163,5,-108420656053.238,8617904098.12694,132381047826.036
50002657,30018479,50002658,30018481,79787,40196990,5,12371427442.4936,-61351537473.0731,517260515628.754
50002658,30018481,50002657,30018479,79787,40197013,3,-1652292410563.42,26765742429.8917,2190278035116.86
50002659,30018480,50002660,30018483,79881,40197001,4,-393377996864.654,136376245103.396,-525372882415.074
50002660,30018483,50002659,30018480,79787,40197046,5,-20765303281.1438,2062456137.34863,5338392658.56428
50002661,30018488,50002662,30018490,79881,40197089,4,23495538847.5339,-2144649231.18114,-41794214936.2874
50002662,30018490,50002661,30018488,79787,40197094,3,-158590801961.614,-5628281272.48592,-289006131645.818
50002663,30018497,50002664,30018499,79881,40197163,4,-57122178549.8491,-46769892565.4482,-154608158325.212
50002664,30018499,50002663,30018497,79787,40197199,3,-1884558927705.62,101690846568.844,-893873828956.775
50002665,30018484,50002666,30018486,79881,40197061,3,-714269224700.921,-75468589928.6949,501812509385.08
50002666,30018486,50002665,30018484,79881,40197079,5,-552818547623.169,2490973324.51745,12495318242.2639
50002667,30018485,50002668,30018491,79881,40197073,3,-2689917160.95111,982407345.768573,-4313550507.07092
50002668,30018491,50002667,30018485,79881,40197101,2,-1226146204673.71,467699337258.947,1049918001939.71
50002669,30018472,50002670,30018475,79787,40196917,2,11520080995.0694,4445404915.81264,-48257460034.2687
50002670,30018475,50002669,30018472,79881,40196939,2,-114039612841.871,-49265331161.4464,-135816311529.743
50002671,30018487,50002672,30018494,79881,40197085,4,173936018826.76,-4370671663.97992,93127184701.7341
50002672,30018494,50002671,30018487,79787,40197148,2,-695751226912.803,-211127726661.401,-1002465042216.92
50002673,30018473,50002674,30018474,79787,40196919,4,8922518746.72475,1857580481.58326,-4325925734.24645
50002674,30018474,50002673,30018473,79881,40196925,4,-46902197851.7716,-6686705456.49536,262445251492.693
50002675,30018483,50002676,30018484,79787,40197046,4,5830807493.24178,-99264578.6051091,-20735038277.6008
50002676,30018484,50002675,30018483,79787,40197061,5,-82333676410.5754,127937401846.741,-862870219055.83
50002677,30018500,50002678,30018503,79787,40197205,2,-146684565771.186,-12819330167.9753,125374906892.573
50002678,30018503,50002677,30018500,79787,40197230,2,740535915672.213,56734631335.7581,1128082144552.71
50002679,30018501,50002680,30018502,79787,40197210,2,64180714164.5626,14767528681.8164,252848781864.005
50002680,30018502,50002679,30018501,79787,40197212,5,2621941578.43044,-96733349.4900432,-4938824719.83099
50002681,30018472,50002682,30018490,79787,40196917,3,-11484900137.5491,-4431829216.38567,48110087908.4577
50002682,30018490,50002681,30018472,79881,40197094,5,329530063468.767,-7905091864.21985,7396684303.00974
50002683,30018479,50002684,30018480,79881,40196990,3,436286391335.871,-55308008489.6694,-279411369360.356
50002684,30018480,50002683,30018479,79787,40197001,2,-666578509617.226,30617093558.6763,78419565488.494
50002685,30018479,50002686,30018483,79881,40196990,4,-448657818778.365,116659545962.742,-237849146268.399
50002686,30018483,50002685,30018479,79881,40197046,2,-15083346971.7099,1982758566.00715,-15550103021.2556
50002687,30018474,50002688,30018502,79787,40196925,5,250275370100.446,-13499901880.169,-91115476152.859
50002688,30018502,50002687,30018474,79787,40197212,4,2894695258.3659,-794423705.913253,4718639097.39837
50002689,30016856,50002690,30016861,79787,40180870,4,17564431227.5669,3284266209.13676,11275710992.8336
50002690,30016861,50002689,30016856,79787,40180925,3,-45382345919.1503,-11242681334.7184,59033827919.255
50002691,30016837,50002692,30016865,79787,40180661,2,107702825427.969,24150847227.6297,-92173379683.1837
50002692,30016865,50002691,30016837,79787,40180971,4,-91801343798.8968,-651686270.07463,5557396297.20481
50002693,30016848,50002694,30016850,79881,40180780,4,235796946020.113,29443609086.5888,-103843176275.081
50002694,30016850,50002693,30016848,79787,40180812,2,-2661358152071.07,-868019595836.875,-172456201686.199
50002695,30016862,50002696,30016867,79787,40180941,4,748332928393.748,-75858779623.2224,61386610926.2995
50002696,30016867,50002695,30016862,79787,40180976,2,-135822526155.663,39780670752.9944,-65023980615.4311
50002697,30016856,50002698,30016863,79881,40180870,2,20253916688.8959,3730544871.76654,-10833889729.5312
50002698,30016863,50002697,30016856,79881,40180946,5,-1891492941119.63,-46995830341.2643,-849587888098.216
50002699,30016832,50002700,30016835,79881,40180637,4,630295753306.577,17835696674.3113,484637987786.716
50002700,30016835,50002699,30016832,79881,40180648,2,-1039089248352.69,9164154283.06995,-61294171338.8417
50002701,30016848,50002702,30016852,79881,40180780,5,-210005302451.436,3322327478.78596,-152109388959.913
50002702,30016852,50002701,30016848,79881,40180835,5,-232727588467.63,-7061742834.40569,-345934777425.361
50002703,30016861,50002704,30016864,79881,40180925,4,74727101106.0613,-2834942866.83334,8875331134.43815
50002704,30016864,50002703,30016861,79787,40180968,3,-695936632955.391,176715437918.066,-1031123770285.94
50002705,30016821,50002706,30016873,79787,40180515,3,-2548361485389.25,137802750459.995,-1046620732679.5
50002706,30016873,50002705,30016821,79787,40181019,3,-689147636231.88,-248516747321.943,656812226826.063
50002707,30016851,50002708,30016853,79881,40180828,4,209796666402.208,62057800581.886,507389554078.547
50002708,30016853,50002707,30016851,79881,40180853,5,-2222875024534.17,117024876019.133,-36343034975.8564
50002709,30016821,50002710,30016875,79881,40180515,5,2163694187038.67,-335506873871.609,-1677621357423.71
50002710,30016875,50002709,30016821,79881,40181048,3,-333547131512.979,14504927979.725,-180106670113.433
50002711,30016862,50002712,30016864,79881,40180941,2,439575829000.155,86308028213.6897,-608308333309.863
50002712,30016864,50002711,30016862,79881,40180968,4,-557456236196.673,-151927483890.951,1115765637175.01
50002713,30016877,50002714,30016883,79881,40181055,4,-63599779075.4152,-12846043941.9746,-243291577844.009
50002714,30016883,50002713,30016877,79881,40181127,3,-133392734697.693,-14512895995.0172,111058082705.607
50002715,30016818,50002716,30016824,79787,40180478,3,-1736654812062.02,103034056989.728,-2086751549004.88
50002716,30016824,50002715,30016818,79787,40180564,3,-2599099647160.04,50960036947.7796,4219475905180.45
50002717,30016853,50002718,30016855,79787,40180853,2,-1115233605612.64,91553160398.4244,-2012202014273.9
50002718,30016855,50002717,30016853,79787,40180865,4,-1481925898.09786,-17214638.7574121,692862818.06312
50002719,30016863,50002720,30016865,79787,40180946,4,1682109854404.53,-134670568567.27,-1205870643831.66
50002720,30016865,50002719,30016863,79881,40180971,2,-41225811888.4834,-9831792002.28561,82055797650.8774
50002721,30016847,50002722,30016853,79881,40180778,4,28849249539.2004,770117812.62002,57197537783.6968
50002722,30016853,50002721,30016847,79787,40180853,3,1078344176067.1,-88524786931.9215,1945642878982.97
50002723,30016833,50002724,30016835,79881,40180642,2,211715097559.427,15348132716.2852,-84294608364.3358
50002724,30016835,50002723,30016833,79881,40180648,5,-568117974390.896,135052893419.33,855553164278.076
50002725,30016818,50002726,30016819,79787,40180478,4,-936181573448.9,46855725121.5317,2549997369212.43
50002726,30016819,50002725,30016818,79787,40180489,4,-163392620253.159,17146779083.1138,46395038364.3539
50002727,30016847,50002728,30016855,79881,40180778,5,35013925478.6623,-4252047609.14629,-53482480520.653
50002728,30016855,50002727,30016847,79881,40180865,2,-144979040.314995,107358846.873471,1637440425.5479
50002729,30016873,50002730,30016874,79787,40181019,4,952453011508.506,-111536381538.084,220182279017.741
50002730,30016874,50002729,30016873,79787,40181042,4,-506055570507.512,61884792815.5109,448941767124.964
50002731,30016849,50002732,30016861,79787,40180788,5,1550312089988.8,-41147169638.2438,276081369811.292
50002732,30016861,50002731,30016849,79881,40180925,5,-29344755186.911,14077624201.5518,-67909159053.6931
50002733,30016861,50002734,30016863,79787,40180925,2,48962115579.1435,12129506568.7135,-63690429551.861
50002734,30016863,50002733,30016861,79881,40180946,2,-218876934679.576,-189903516808.313,-2148657133142.51
50002735,30016821,50002736,30016854,79787,40180515,2,2557505742018.01,-138297226507.283,1050376309989.66
50002736,30016854,50002735,30016821,79881,40180863,3,-1336397951762.48,-224989949792.6,-528775703386.641
50002737,30016826,50002738,30016853,79787,40180577,2,4305302823166.78,-395241527853.072,25196787783.576
50002738,30016853,50002737,30016826,79881,40180853,4,1144530848467.07,-28500089087.2114,-1909299844007.12
50002739,30016855,50002740,30016886,79881,40180865,5,1337946561.29419,123833192.303257,933286630.944702
50002740,30016886,50002739,30016855,79881,40181155,2,-540987027552.513,50899451864.6116,-181036840162.853
50002741,30016849,50002742,30016854,79787,40180788,2,621144247506.843,-51870256851.417,1717943654264.41
50002742,30016854,50002741,30016849,79881,40180863,4,236069954909.744,-69037856532.1146,1433767225957.2
50002743,30016833,50002744,30016867,79881,40180642,3,-210570485001.176,-15265154857.5719,83838879564.4582
50002744,30016867,50002743,30016833,79881,40180976,5,-124967318965.786,22671646110.9565,89097448727.4132
50002745,30016852,50002746,30016883,79787,40180835,4,415852084790.836,11306020668.8828,-28672048233.4733
50002746,30016883,50002745,30016852,79787,40181127,5,-29119224248.4264,-1228909993.65842,-171722753629.022
50002747,30016832,50002748,30016868,79787,40180637,5,97175233305.0252,102307073385.732,-782658970871.401
50002748,30016868,50002747,30016832,79787,40180993,3,-434627225656.281,-15032225887.3983,226755357301.242
50002749,30016826,50002750,30016848,79787,40180577,3,-4296715225027.57,394453156965.23,-25146528859.4603
50002750,30016848,50002749,30016826,79881,40180780,3,-25791643568.6766,-32765936565.3748,255952565234.994
50002751,30016854,50002752,30016873,79787,40180863,5,1100327996852.73,294027806324.715,-904991522570.563
50002752,30016873,50002751,30016854,79787,40181019,5,-263305375276.626,360053128860.027,-876994505843.804
50002753,30016837,50002754,30016884,79787,40180661,4,129299225793.401,38595099888.2595,49167228390.9404
50002754,30016884,50002753,30016837,79881,40181129,2,-809365114285.969,92978244369.0625,-116318154141.058
50002755,30016826,50002756,30016850,79787,40180577,5,2121990798838.05,-720305351313.151,-3687316451900.15
50002756,30016850,50002755,30016826,79881,40180812,5,-1385493317191.42,-684463533842.151,2299273704780.22
50002757,30016819,50002758,30016829,79787,40180489,5,122635047998.886,-2501477981.31887,118735199419.414
50002758,30016829,50002757,30016819,79787,40180608,4,-1704209024035.38,-132699992241.85,-695400225989.337
50002759,30016847,50002760,30016854,79881,40180778,2,63971248352.9247,-3487822140.04751,3721344119.72222
50002760,30016854,50002759,30016847,79881,40180863,2,1340101828846.23,225613517883.236,530241225095.676
50002761,30016849,50002762,30016851,79787,40180788,4,-1014914585065.41,-3562583707.21831,1204706305167.52
50002762,30016851,50002761,30016849,79787,40180828,3,-537190287032.479,-111815076142.91,-65068853529.8234
50002763,30016833,50002764,30016864,79881,40180642,5,32179944291.0416,13491665304.8235,-224464558418.045
50002764,30016864,50002763,30016833,79787,40180968,2,696797115853.412,-176933935702.123,1032398691490.06
50002765,30016873,50002766,30016875,79787,40181019,2,794840430866.558,286631119565.307,-757545823161.166
50002766,30016875,50002765,30016873,79881,40181048,4,11225832694.6423,5426647472.2628,379139851074.911
50002767,30016856,50002768,30016868,79881,40180870,5,825728792.997545,102995534.331117,-21112670867.3875
50002768,30016868,50002767,30016856,79787,40180993,5,20800772788.4635,9215935930.36071,-489925687771.064
50002769,30016824,50002770,30016851,79881,40180564,4,4918535902886.27,-594922486475.299,126351188107.801
50002770,30016851,50002769,30016824,79881,40180828,5,327393620630.271,49757275561.0237,-442320700548.724
50002771,30016917,50002772,30016920,79881,40181455,3,-9746406.47619629,2118842981.26301,9198078466.1718
50002772,30016920,50002771,30016917,79787,40181481,4,-461604283363.692,14945799594.4429,-111182421225.309
50002773,30016916,50002774,30016918,79881,40181450,3,330669288268.519,-5475519197.84405,54217404566.6199
50002774,30016918,50002773,30016916,79881,40181462,3,-1870622469152.83,-124950780530.91,-744578806401.702
50002775,30016916,50002776,30016924,79787,40181450,2,-357488329775.369,5919612985.3484,-58614725016.5466
50002776,30016924,50002775,30016916,79787,40181522,4,-357680453013.693,28329958649.4992,306206254143.265
50002777,30016908,50002778,30016926,79881,40181389,4,121900829944.789,-3611390542.40886,-52569286647.2254
50002778,30016926,50002777,30016908,79787,40181536,5,-64623322727.7552,1123256211.29471,-29009081004.904
50002779,30016896,50002780,30016897,79787,40181271,3,537909061764.144,109586045566.691,233829620378.193
50002780,30016897,50002779,30016896,79787,40181284,5,-2193144555288.84,-286936776356.757,960295328929.184
50002781,30016905,50002782,30016906,79881,40181373,5,258623193000.034,127031946326.519,-651579777820.404
50002782,30016906,50002781,30016905,79881,40181379,4,-328120766693.996,110132683290.014,-60403197420.3333
50002783,30016921,50002784,30016923,79787,40181491,4,65750307796.9727,6987954472.04578,135041129676.438
50002784,30016923,50002783,30016921,79787,40181512,3,-45306554716.66,-3006028952.62918,-12590392414.9203
50002785,30016901,50002786,30016908,79881,40181332,2,-143606810339.03,141208032008.451,-1379968635099.24
50002786,30016908,50002785,30016901,79787,40181389,5,-105797046415.1,15912673011.4586,-78677545646.4416
50002787,30016909,50002788,30016915,79787,40181393,3,-800637191108.64,1236510662021.94,2499315187983.69
50002788,30016915,50002787,30016909,79881,40181447,3,-44935063875.9804,2650139758.10973,-2936959292.09616
50002789,30016919,50002790,30016929,79881,40181474,2,732573484489.287,-21953485404.5642,-545788708804.843
50002790,30016929,50002789,30016919,79881,40181557,3,-9343664606.91514,507937804.908371,-1097994469.71705
50002791,30016920,50002792,30016924,79787,40181481,5,133883190839.929,-32326824218.6555,454635777058.078
50002792,30016924,50002791,30016920,79787,40181522,3,-86247640895.9761,-3567678967.08475,-463733521764.687
50002793,30016906,50002794,30016907,79787,40181379,5,102843089594.192,-74326596751.504,327627605157.402
50002794,30016907,50002793,30016906,79881,40181386,3,-1205229513439.6,5475660307.28025,513621406926.604
50002795,30016907,50002796,30016909,79881,40181386,5,157789710390.967,-6482314609.45264,-1300567375981.33
50002796,30016909,50002795,30016907,79881,40181393,5,-1969984617792.92,-489354259646.931,-2072739238831.28
50002797,30016917,50002798,30016919,79787,40181455,5,-8144750540.44343,-441737504.718626,-4749962594.84341
50002798,30016919,50002797,30016917,79787,40181474,3,-670136854610.923,20082408069.9806,499271590283.695
50002799,30016915,50002800,30016919,79881,40181447,2,45604925408.3367,-2689646248.72529,2980741494.28244
50002800,30016919,50002799,30016915,79787,40181474,5,-82320305527.7946,-223444093912.08,-801283303257.806
50002801,30016925,50002802,30016929,79881,40181534,5,-1343382606125.58,21126094045.9736,-1431496302692.21
50002802,30016929,50002801,30016925,79787,40181557,4,3670691282.58748,-1317107488.48657,8576649364.84009
50002803,30016905,50002804,30016908,79787,40181373,2,703045048685.813,-78962033382.812,-129551257118.397
50002804,30016908,50002803,30016905,79787,40181389,3,-16103783529.689,-12301282469.0498,131246832293.667
50002805,30016921,50002806,30016922,79787,40181491,5,84179700821.174,-2610307685.98008,-124559244742.535
50002806,30016922,50002805,30016921,79787,40181507,3,-440696081331.497,5512276212.36782,215086113582.875
50002807,30016895,50002808,30016897,79787,40181255,4,-375349779962.619,44741033614.1575,-132519837921.574
50002808,30016897,50002807,30016895,79881,40181284,2,-2119479494695.95,-48557627844.5159,-1554477813593.11
50002809,30016910,50002810,30016925,79881,40181407,4,591992166431.292,96788410402.4293,-177655744997.059
50002810,30016925,50002809,30016910,79787,40181534,3,-555078662390.38,218711760750.665,1870389704628.45
50002811,30016909,50002812,30016929,79787,40181393,4,2770621808901.56,-747156402375.006,-426575949152.407
50002812,30016929,50002811,30016909,79881,40181557,5,5672973324.32765,809169683.5782,-7478654895.12304
50002813,30016917,50002814,30016918,79881,40181455,4,8154496946.91962,-1677105476.54439,-4448115871.32838
50002814,30016918,50002813,30016917,79787,40181462,4,294643547920.028,-18911999227.4175,1995511522029.29
50002815,30016902,50002816,30016908,79881,40181347,5,116456147177.869,-5615466650.2631,-1302659096275.59
50002816,30016908,50002815,30016902,79787,40181389,2,16130909562.9676,12322003375.8485,-131467911143.488
50002817,30016921,50002818,30016924,79881,40181491,2,151017854795.025,4409409649.04315,10557938277.4392
50002818,30016924,50002817,30016921,79787,40181522,2,91836356961.1402,3798859142.58361,493782749269.556
50002819,30016922,50002820,30016923,79881,40181507,5,36290795884.4902,53713165432.7617,-486110410852.748
50002820,30016923,50002819,30016922,79881,40181512,4,12163983667.0106,-3973539194.87573,45348501398.9979
50002821,30016902,50002822,30016926,79881,40181347,4,1069369062381.16,-32095633775.5902,752285828329.456
50002822,30016926,50002821,30016902,79881,40181536,2,-7181833382.51409,2154067520.00622,-70550951902.5738
50002823,30016913,50002824,30016926,79787,40181430,5,3045703265.07032,311515923.775115,7284454548.61115
50002824,30016926,50002823,30016913,79881,40181536,3,7171343846.51297,-2150921363.92092,70447907636.5097
50002825,30016901,50002826,30016903,79881,40181332,4,1103515838231.75,-137608579201.165,-830137800577.843
50002826,30016903,50002825,30016901,79881,40181353,4,-331527301216.589,42590242655.6073,102988978028.181
50002827,30016918,50002828,30016919,79881,40181462,5,1575978921232.81,143862779758.328,-1250932715627.58
50002828,30016919,50002827,30016918,79787,40181474,4,752457160138.717,203361685842.099,302011712974.11
50002829,30016896,50002830,30016916,79881,40181271,2,-539471282172.848,-109904310435.351,-234508719190.762
50002830,30016916,50002829,30016896,79881,40181450,5,-212102731674.376,12861317744.7612,259149964681.787
50002831,30016895,50002832,30016899,79787,40181255,5,70721207224.5643,-37207026359.4302,392510984416.741
50002832,30016899,50002831,30016895,79881,40181313,3,-1363196279091.6,61661126799.0607,-566305822820.594
50002833,30016899,50002834,30016918,79787,40181313,4,194263686445.669,40702061508.6002,1464040107772.09
50002834,30016918,50002833,30016899,79787,40181462,2,1941625286388.49,129693510600.6,772840625010.364
50002835,30016897,50002836,30016899,79787,40181284,3,1944070813288.89,44538985770.4706,1425828820176.92
50002836,30016899,50002835,30016897,79787,40181313,5,1168932592645.93,-102363188307.661,-897734284951.498
50002837,30016998,50002838,30017000,79881,40182238,5,-501681389767.722,208157217540.853,3374978075408.87
50002838,30017000,50002837,30016998,79881,40182270,4,-830579803609.75,-81452785473.0903,-1721538957.08512
50002839,30017009,50002840,30017012,79881,40182351,4,117615633999.838,-9895387998.64459,-20107130752.0889
50002840,30017012,50002839,30017009,79881,40182374,3,-399025795662.19,-120382269532.747,280876630112.807
50002841,30017000,50002842,30017009,79881,40182270,2,-414749123920.8,-82886896563.9179,724276805303.735
50002842,30017009,50002841,30017000,79881,40182351,5,-76095372347.8661,7167722042.55235,-92161656017.4002
50002843,30017011,50002844,30017012,79881,40182368,4,20101123380.7185,-1957523751.76559,-14706771945.7222
50002844,30017012,50002843,30017011,79881,40182374,5,-27158768400.5911,-29698953476.036,-500984561864.552
50002845,30016983,50002846,30017011,79787,40182075,2,-14053029496.8625,-14988793386.1632,74258300648.7504
50002846,30017011,50002845,30016983,79881,40182368,5,-22817506818.7342,1113106022.35096,-10114276001.232
50002847,30016986,50002848,30017001,79881,40182102,3,-134385072176.67,-5345699766.25437,112989298027.219
50002848,30017001,50002847,30016986,79787,40182296,5,-794075999944.199,-10146599230.7397,79656000107.8763
50002849,30016983,50002850,30017008,79787,40182075,3,14025397876.3421,14959321829.799,-74112291050.9998
50002850,30017008,50002849,30016983,79881,40182342,3,-66060336700.1024,-4209078789.28815,61057382411.9713
50002851,30016985,50002852,30016990,79881,40182100,3,368879120682.256,68376291150.0563,-59920654900.7218
50002852,30016990,50002851,30016985,79881,40182150,3,-783808722722.121,-133582223485.089,-223358759226.027
50002853,30016998,50002854,30016999,79787,40182238,3,3178115824378.08,-158160628130.181,-1249021887755.09
50002854,30016999,50002853,30016998,79881,40182255,3,-1548652009133.28,-132788846787.495,82692467415.8572
50002855,30016990,50002856,30016992,79881,40182150,4,211328624599.543,-21411387702.3051,798104770359.769
50002856,30016992,50002855,30016990,79881,40182174,2,-2066215943441.09,-87021629225.9006,312940086798.213
50002857,30017009,50002858,30017011,79787,40182351,2,43314675843.312,-2845549666.50507,-117120796275.409
50002858,30017011,50002857,30017009,79881,40182368,2,-2938641271.2312,-913509026.409673,-26851936612.2362
50002859,30016991,50002860,30016996,79787,40182154,4,-519403905297.165,-53626872886.8772,34661480287.0834
50002860,30016996,50002859,30016991,79881,40182218,5,-22263546385.0044,-9739481946.18911,-23073439684.4253
50002861,30017008,50002862,30017012,79881,40182342,5,-19486552245.4295,16515255395.321,-86355133008.9909
50002862,30017012,50002861,30017008,79881,40182374,2,400654098664.916,120873512988.9,-282022802278.066
50002863,30016990,50002864,30017016,79787,40182150,5,572480098122.578,154993611187.394,-574746011133.742
50002864,30017016,50002863,30016990,79787,40182407,4,-36748912867.4997,5597385397.27426,7084365184.04599
50002865,30016988,50002866,30017000,79787,40182117,4,-340350253940.446,26433159154.0474,131326071294.584
50002866,30017000,50002865,30016988,79787,40182270,3,412691204563.642,82475624932.3321,-720683058694.977
50002867,30016999,50002868,30017000,79881,40182255,5,721523620746.378,-146096266651.679,-1371442128916.31
50002868,30017000,50002867,30016999,79787,40182270,5,417888599046.108,-1022839459.24175,722404597652.063
50002869,30016999,50002870,30017006,79787,40182255,2,1572543863856.9,134837448938.045,-83968206837.358
50002870,30017006,50002869,30016999,79881,40182334,5,-667153341468.343,108508635085.101,-356275435557.426
50002871,30017010,50002872,30017012,79787,40182363,5,-1016783321081.88,-17949643993.6157,73411039123.0844
50002872,30017012,50002871,30017010,79787,40182374,4,426184564062.781,150081223008.783,220107931751.745
50002873,30016985,50002874,30016992,79787,40182100,2,-369642304683.488,-68517756710.2995,60044626366.1682
50002874,30016992,50002873,30016985,79787,40182174,4,-1224200169790.7,-104382898172.401,-1536753555822.52
50002875,30016990,50002876,30016991,79881,40182150,2,784755494493.487,133743579023.354,223628556897.311
50002876,30016991,50002875,30016990,79881,40182154,2,-231254985596.235,-117979230149.376,481485803411.664
50002877,30016998,50002878,30017010,79787,40182238,2,-3182933647585.78,158400389670.306,1250915326185.36
50002878,30017010,50002877,30016998,79881,40182363,2,-595800397356.083,100503266361.437,-870277557332.268
50002879,30017009,50002880,30017010,79881,40182351,3,-41520261651.9724,2727665956.09225,112268786769.489
50002880,30017010,50002879,30017009,79881,40182363,4,443407108212.335,114670261339.73,-910933894399.58
50002881,30016986,50002882,30017002,79881,40182102,2,143195389471.654,5696165114.38847,-120396903280.045
50002882,30017002,50002881,30016986,79881,40182303,2,-60878665888.4332,5972948090.78196,-16578578589.6691
50002883,30016988,50002884,30016996,79881,40182117,2,-54938825629.2613,48076696543.3378,361439049617.681
50002884,30016996,50002883,30016988,79881,40182218,3,-9952485642.66684,5886989077.60954,31451518472.4174
50002885,30017001,50002886,30017002,79787,40182296,2,-467543905470.914,-29306357635.5994,-650120292635.754
50002886,30017002,50002885,30017001,79787,40182303,5,-43191711103.3422,3972941305.69179,43125121803.6652
50002887,30019367,50002888,30019372,79787,40206000,4,-334409141669.193,-99627541261.9657,209005032416.016
50002888,30019372,50002887,30019367,79787,40206044,3,-85103436962.6426,15600153014.1118,-18096742000.3237
50002889,30019371,50002890,30019397,79787,40206042,5,-472996297504.938,242539820893.835,1300645065562.64
50002890,30019397,50002889,30019371,79881,40206302,3,-587165841668.135,-107645958909.979,-339247239277.477
50002891,30019390,50002892,30019410,79787,40206236,2,417498021426.445,22043178319.1929,-560690707022.919
50002892,30019410,50002891,30019390,79881,40206417,3,-9068941711.15335,-1298649423.49879,-1545279477.55097
50002893,30019391,50002894,30019393,79787,40206241,2,101121126317.295,18479490480.2168,-805654889600.356
50002894,30019393,50002893,30019391,79787,40206253,3,-4333092073235.39,464357498060.778,1746218071664.39
50002895,30019394,50002896,30019398,79881,40206257,3,-2823673791.91672,2590973211.62894,-16441190457.3446
50002896,30019398,50002895,30019394,79881,40206308,3,-641183772641.947,-251138584565.666,-1123446842163.01
50002897,30019408,50002898,30019409,79787,40206412,3,332135091534.855,17816066641.5413,5756177090.10641
50002898,30019409,50002897,30019408,79881,40206414,3,-80221224141.0812,-2562138553.6615,-29000887767.6096
50002899,30019396,50002900,30019403,79787,40206292,2,-848863885767.693,56763457104.4204,1070239134111.14
50002900,30019403,50002899,30019396,79787,40206369,5,-84740267787.3404,-1672887671.06031,-21866174452.7592
50002901,30019410,50002902,30019413,79881,40206417,4,3171433944.81872,732623505.810816,8702031503.13627
50002902,30019413,50002901,30019410,79881,40206450,5,-442537830676.909,36064708127.5102,-454195712581.938
50002903,30019379,50002904,30019389,79787,40206108,4,554700938563.604,11747927241.2149,16252102738.045
50002904,30019389,50002903,30019379,79787,40206231,4,-2958108657934.79,10947504190.6568,3179958862873.25
50002905,30019382,50002906,30019385,79881,40206148,5,-591132687688.124,103181052419.59,-26880755993.0984
50002906,30019385,50002905,30019382,79787,40206181,3,-2803279979137.42,-325632995293.847,-824489511874.654
50002907,30019382,50002908,30019394,79787,40206148,2,-277025150224.073,28095295993.901,-534579225996.846
50002908,30019394,50002907,30019382,79787,40206257,4,-12940184754.0984,-3014579910.68928,10414554527.827
50002909,30019412,50002910,30019413,79881,40206441,4,-143224601576.336,-3456880806.57862,1626218474459.07
50002910,30019413,50002909,30019412,79787,40206450,3,-171201717374.853,8458437493.4934,611598370569.634
50002911,30019405,50002912,30019407,79881,40206384,5,-1607414721073.61,494882329897.965,2641534474524.29
50002912,30019407,50002911,30019405,79787,40206402,3,-929425665912.364,-59542018455.9574,452339680668.571
50002913,30019366,50002914,30019379,79787,40205997,5,-355407682285.28,-39228549764.3422,-193750456762.358
50002914,30019379,50002913,30019366,79787,40206108,3,-292292041360.988,37679100392.863,470362545098.806
50002915,30019388,50002916,30019392,79787,40206220,2,-66369146989.0243,13878339767.2578,363843712907.617
50002916,30019392,50002915,30019388,79881,40206246,5,-4842785199400.16,489862717188.629,-123263740948.107
50002917,30019389,50002918,30019413,79787,40206231,2,1283060287319.02,157468144116.671,4182485115987.94
50002918,30019413,50002917,30019389,79787,40206450,2,172945860631.853,-8544609098.2252,-617829120998.88
50002919,30019405,50002920,30019409,79881,40206384,4,-1471937692118.49,61127272755.669,-2763341794479.29
50002920,30019409,50002919,30019405,79787,40206414,4,14908873855.3991,9624424965.77812,83475486056.7648
50002921,30019406,50002922,30019408,79881,40206388,2,-105954400008.062,56330418266.5578,411573074073.366
50002922,30019408,50002921,30019406,79787,40206412,2,-333032068783.601,-17864181420.2771,-5771722451.07901
50002923,30019407,50002924,30019409,79881,40206402,4,851089128252.285,113002641240.526,578676253158.212
50002924,30019409,50002923,30019407,79881,40206414,5,65312350285.6821,-7062286412.11662,-54474598289.1552
50002925,30019387,50002926,30019388,79881,40206204,2,2318474878521.77,268912013251.343,-295261446022.539
50002926,30019388,50002925,30019387,79787,40206220,4,-347895961617.041,1254919403.3749,124409384716.386
50002927,30019413,50002928,30019415,79787,40206450,4,613739548051.762,-44523145621.0036,-157402657987.696
50002928,30019415,50002927,30019413,79787,40206457,3,-260113941724.796,53043763159.2363,-354070192371.679
50002929,30019395,50002930,30019396,79881,40206266,5,20127443639.4852,217968280083.445,1256082974396.2
50002930,30019396,50002929,30019395,79787,40206292,4,-1207477423526.52,101812710524.432,-180578712567.322
50002931,30019386,50002932,30019393,79787,40206187,4,-930172837816.952,-390981103845.917,400162850263.767
50002932,30019393,50002931,30019386,79881,40206253,5,601879797033.419,-1140384788103.42,-4514183824340.04
50002933,30019391,50002934,30019392,79881,40206241,5,-640454048669.857,-3144183074.24502,-485580442472.658
50002934,30019392,50002933,30019391,79787,40206246,2,-2260115244785.94,1054264558204.06,-4244419375545.65
50002935,30019388,50002936,30019411,79881,40206220,5,281640495003.322,12599648853.4005,238811118586.885
50002936,30019411,50002935,30019388,79787,40206423,3,-1191813523783.29,-60354487452.9975,108436503735.076
50002937,30019371,50002938,30019386,79787,40206042,3,1382239624077.3,-59131538486.617,-245246267111.029
50002938,30019386,50002937,30019371,79881,40206187,2,-24362478433.8182,-432974822043.066,1005557949590.85
50002939,30019382,50002940,30019386,79787,40206148,3,276070188667.45,-27998445843.0232,532736423603.693
50002940,30019386,50002939,30019382,79787,40206187,3,24148331573.0658,429168961355.401,-996719067340.241
50002941,30019386,50002942,30019395,79787,40206187,5,906024506243.886,-38187857509.4844,596556217076.474
50002942,30019395,50002941,30019386,79881,40206266,4,-1111743881379.47,-177353295834.188,-598524080008.549
50002943,30019390,50002944,30019411,79881,40206236,4,687458523264.288,96344110653.1957,79866242205.2826
50002944,30019411,50002943,30019390,79881,40206423,5,496755637825.28,143379175180.408,-1080970334183.2
50002945,30019385,50002946,30019387,79787,40206181,4,712649925983.723,-81366295339.7693,2851264290315.11
50002946,30019387,50002945,30019385,79787,40206204,3,-2218734859941.38,-257343507831.401,282559396763.701
50002947,30019402,50002948,30019412,79787,40206367,2,751220366205.623,150131842296.204,-491474041410.384
50002948,30019412,50002947,30019402,79787,40206441,3,-1335876667411.43,-47429209285.7273,-937174350249.662
50002949,30019369,50002950,30019372,79787,40206029,5,1983235293800.24,243789177989.767,1167376792964.14
50002950,30019372,50002949,30019369,79787,40206044,4,27064462202.5924,-5367573938.36383,83977115118.615
50002951,30019406,50002952,30019409,79787,40206388,3,105768874565.608,-56231784082.6853,-410852412386.228
50002952,30019409,50002951,30019406,79787,40206414,2,81340521943.8634,2597887148.67787,29405526693.3374
50002953,30019366,50002954,30019376,79787,40205997,4,347547406691.327,2346511440.10172,-211182464295.274
50002954,30019376,50002953,30019366,79881,40206085,4,-29029534841.6085,-87840478.8502424,23335756610.7603
50002955,30019402,50002956,30019414,79881,40206367,4,795656229452.263,137902673756.566,416820336312.601
50002956,30019414,50002955,30019402,79881,40206453,3,-11124569780.2515,1754390870.38392,-16819997648.2119
50002957,30019364,50002958,30019378,79881,40205985,2,-106369628087.1,27418278413.124,119079523120.691
50002958,30019378,50002957,30019364,79787,40206093,4,-170533046130.075,-26666294869.5907,202074835303.785
50002959,30019371,50002960,30019402,79881,40206042,2,-1386574812853.96,59316995752.8746,246015445512.646
50002960,30019402,50002959,30019371,79787,40206367,3,-750043686399.911,-149896682128.866,490704217260.807
50002961,30019410,50002962,30019411,79881,40206417,5,5897507766.33463,566025917.687975,-7156752025.5853
50002962,30019411,50002961,30019410,79787,40206423,4,695057885958.011,-83024687727.4105,972533830448.12
50002963,30019396,50002964,30019397,79787,40206292,5,446806811858.426,-50946730289.019,1139624644930.43
50002964,30019397,50002963,30019396,79881,40206302,4,-12356812660.5164,137472558796.274,672598447967.11
50002965,30019366,50002966,30019405,79881,40205997,2,-7887605805.54793,-37010277328.0037,-406340874542.493
50002966,30019405,50002965,30019366,79787,40206384,2,-3100093057741.98,559754545092.035,-122627739961.476
50002967,30019398,50002968,30019403,79787,40206308,4,-642051510780.709,-47083761795.4631,1149727360291.32
50002968,30019403,50002967,30019398,79881,40206369,2,-23895257040.9581,-10569411587.0123,-85465408872.3914
50002969,30019407,50002970,30019415,79787,40206402,5,78336537660.0794,-53460622784.5689,-1031015933826.78
50002970,30019415,50002969,30019407,79881,40206457,4,-176956833447.848,-6608326424.91255,405562835740.398
50002971,30019371,50002972,30019395,79787,40206042,4,-909243326572.357,-183408282407.218,-1055398798451.61
50002972,30019395,50002971,30019371,79787,40206266,2,-1124198693430.18,41827248700.3156,677185524481.887
50002973,30019379,50002974,30019408,79787,40206108,5,-262408897202.615,-49427027634.0779,-486614647836.851
50002974,30019408,50002973,30019379,79881,40206412,5,-169491294607.407,-37688787833.3743,283754332404.091
50002975,30019387,50002976,30019391,79787,40206204,5,886468365724.373,-65628637359.4089,-2068505883716.52
50002976,30019391,50002975,30019387,79881,40206241,3,-100068085683.175,-18287051421.4148,797265076643.129
50002977,30021450,50002978,30021455,79881,40227806,4,653649807060.707,-6651382147.68626,-98178009890.6955
50002978,30021455,50002977,30021450,79881,40227881,5,-129962777547.453,8951525146.91364,-13179285261.5508
50002979,30021477,50002980,30021481,79787,40228146,2,-697960437773.347,-118706227547.646,-834997232133.134
50002980,30021481,50002979,30021477,79787,40228189,2,-2420217568069.71,-88969535675.5209,722090968526.299
50002981,30021447,50002982,30021458,79881,40227790,5,718558856062.195,25520141393.0354,-3257557325184.71
50002982,30021458,50002981,30021447,79881,40227942,5,-1354833103253.1,-106278931941.143,-376115922472.913
50002983,30021475,50002984,30021477,79787,40228132,3,-442906348351.813,100127774227.804,460178133160.055
50002984,30021477,50002983,30021475,79881,40228146,5,-886880930980.273,-7126313447.91825,152417881281.331
50002985,30021448,50002986,30021450,79881,40227792,3,1204509184247.92,-143786129518.727,863909682598.586
50002986,30021450,50002985,30021448,79787,40227806,5,-411895679522.618,-1136455563.74556,-516993124171.323
50002987,30021465,50002988,30021466,79787,40228004,3,-131918450445.223,50502597177.0144,-1373029255207.3
50002988,30021466,50002987,30021465,79881,40228013,3,-7383118155.04886,402643745.375633,-1520347917.83181
50002989,30021465,50002990,30021484,79881,40228004,2,151149457797.165,-57864841156.7267,1573188790224.64
50002990,30021484,50002989,30021465,79787,40228239,3,-841619150680.571,-120205260463.156,-950884479544.089
50002991,30021466,50002992,30021467,79881,40228013,2,7440388813.64611,-405767042.604996,1532141217.72525
50002992,30021467,50002991,30021466,79787,40228022,2,-214787345332.637,-1333799748.62861,-96827480416.1253
50002993,30021443,50002994,30021444,79787,40227727,5,-2121754640.72028,68806832.3964669,-271081078.894095
50002994,30021444,50002993,30021443,79787,40227734,2,-1215789377566.87,-137733130607.385,-157560786591.557
50002995,30021475,50002996,30021479,79787,40228132,5,-184284049081.795,-75570528074.0402,-615047968341.864
50002996,30021479,50002995,30021475,79787,40228158,3,-197608694863.433,73776146931.282,66323690570.9882
50002997,30021443,50002998,30021462,79881,40227727,2,-842207933.382025,108461580.683735,-2016187895.007
50002998,30021462,50002997,30021443,79787,40227979,4,-22557953224.3869,-1111957798.46095,16156796840.3342
50002999,30021457,50003000,30021464,79787,40227930,2,2783334069714.79,6323179726.52586,-3563183739452.08
50003000,30021464,50002999,30021457,79881,40228001,3,-152278156640.474,1316370263.8399,-107084914846.44
50003001,30021476,50003002,30021477,79787,40228143,5,474302288762.778,-136700522813.44,-281784066368.678
50003002,30021477,50003001,30021476,79881,40228146,4,313136438138.377,-90453779399.1429,-838810744755.04
50003003,30021453,50003004,30021469,79787,40227863,2,-1063124455029.97,-320754934802.428,-1750963780580.2
50003004,30021469,50003003,30021453,79881,40228044,3,-12014296691.4366,-2222373499.2899,1152847637.31885
50003005,30021456,50003006,30021458,79881,40227899,3,2278405871640.72,-50556270227.3503,-262516842950.794
50003006,30021458,50003005,30021456,79787,40227942,2,-374685388166.019,-1274034902.65519,-1441024827722.44
50003007,30021447,50003008,30021464,79787,40227790,2,3186575967824.3,-134392568946.073,-1011381080984.49
50003008,30021464,50003007,30021447,79881,40228001,4,-15994554259.2955,-20752390678.8792,184312401436.581
50003009,30021483,50003010,30021485,79787,40228223,3,-1306174306291.1,-240280927350.298,769733471654.483
50003010,30021485,50003009,30021483,79881,40228254,5,-631210754518.096,85635223455.8691,299306152074.621
50003011,30021476,50003012,30021479,79881,40228143,2,485796678644.413,-95757729562.2045,286974589738.993
50003012,30021479,50003011,30021476,79881,40228158,5,39946003625.0523,-30817894843.5888,-215280101784.648
50003013,30021452,50003014,30021454,79787,40227848,4,-1640885303290.31,340441915882.617,-2463135642535.01
50003014,30021454,50003013,30021452,79881,40227875,3,-665481215956.222,-105977612309.555,-114235197139.579
50003015,30021440,50003016,30021443,79787,40227721,2,143215387895.447,-20521147033.5352,360652610924.08
50003016,30021443,50003015,30021440,79881,40227727,3,823881025.661148,-106101397.050141,1972314537.80487
50003017,30021448,50003018,30021456,79787,40227792,5,-1355868763974.67,45302194117.4249,614348737894.921
50003018,30021456,50003017,30021448,79787,40227899,2,-2458872561190.71,54560702816.5952,283310129251.593
50003019,30021441,50003020,30021444,79881,40227723,3,-6176056158.56022,-547032305.770451,4532891747.81946
50003020,30021444,50003019,30021441,79881,40227734,5,-702912865395.69,-375552108380.667,936888590977.879
50003021,30021481,50003022,30021482,79787,40228189,4,-1826790053736.08,-131997187620.187,-1730128067362.22
50003022,30021482,50003021,30021481,79787,40228207,2,-2375839755868.64,-716693527.844692,341925674928.343
50003023,30021450,50003024,30021458,79881,40227806,2,259559647838.068,-8361422551.0205,-660479324772.335
50003024,30021458,50003023,30021450,79881,40227942,3,354841020062.188,1206558512.10479,1364704191713.51
50003025,30021482,50003026,30021483,79787,40228207,4,-1481427390217.27,2900818821.87456,-1883254952677.69
50003026,30021483,50003025,30021482,79787,40228223,5,-22031957091.2019,121538246576.663,-1530051929620.18
50003027,30021440,50003028,30021461,79787,40227721,5,380511451468.142,39395501547.2085,59726211086.9553
50003028,30021461,50003027,30021440,79787,40227976,5,-2884176057.08269,386991566.397588,179961754.063586
50003029,30021452,50003030,30021453,79881,40227848,5,-1314391923165.73,-28078345159.5079,2673392591637.1
50003030,30021453,50003029,30021452,79881,40227863,5,-2057287023529.33,58618727382.5467,19758008559.0703
50003031,30021445,50003032,30021448,79881,40227740,2,-209901657653.318,-16782055305.1601,361395391617.704
50003032,30021448,50003031,30021445,79881,40227792,2,-1207276700521.25,144116496823.955,-865894627285.224
50003033,30021478,50003034,30021481,79881,40228155,3,-2289627027.82441,-330551651.571618,3235305405.90107
50003034,30021481,50003033,30021478,79787,40228189,5,-586054257619.889,43298699983.8562,2450019166690.04
50003035,30021450,50003036,30021453,79881,40227806,3,-241754127538.09,7787837711.43182,615171134062.018
50003036,30021453,50003035,30021450,79881,40227863,4,1001948149549.63,-377024677049.359,-1757898953237.72
50003037,30021451,50003038,30021454,79787,40227830,5,4958640814053.42,-427746019571.965,-1346897782553.06
50003038,30021454,50003037,30021451,79787,40227875,4,228934246985.129,77235555104.612,639351204700.483
50003039,30021452,50003040,30021455,79787,40227848,3,2955277226456.04,-312363570723.109,-210256949102.086
50003040,30021455,50003039,30021452,79881,40227881,2,-53967205312.2565,345543994.8703,-119661538058.065
50003041,30021453,50003042,30021454,79881,40227863,3,1055338873979.71,318405949666.812,1738140944678.65
50003042,30021454,50003041,30021453,79787,40227875,5,436546968971.093,28742057204.9431,-525116007560.904
50003043,30021465,50003044,30021483,79787,40228004,5,1255814137634.64,-29156747782.2871,572051624698.64
50003044,30021483,50003043,30021465,79881,40228223,2,1395917565270.65,256789898157.013,-822619514473.729
50003045,30021441,50003046,30021457,79881,40227723,5,-866031790.443193,936399625.199591,-7573847522.53198
50003046,30021457,50003045,30021441,79787,40227930,3,-2778983870700.83,-6313296942.23822,3557614678030.9
50003047,30021461,50003048,30021462,79881,40227976,2,-1652914276.04571,-185615247.52186,-2404904691.64242
50003048,30021462,50003047,30021461,79787,40227979,3,-2715132230.25245,295253264.642727,-27634772849.4551
50003049,30021476,50003050,30021478,79787,40228143,3,-482469920893.061,95101976274.7143,-285009374695.697
50003050,30021478,50003049,30021476,79787,40228155,5,-1669744927.50056,492001627.541899,-3576135297.48746
50003051,30021440,50003052,30021442,79881,40227721,4,-237815742553.239,-59842184454.1809,299617716573.895
50003052,30021442,50003051,30021440,79787,40227725,3,-999985929.170629,-204278120.646166,1006625835.70329
50003053,30021467,50003054,30021469,79787,40228022,3,210311798392.099,1306007220.27914,94809875826.5004
50003054,30021469,50003053,30021467,79881,40228044,5,4735032536.42573,2566974508.34149,-11027304085.2058
50003055,30021484,50003056,30021485,79787,40228239,2,848401275140.832,121173925490.063,958547110417.429
50003056,30021485,50003055,30021484,79787,40228254,2,-610097081458.548,11736081958.5222,-419424234757.474
50003057,30021455,50003058,30021458,79787,40227881,3,53830300091.9268,-344667411.091733,119357977976.751
50003058,30021458,50003057,30021455,79787,40227942,4,999992083190.917,105072373429.039,-988588269240.596
50003059,30021451,50003060,30021469,79787,40227830,2,3685656097453.88,237507013845.153,3609212922239.76
50003060,30021469,50003059,30021451,79881,40228044,4,7279264155.01089,-344601009.051587,9874456447.88699
50003061,30021445,50003062,30021447,79787,40227740,4,-414358712362.363,-40484586061.7121,-1617328181.49388
50003062,30021447,50003061,30021445,79881,40227790,3,-3177088888892.25,133992455180.594,1008369995655.74
50003063,30019616,50003064,30019619,79787,40208543,3,-69505281350.204,329265572331.541,-1062243139735.48
50003064,30019619,50003063,30019616,79881,40208566,3,-315914268948.329,-55440148634.0565,145511346294.84
50003065,30019653,50003066,30019656,79881,40209000,2,1189785725075.33,-238242652031.247,1678323700956.45
50003066,30019656,50003065,30019653,79881,40209051,3,-4091309696942.19,-517798976692.088,3873113315107.93
50003067,30019645,50003068,30019652,79881,40208872,5,2545540263.94254,2248318823.49129,16109159770.503
50003068,30019652,50003067,30019645,79881,40208981,5,-399486455726.316,40291084668.1904,18471714825.2235
50003069,30019623,50003070,30019624,79787,40208627,2,1273728655873.71,-163828606781.373,1110253448757.82
50003070,30019624,50003069,30019623,79787,40208632,3,-264160683139.128,43214746010.8887,57877772953.0478
50003071,30019650,50003072,30019651,79881,40208968,5,-875816642060.14,44386731316.9063,305984928100.993
50003072,30019651,50003071,30019650,79881,40208977,4,-143129060404.945,-22625070862.3079,-25061938888.3564
50003073,30019616,50003074,30019621,79881,40208543,2,81309854992.9232,-385187073850.48,1242651406933.2
50003074,30019621,50003073,30019616,79787,40208594,3,-1371548749494.23,439631776928.776,-1055549833035.79
50003075,30019651,50003076,30019652,79787,40208977,5,50095963592.1955,8116710107.68933,138023316847.436
50003076,30019652,50003075,30019651,79881,40208981,2,-217954308296.291,22951032182.1025,-342237155000.513
50003077,30019613,50003078,30019625,79881,40208525,4,-2451471546168.87,-142902688215.509,-132001268285.954
50003078,30019625,50003077,30019613,79881,40208650,3,-894332203183.789,-37776931125.003,-796814075738.475
50003079,30019624,50003080,30019625,79787,40208632,4,185492763426.851,-3656132918.43952,201438042086.578
50003080,30019625,50003079,30019624,79787,40208650,4,-243055483653.12,99258536555.8032,1169291081065.23
50003081,30019623,50003082,30019635,79881,40208627,4,-329902876872.648,-160463582226.738,1638395207431.21
50003082,30019635,50003081,30019623,79787,40208773,3,-699451994701.017,47604936441.8975,786684086730.831
50003083,30019622,50003084,30019636,79787,40208601,3,-124920180784.027,12809555102.1684,-63000185806.2209
50003084,30019636,50003083,30019622,79787,40208781,3,-207426960775.8,-16735430022.978,-253391458911.247
50003085,30019615,50003086,30019624,79787,40208539,5,-273164618102.497,-23454415405.7778,153698597947.739
50003086,30019624,50003085,30019615,79787,40208632,5,78667919712.2775,-39558613092.4492,-259315815039.626
50003087,30019613,50003088,30019636,79881,40208525,2,-1389517204580.76,601084925714.141,1974924837165.69
50003088,30019636,50003087,30019613,79881,40208781,4,-116118168278.2,12101272085.7759,306403949604.98
50003089,30019616,50003090,30019625,79881,40208543,4,-919252506288.055,-55840795092.4746,627267028035.148
50003090,30019625,50003089,30019616,79787,40208650,2,998128073482.805,42161308014.6942,889292027626.32
50003091,30019613,50003092,30019622,79881,40208525,5,1078299878136.93,736916772640.449,2083694146897.52
50003092,30019622,50003091,30019613,79881,40208601,4,6787791012.12958,-26560831882.9168,137791900282.676
50003093,30019649,50003094,30019651,79881,40208951,2,-7707164618777.42,2672737759794.2,3446127720088.57
50003094,30019651,50003093,30019649,79881,40208977,2,-93517099877.4533,-14583840248.5797,113549057559.119
50003095,30019626,50003096,30019628,79787,40208661,4,-928010276018.982,57415720412.8055,21065802596.7865
50003096,30019628,50003095,30019626,79881,40208690,4,-4310100970100.9,106523995939.095,5182176845099.03
50003097,30019628,50003098,30019649,79787,40208690,5,6375005001321.27,2008638155665.34,876332460194.313
50003098,30019649,50003097,30019628,79787,40208951,4,-6678198808948.35,1925857533011.33,-5243133250477.01
50003099,30019636,50003100,30019655,79881,40208781,2,211787114927.821,17087211943.8412,258717795552.955
50003100,30019655,50003099,30019636,79787,40209028,3,-2215478975186.92,91888313314.6351,833113494528.586
50003101,30019653,50003102,30019655,79881,40209000,5,2009897412092.28,3631778832.79722,-179312484589.843
50003102,30019655,50003101,30019653,79787,40209028,5,410019188758.573,314225005345.292,-2311712689165.81
50003103,30019616,50003104,30019645,79787,40208543,5,988757787638.26,-273424777239.066,434976111700.332
50003104,30019645,50003103,30019616,79881,40208872,4,-15347474974.7854,-1389108456.48909,-5793542169.8179
50003105,30019615,50003106,30019625,79881,40208539,4,9398655607.1156,-42911613602.6319,-311227466472.687
50003106,30019625,50003105,30019615,79881,40208650,5,1137387686836.91,-61481605430.8002,-372477005326.758
50003107,30019654,50003108,30019656,79881,40209022,5,-2633603689793.48,535402704481.691,854658445245.677
50003108,30019656,50003107,30019654,79881,40209051,5,-1002441847688.36,-1427785693437.82,-5381865468760.84
50003109,30019622,50003110,30019623,79881,40208601,5,118132389771.898,13751276780.7485,-74791714476.4552
50003110,30019623,50003109,30019622,79787,40208627,3,-1259737508023.05,162029047472.508,-1098057978331.96
50003111,30019618,50003112,30019619,79881,40208560,3,733982452664.657,-11218483162.547,-219344157916.859
50003112,30019619,50003111,30019618,79787,40208566,5,42592893995.0281,-36548991847.232,-347705340600.83
50003113,30019613,50003114,30019623,79881,40208525,3,1373171668031.94,-594014084424.94,-1951692878611.56
50003114,30019623,50003113,30019613,79787,40208627,5,1589640384895.7,-1565465245.76972,-540337229099.251
50003115,30019619,50003116,30019645,79881,40208566,4,273321374953.301,91989140481.2884,202193994305.991
50003116,30019645,50003115,30019619,79881,40208872,2,-12848165294.9414,862313163.417533,10352869550.3153
50003117,30019618,50003118,30019621,79881,40208560,4,-556293123452.986,-91231712781.7492,-518828189459.844
50003118,30019621,50003117,30019618,79787,40208594,4,-197941452644.655,16766094328.4489,1774583218942.55
50003119,30019649,50003120,30019650,79787,40208951,5,-899024216744.163,701818285124.104,8631159794832.11
50003120,30019650,50003119,30019649,79881,40208968,2,-713834128406.435,69115637130.395,-617194199122.735
50003121,30019643,50003122,30019652,79787,40208859,5,4085448216.47753,383937544.772264,939258801.57855
50003122,30019652,50003121,30019643,79881,40208981,4,183922722543.69,-17591784910.1741,-356955130649.342
50003123,30021506,50003124,30021508,79787,40228485,2,1375638091554.34,-266708254750.494,1062094618660.36
50003124,30021508,50003123,30021506,79881,40228495,4,-40427766467.3462,-7628648404.55188,-15171185952.0389
50003125,30021495,50003126,30021514,79881,40228371,2,-233786389874.608,33415752645.5845,74219122345.9303
50003126,30021514,50003125,30021495,79787,40228548,4,-184227788799.84,-7029019520.47383,97851369578.0853
50003127,30021490,50003128,30021527,79787,40228285,5,-12843858275.8699,-2254899790.74675,5445874570.48198
50003128,30021527,50003127,30021490,79787,40228704,2,-1295371312619.81,110441375701.878,684020656631.571
50003129,30021491,50003130,30021492,79787,40228300,5,-581484071894.706,-111062687948.813,475600979699.093
50003130,30021492,50003129,30021491,79787,40228323,5,-767628247174.64,219855836807.407,-1154886435512.44
50003131,30021492,50003132,30021493,79881,40228323,3,-632135271709.232,-311996100507.736,1214255255413.12
50003132,30021493,50003131,30021492,79881,40228361,2,-1789123691431.4,-9160779032.17249,-367610286685.886
50003133,30021487,50003134,30021515,79881,40228263,2,223145144005.807,-27100711846.0953,-26499828686.1814
50003134,30021515,50003133,30021487,79881,40228574,2,-2762337199335.64,220788260654.72,95576600322.6898
50003135,30021498,50003136,30021515,79881,40228400,4,132844279570.535,-4861989861.25549,-133222722060.079
50003136,30021515,50003135,30021498,79787,40228574,4,-1477728673455.67,-84883446317.9637,-2340693746802.5
50003137,30021511,50003138,30021527,79881,40228524,5,2462921804.92913,-119730234.575051,5226572047.63964
50003138,30021527,50003137,30021511,79881,40228704,4,-1235953683378.02,21192390616.5878,-776477655607.612
50003139,30021499,50003140,30021507,79787,40228404,5,1129814718.70616,909236035.069871,9853232480.58001
50003140,30021507,50003139,30021499,79787,40228493,3,-38455070652.3897,-4718722859.88198,62498427249.9373
50003141,30021488,50003142,30021507,79881,40228265,2,196197019743.805,10230805956.8575,-257192717074.193
50003142,30021507,50003141,30021488,79787,40228493,5,-34703680795.0529,12030284380.159,-63702739423.2928
50003143,30021491,50003144,30021496,79787,40228300,3,712182023971.564,-4258748385.01195,263502497533.438
50003144,30021496,50003143,30021491,79787,40228383,4,-3544648354134.75,404363198683.06,-1336635114965.25
50003145,30021486,50003146,30021527,79787,40228261,5,-48028575770.0016,-17464038089.9687,-30750784713.2732
50003146,30021527,50003145,30021486,79787,40228704,5,-51252497829.5148,88552838476.8443,1456186715636.96
50003147,30021520,50003148,30021525,79787,40228605,5,657638979931.95,70587713047.9344,25881198348.4064
50003148,30021525,50003147,30021520,79881,40228666,3,-116712866930.071,-25889205576.7453,-34613645491.8369
50003149,30021499,50003150,30021502,79787,40228404,2,-7998405711.08797,1200108029.45739,5851536889.92936
50003150,30021502,50003149,30021499,79787,40228443,2,-904520627436.218,-9340208061.05811,492505183.79628
50003151,30021496,50003152,30021497,79881,40228383,3,2918664414845.51,-365844869409.2,-2421196098319.81
50003152,30021497,50003151,30021496,79881,40228392,5,-1528852305385.04,71694122281.5962,-1788013177023.72
50003153,30021504,50003154,30021510,79787,40228479,2,1341538103515.94,93821892777.5038,-1621169995507.44
50003154,30021510,50003153,30021504,79881,40228521,3,-4347845679.00502,291240943.786942,3213010225.33051
50003155,30021501,50003156,30021502,79787,40228437,5,310753890150.888,42644486885.6748,-748629254589.203
50003156,30021502,50003155,30021501,79881,40228443,5,-422909333291.139,49648296691.9663,730497600994.808
50003157,30021517,50003158,30021519,79881,40228583,2,376873048345.907,-68688006421.8232,668902893428.16
50003158,30021519,50003157,30021517,79787,40228592,4,-49204008987.0859,3565006374.82387,37810089218.1933
50003159,30021530,50003160,30021531,79787,40228740,4,-369670393566.969,-169993633478.737,2500239592577.3
50003160,30021531,50003159,30021530,79787,40228752,4,-428153606849.281,-17361217982.1508,495443322912.931
50003161,30021516,50003162,30021520,79787,40228578,3,-1407154129517.26,197348040652.289,-1036206861397.95
50003162,30021520,50003161,30021516,79881,40228605,4,-346581418060.523,-79272841777.8384,558335586183.476
50003163,30021487,50003164,30021514,79881,40228263,5,87005772968.9346,-23687901523.9547,-206867627523.046
50003164,30021514,50003163,30021487,79787,40228548,2,-9289666395.82771,21601291339.8839,219471807114.589
50003165,30021494,50003166,30021501,79881,40228368,3,-1567311200052.45,-248684632790.032,2989292052032.41
50003166,30021501,50003165,30021494,79787,40228437,3,-784260249015.365,-181443629579.029,104145880532.949
50003167,30021491,50003168,30021493,79881,40228300,4,-130697952076.859,115321436333.825,-739103477232.531
50003168,30021493,50003167,30021491,79881,40228361,5,-1209300760920.16,-18531050544.1578,1361604363675.65
50003169,30021487,50003170,30021489,79787,40228263,4,135473896612.673,-3331989246.28204,180446827929.408
50003170,30021489,50003169,30021487,79787,40228277,2,-677194850384.617,146872138134.886,-172902685217.43
50003171,30021504,50003172,30021505,79787,40228479,4,2073048435171.37,-114419663508.392,341901368156.116
50003172,30021505,50003171,30021504,79881,40228481,4,-4163820635.49192,-465724920.636575,3501357056.83158
50003173,30021497,50003174,30021499,79881,40228392,3,-780956207856.784,-240830783001.466,2207176584560.06
50003174,30021499,50003173,30021497,79787,40228404,4,-9109503574.94074,288063653.749754,-4015388615.31008
50003175,30021519,50003176,30021530,79881,40228592,5,57370182982.0269,-2400334386.50342,23795947490.7646
50003176,30021530,50003175,30021519,79787,40228740,3,-1901904336158.74,-495500592330.696,-1598121120157.94
50003177,30021507,50003178,30021510,79787,40228493,2,38553645655.5459,4730818745.10375,-62658634540.131
50003178,30021510,50003177,30021507,79881,40228521,5,-600190374.55293,72418999.1118,-5380199350.09109
50003179,30021486,50003180,30021490,79881,40228261,3,-4676279486.22932,12260941439.0501,58182035050.1733
50003180,30021490,50003179,30021486,79881,40228285,2,-11064813896.0912,-2913404727.7505,-8673367020.01895
50003181,30021498,50003182,30021500,79881,40228400,5,-181769818122.604,5130556891.40834,-48507173065.2488
50003182,30021500,50003181,30021498,79881,40228423,4,-3483611512554.23,-1173190221890.35,1420515463886.26
50003183,30021507,50003184,30021512,79787,40228493,4,73158751447.4425,-7311561520.27703,1204312173.35546
50003184,30021512,50003183,30021507,79787,40228539,4,-279227126763.766,28605230120.8072,296499316294.595
50003185,30021511,50003186,30021512,79787,40228524,4,-5750986024.18694,-286329339.114595,-491477135.382196
50003186,30021512,50003185,30021511,79787,40228539,3,-114129038077.676,26297236253.6199,-391127741418.402
50003187,30021506,50003188,30021525,79787,40228485,3,-1367068708391.95,265046825598.77,-1055478419386.8
50003188,30021525,50003187,30021506,79787,40228666,4,24696532928.5567,29614455462.3676,118335599105.435
50003189,30021495,50003190,30021531,79881,40228371,3,223321300441.087,-31919947692.5586,-70896817084.9431
50003190,30021531,50003189,30021495,79787,40228752,3,-214914096042.994,-868027473.618915,-618782827021.893
50003191,30021516,50003192,30021517,79881,40228578,2,1408982563489.58,-197604471596.369,1037553292316.92
50003192,30021517,50003191,30021516,79881,40228583,3,-358717282094.544,65378978635.5695,-636678661339.281
50003193,30021501,50003194,30021504,79881,40228437,4,473506358864.477,138799142693.354,644483374056.254
50003194,30021504,50003193,30021501,79881,40228479,3,-1340146325992.88,-93724557337.5363,1619488114124.5
50003195,30021513,50003196,30021514,79881,40228545,5,109365896932.05,-40915644194.5871,215818775961.724
50003196,30021514,50003195,30021513,79881,40228548,3,8784311302.86515,-20426187506.4371,-207532605989.254
50003197,30021492,50003198,30021494,79881,40228323,4,1399763518883.87,92140263700.3289,-59368819900.6821
50003198,30021494,50003197,30021492,79787,40228368,5,-1812983841796.13,151586360673.438,-2853819647662.38
50003199,30021495,50003200,30021508,79881,40228371,4,-170446714707.832,37699891693.4737,-159512634533.372
50003200,30021508,50003199,30021495,79881,40228495,2,-32854009783.6095,-8018223422.41092,28067865502.1171
50003201,30021486,50003202,30021489,79881,40228261,4,52704855256.2309,5203096650.91864,-27431250336.9001
50003202,30021489,50003201,30021486,79881,40228277,5,-427814995051.545,164091447845.049,465695187287.116
50003203,30021503,50003204,30021505,79881,40228459,5,117918339346.245,43636456218.1679,251773309121.329
50003204,30021505,50003203,30021503,79881,40228481,3,-965821998.896344,305140438.015042,-5365433850.6043
50003205,30021488,50003206,30021489,79787,40228265,4,320515566048.052,5660770520.5759,41359740751.9196
50003206,30021489,50003205,30021488,79787,40228277,4,-191665197892.702,-29736645208.4696,-623862055712.413
50003207,30021493,50003208,30021503,79787,40228361,4,-574595521701.761,9397037205.85193,-1728140577473.07
50003208,30021503,50003207,30021493,79881,40228459,4,-279154598741.179,-28349734358.7157,-21625836742.2436
50003209,30021519,50003210,30021531,79881,40228592,3,-8166173994.941,-1164671988.32045,-61606036708.9579
50003210,30021531,50003209,30021519,79787,40228752,2,223224833460.274,901594133.680096,642711185786.56
50003211,30021493,50003212,30021505,79881,40228361,3,1783896282621.93,9134013338.30583,366536213797.422
50003212,30021505,50003211,30021493,79881,40228481,2,1052136301.47616,-332410456.844872,5844935954.90741
50003213,30019784,50003214,30019795,79787,40210399,5,2284296199720.66,46106355125.7905,693456124258.549
50003214,30019795,50003213,30019784,79787,40210495,5,-1163338621474.87,139674830446.605,-114441438252.155
50003215,30019789,50003216,30019809,79881,40210449,4,756499691663.107,-42718449448.8464,-74770637994.1176
50003216,30019809,50003215,30019789,79881,40210606,3,-77663900187.0661,-9787600008.14167,-84885340332.2984
50003217,30019778,50003218,30019797,79787,40210350,4,834401280407.486,229721953534.973,2115724924639.88
50003218,30019797,50003217,30019778,79787,40210500,3,-32279224451.3242,10227596350.0393,-16129570122.432
50003219,30019808,50003220,30019825,79881,40210603,3,-70419334572.099,85951526484.768,259975420236.834
50003220,30019825,50003219,30019808,79881,40210797,5,-1207927302217.81,-228590972269.45,285614514565.331
50003221,30019768,50003222,30019825,79787,40210244,2,449764310742.173,150603545907.924,538984326045.313
50003222,30019825,50003221,30019768,79787,40210797,2,-807364381816.604,-357112903884.692,-905763288186.31
50003223,30019789,50003224,30019811,79881,40210449,5,-443464594911.487,14877720387.8819,-618728619195.675
50003224,30019811,50003223,30019789,79881,40210621,4,-2476456700.70363,-22127216.1290118,2921637933.93864
50003225,30019808,50003226,30019809,79787,40210603,5,-201598899678.498,-49972140789.7294,-191818756922.434
50003226,30019809,50003225,30019808,79787,40210606,4,-34755278702.0246,2078073085.34547,110094285610.619
50003227,30019767,50003228,30019820,79787,40210224,5,-6281773843.25067,-1441951227.65684,-2057980305.93715
50003228,30019820,50003227,30019767,79787,40210748,2,-1974000540776.85,152198432782.25,-137466170380.619
50003229,30019797,50003230,30019818,79787,40210500,5,28908872714.2351,-10992192175.3219,-21217065777.0037
50003230,30019818,50003229,30019797,79787,40210724,2,-3528566599003.11,663503502008.837,1749976287890.0
50003231,30019785,50003232,30019806,79881,40210407,4,-791747817274.693,-36724499742.4876,-17669359409.2459
50003232,30019806,50003231,30019785,79881,40210586,4,-421848614252.522,-5151726966.59008,596173328773.397
50003233,30019820,50003234,30019824,79787,40210748,3,1881519321599.87,-145067990652.286,131025929474.005
50003234,30019824,50003233,30019820,79881,40210781,3,-302269009070.281,-50511917536.2685,244964706975.543
50003235,30019786,50003236,30019810,79881,40210423,5,-431334966785.516,-17247779752.7767,-356867790504.585
50003236,30019810,50003235,30019786,79881,40210615,5,-3197495417764.98,186613735522.326,910464016384.561
50003237,30019812,50003238,30019829,79787,40210643,2,1458283054030.88,125278052708.831,1632428600479.44
50003238,30019829,50003237,30019812,79881,40210833,4,-1032712410792.67,52160999266.8535,256226146718.934
50003239,30019805,50003240,30019808,79787,40210567,2,-1665678026470.55,583612349375.124,4504650266518.68
50003240,30019808,50003239,30019805,79787,40210603,2,70912716195.205,-86553731886.2132,-261796895767.433
50003241,30019799,50003242,30019801,79787,40210506,3,87480316795.9189,4097982752.22989,10121202660.3233
50003242,30019801,50003241,30019799,79787,40210517,5,-607597315732.818,49993684274.5224,-665904082462.1
50003243,30019778,50003244,30019799,79881,40210350,5,1423340575601.44,-295214547659.047,-1764154076638.72
50003244,30019799,50003243,30019778,79881,40210506,2,-87672774844.4905,-4106998377.60096,-10143469462.5544
50003245,30019805,50003246,30019810,79787,40210567,3,1630225536444.06,-571190674437.5,-4408772752312.06
50003246,30019810,50003245,30019805,79787,40210615,2,-2391693993524.17,400237232848.973,-2330849780876.4
50003247,30019790,50003248,30019800,79787,40210456,5,104467929284.59,106254112605.98,-487890034594.596
50003248,30019800,50003247,30019790,79881,40210511,3,-4136783574752.57,144883323643.735,-2536854336053.33
50003249,30019768,50003250,30019772,79787,40210244,3,-434429118965.867,-145468558085.35,-520607083105.141
50003250,30019772,50003249,30019768,79881,40210299,4,-2821480554664.34,105828533076.557,-321876263849.237
50003251,30019823,50003252,30019824,79787,40210771,3,-1255260501980.78,3495602390.28365,1125684633083.04
50003252,30019824,50003251,30019823,79881,40210781,5,-65381311551.3473,87848080705.9108,-376740911154.134
50003253,30019770,50003254,30019772,79881,40210281,4,-2944274875652.95,-66177500995.0614,1312596306880.42
50003254,30019772,50003253,30019770,79881,40210299,2,-1805460985057.55,-32903508697.1209,2434613816341.43
50003255,30019806,50003256,30019810,79881,40210586,2,309959064679.57,10436011886.7656,673702921751.455
50003256,30019810,50003255,30019806,79881,40210615,4,829757939707.043,209614502244.135,-3217966730714.72
50003257,30019778,50003258,30019812,79787,40210350,2,2432804784500.79,-70570820977.767,378831281721.533
50003258,30019812,50003257,30019778,79787,40210643,3,-1424957981903.63,-122415165335.256,-1595123908017.17
50003259,30019825,50003260,30019826,79881,40210797,3,805632462694.072,356346842511.326,903820288476.85
50003260,30019826,50003259,30019825,79881,40210816,2,-2565225994498.26,97609142347.8055,-521208808242.9
50003261,30019809,50003262,30019811,79787,40210606,2,87709595014.5201,11053609602.5369,95865116293.1876
50003262,30019811,50003261,30019809,79881,40210621,3,-1287805621.82235,-164910777.352089,-3603284159.9156
50003263,30019785,50003264,30019810,79881,40210407,2,-413149035776.271,10821732719.196,677939065575.473
50003264,30019810,50003263,30019785,79881,40210615,3,2367737478057.94,-396228237766.461,2307502714330.16
50003265,30019804,50003266,30019826,79881,40210552,3,-21474602335.9194,-17359924824.5883,-135379324491.355
50003266,30019826,50003265,30019804,79881,40210816,5,-1715886884797.42,238300068008.95,1944859399779.38
50003267,30019817,50003268,30019829,79787,40210706,2,738795538362.509,-258313038680.09,-825208444845.893
50003268,30019829,50003267,30019817,79787,40210833,2,-294889722152.745,75599310801.8956,1031182130328.12
50003269,30019786,50003270,30019795,79881,40210423,3,-85552474494.4679,-84602375417.5873,547014781847.311
50003270,30019795,50003269,30019786,79787,40210495,2,-463044590980.049,293861774312.761,-1056360264383.2
50003271,30019795,50003272,30019809,79881,40210495,3,457999970012.15,-290660308844.339,1044851789296.42
50003272,30019809,50003271,30019795,79881,40210606,5,112419178889.091,7709526922.7962,-25208945278.3209
50003273,30019823,50003274,30019825,79881,40210771,5,-347222179721.949,-15317649850.0123,-1649866409058.81
50003274,30019825,50003273,30019823,79787,40210797,4,402294839523.74,-127755870241.876,-1189434803042.18
50003275,30019771,50003276,30019790,79881,40210295,5,113102928024.581,-138268240284.222,-890539119064.652
50003276,30019790,50003275,30019771,79881,40210456,3,-475349418121.258,-123398984365.917,138042717666.136
50003277,30019804,50003278,30019805,79881,40210552,2,21510010768.8184,17388548764.7976,135602544910.163
50003278,30019805,50003277,30019804,79881,40210567,4,-4665130529701.32,100079838211.455,804805836584.277
50003279,30019812,50003280,30019818,79787,40210643,4,-658954781086.115,-108074226840.686,2035684052793.91
50003280,30019818,50003279,30019812,79881,40210724,4,-3160262064018.61,1014598457296.4,-2207688512854.32
50003281,30019767,50003282,30019770,79787,40210224,2,-1390100608.22455,-479019726.485253,-6705557529.80906
50003282,30019770,50003281,30019767,79787,40210281,2,-377778127092.584,-334443195143.028,3597597289110.68
50003283,30019875,50003284,30019922,79881,40211278,4,-2403149820725.93,-305844812045.202,1602807285699.21
50003284,30019922,50003283,30019875,79787,40211738,3,-635884866413.933,84815615052.7991,749132684091.845
50003285,30019916,50003286,30019923,79881,40211668,5,294658252742.429,5586005638.82306,253504658614.135
50003286,30019923,50003285,30019916,79787,40211753,2,-1095215887933.87,47159038256.3925,-263141786924.689
50003287,30019913,50003288,30019917,79881,40211638,2,522312608602.93,143435761726.457,-1033747907524.25
50003288,30019917,50003287,30019913,79787,40211679,3,-2073222588648.2,-32423910262.6483,-616165650453.991
50003289,30019910,50003290,30019911,79881,40211610,4,-7945656676.84599,1001040149.7967,11861481368.6239
50003290,30019911,50003289,30019910,79787,40211613,3,-28584517850.6886,-592030041.488725,10608215690.9615
50003291,30019919,50003292,30019923,79881,40211704,4,6998066607.32302,-105195403549.857,-831849274803.62
50003292,30019923,50003291,30019919,79787,40211753,5,-688398668656.67,77777003935.6315,727359033986.967
50003293,30019867,50003294,30019870,79881,40211166,4,178795263566.594,58518289694.6831,382861535677.656
50003294,30019870,50003293,30019867,79787,40211192,3,-84485269701.5947,-14568714820.573,-143342312303.301
50003295,30019874,50003296,30019875,79881,40211239,2,2135798193301.6,-612345232065.435,-2410321083837.73
50003296,30019875,50003295,30019874,79881,40211278,3,-21237639092.1587,-747999694414.467,-2806725267075.88
50003297,30019867,50003298,30019872,79787,40211166,5,245743354236.558,-37784779348.0615,-346637571971.469
50003298,30019872,50003297,30019867,79787,40211219,3,-2243070126547.04,-208839252775.437,-282957873704.323
50003299,30019907,50003300,30019908,79787,40211592,3,-141273545068.873,-11020066260.7432,-176769531930.372
50003300,30019908,50003299,30019907,79881,40211597,5,-652077951681.808,31479580404.7562,-142513867136.826
50003301,30019871,50003302,30019888,79787,40211212,4,1294363909427.04,-106743887603.767,-653099560219.421
50003302,30019888,50003301,30019871,79787,40211429,5,-1857150154120.03,103538160833.978,763187910329.438
50003303,30019875,50003304,30019876,79787,40211278,2,21364465686.8024,752466587067.904,2823486424292.04
50003304,30019876,50003303,30019875,79787,40211284,3,-119218457176.97,-5292964261.31136,80769715822.8821
50003305,30019867,50003306,30019911,79787,40211166,2,425352157575.612,20773241797.6188,36293379382.3006
50003306,30019911,50003305,30019867,79787,40211613,5,5736223545.68336,-8121731143.70593,-28828677096.5237
50003307,30019908,50003308,30019909,79787,40211597,4,451915383456.436,54393099887.5935,-489204147834.352
50003308,30019909,50003307,30019908,79881,40211607,3,-361064548634.9,18333601752.0064,139862564833.027
50003309,30019908,50003310,30019918,79787,40211597,2,-221685461689.99,95106317559.4958,-699644798967.055
50003310,30019918,50003309,30019908,79881,40211692,4,-1198240420511.84,-542167572474.764,1330408230221.49
50003311,30019909,50003312,30019910,79881,40211607,5,58692424597.2986,-25591004625.2395,-382316055185.967
50003312,30019910,50003311,30019909,79787,40211610,3,-6211551220.11659,841319002.61159,-12866199728.0369
50003313,30019901,50003314,30019906,79787,40211561,3,-36717474.3452901,-33343808.2029453,728814826.33289
50003314,30019906,50003313,30019901,79787,40211588,2,-1807872747861.87,-699973004621.658,-462654412664.773
50003315,30019905,50003316,30019906,79787,40211577,4,-4680847190117.47,-1589658826926.91,1127691981530.49
50003316,30019906,50003315,30019905,79787,40211588,5,-1333606649250.25,-337145126380.336,1436799970114.86
50003317,30019870,50003318,30019918,79787,40211192,2,84803831536.7716,14623647905.9003,143882801671.769
50003318,30019918,50003317,30019870,79881,40211692,3,-561282449427.917,95142717484.8597,-1782027417383.48
50003319,30019907,50003320,30019912,79787,40211592,5,224005669690.624,-4858647379.54637,-33540681383.9169
50003320,30019912,50003319,30019907,79787,40211624,4,-3691490999516.96,120066488059.056,-1114877297614.33
50003321,30019870,50003322,30019911,79787,40211192,5,163687506185.716,-32953604019.9968,4181751466.33084
50003322,30019911,50003321,30019870,79881,40211613,4,22848294305.0053,8713761185.19465,18220461405.5622
50003323,30019871,50003324,30019905,79881,40211212,5,-1211554310935.0,91394011662.2233,-798182002687.302
50003324,30019905,50003323,30019871,79787,40211577,2,-755737859637.401,-3106205060555.28,4005302298197.78
50003325,30019918,50003326,30019919,79787,40211692,5,1759522869939.75,447024854989.904,451619187161.99
50003326,30019919,50003325,30019918,79881,40211704,5,-728123794608.962,5320456484.8986,415807280266.477
50003327,30019876,50003328,30019922,79787,40211284,5,-10470839427.353,6528389413.11864,-143570695651.289
50003328,30019922,50003327,30019876,79881,40211738,5,-334970333136.55,-104543182720.207,-921742170637.115
50003329,30019917,50003330,30019923,79881,40211679,4,515826390254.365,-310720554009.069,2077580129205.78
50003330,30019923,50003329,30019917,79787,40211753,4,-287437651771.881,-35758345446.4059,-961818117289.717
50003331,30019919,50003332,30019920,79787,40211704,3,721125728001.639,99874947064.9586,416041994537.143
50003332,30019920,50003331,30019919,79881,40211713,4,-543315194317.137,-11109731197.4813,319541509340.463
50003333,30019907,50003334,30019909,79787,40211592,4,-82732124621.7505,15878713640.2896,210310213314.289
50003334,30019909,50003333,30019907,79787,40211607,4,302372124037.601,7257402873.2331,242453490352.939
50003335,30019913,50003336,30019916,79881,40211638,4,1052871931077.31,53972670364.9159,-56492992444.9134
50003336,30019916,50003335,30019913,79787,40211668,4,-366689857753.526,-12712505443.8318,128437695920.344
50003337,30019868,50003338,30019913,79787,40211171,2,121607995952.684,-46739844543.1886,136390632773.843
50003338,30019913,50003337,30019868,79787,40211638,5,-580366310616.294,75785260947.7872,-878678183589.914
50003339,30019914,50003340,30019919,79881,40211654,4,-101846857355.239,9092284356.60946,73708143154.8622
50003340,30019919,50003339,30019914,79881,40211704,2,-722476969527.957,-100062092205.775,-416821571797.919
50003341,30019922,50003342,30019923,79881,40211738,2,679927239124.466,-90690076181.1079,-801018776409.912
50003342,30019923,50003341,30019922,79881,40211753,3,975836320428.551,-42018658489.2256,234459083302.75
50003343,30019874,50003344,30019876,79881,40211239,3,-2133449795045.62,611671933211.85,2407670836334.3
50003344,30019876,50003343,30019874,79787,40211284,2,119930372549.769,5324571301.9872,-81252033776.9349
50003345,30019889,50003346,30019892,79881,40211444,3,1769205674602.26,-78512381937.9062,201414683555.686
50003346,30019892,50003345,30019889,79881,40211472,5,-278717999267.616,-28288268072.134,83942416545.4844
50003347,30019901,50003348,30019912,79881,40211561,5,-612867122.953486,-9560059.15899215,-397408515.78949
50003348,30019912,50003347,30019901,79787,40211624,2,-2823167679127.06,-293663000075.866,2625824658749.66
50003349,30019868,50003350,30019872,79881,40211171,5,149400245604.008,-36287700488.4078,-36398115176.0894
50003350,30019872,50003349,30019868,79787,40211219,4,894897119368.368,-94026191839.0133,2084552902997.02
50003351,30019875,50003352,30019920,79787,40211278,5,2424387459818.09,1053844506459.67,1203917981376.67
50003352,30019920,50003351,30019875,79881,40211713,3,-1152154031.68797,-71753673374.3984,-626315963067.442
50003353,30019871,50003354,30019907,79881,40211212,3,-82809598492.037,15349875941.5439,1451281562906.72
50003354,30019907,50003353,30019871,79881,40211592,2,144485802176.661,11270638907.9937,180788891571.322
50003355,30019866,50003356,30019874,79787,40211163,5,-156281754944.816,-11399363687.9598,-95499847417.5049
50003356,30019874,50003355,30019866,79881,40211239,5,-1068410842165.36,-420633009637.454,-3066626090924.82
50003357,30021648,50003358,30021659,79787,40229992,5,672150015658.658,-511905372517.844,1278212847998.0
50003358,30021659,50003357,30021648,79787,40230110,2,-1100210775921.67,-255335193040.684,-81087790930.2204
50003359,30021655,50003360,30021668,79787,40230093,5,-2118790678906.47,-227746860896.233,569420069911.431
50003360,30021668,50003359,30021655,79787,40230218,2,-1649700778029.34,-6999048150.43825,391318662026.095
50003361,30021662,50003362,30021664,79787,40230139,2,-2409571285924.48,-700298306320.8,-3658489162955.9
50003362,30021664,50003361,30021662,79787,40230168,3,-1325102260020.77,226778296122.553,168733652355.019
50003363,30021653,50003364,30021658,79787,40230081,4,1947197418775.07,-1060602621.83467,511728506801.449
50003364,30021658,50003363,30021653,79787,40230103,4,-590774616577.885,71343362855.4854,280280669077.838
50003365,30021656,50003366,30021657,79787,40230096,5,-434222258443.887,-47162936217.2093,-368074030619.363
50003366,30021657,50003365,30021656,79787,40230099,4,-15876834942.6178,-1961247502.57346,-5849367195.02133
50003367,30021654,50003368,30021666,79881,40230085,5,-131654478810.526,50071185112.4055,-211280129097.625
50003368,30021666,50003367,30021654,79881,40230205,2,-306099876354.047,-21701239050.1333,136232116062.78
50003369,30021667,50003370,30021669,79787,40230216,3,1635474023758.01,194324882306.979,-940705454726.505
50003370,30021669,50003369,30021667,79881,40230240,4,-1017832329457.85,224470188547.395,710386530630.979
50003371,30021651,50003372,30021652,79787,40230050,5,188301597955.262,-17109658781.8628,196967607358.434
50003372,30021652,50003371,30021651,79787,40230058,3,-470251972913.948,-16632093473.7694,58148367037.4677
50003373,30021659,50003374,30021665,79881,40230110,5,-618655357353.649,-139282701527.695,936366256565.387
50003374,30021665,50003373,30021659,79881,40230184,5,-853185029558.962,124842932727.56,-979519839682.59
50003375,30021650,50003376,30021659,79787,40230038,3,-115496541703.514,263376499432.726,-3254952021898.62
50003376,30021659,50003375,30021650,79787,40230110,4,-480130510246.21,-115721801022.242,-1017349028829.53
50003377,30021660,50003378,30021663,79881,40230116,5,74637591379.7403,-19838191704.9411,64431707324.0434
50003378,30021663,50003377,30021660,79881,40230153,4,-823295318020.96,-86748789480.5901,1111107801255.12
50003379,30021651,50003380,30021670,79881,40230050,2,-78271632951.4378,20180918055.4179,275726259914.755
50003380,30021670,50003379,30021651,79881,40230244,2,-164171123210.47,-4056206817.31342,-15680858293.4199
50003381,30021646,50003382,30021652,79787,40229974,2,-512507017194.116,145434971726.729,-792066367970.798
50003382,30021652,50003381,30021646,79881,40230058,5,183503247291.443,51923045976.0225,-434079869012.572
50003383,30021648,50003384,30021649,79881,40229992,4,-1460525270670.16,461872064584.911,34654991555.0033
50003384,30021649,50003383,30021648,79881,40230016,3,-536629277980.628,68814861070.4913,-122523752668.143
50003385,30021657,50003386,30021658,79881,40230099,2,-13342979974.8774,1833375275.94193,10624741809.3408
50003386,30021658,50003385,30021657,79881,40230103,2,-49830877450.3526,53223617704.5239,656492856613.199
50003387,30021666,50003388,30021670,79787,40230205,3,266321911822.597,18881142787.7412,-118528625472.272
50003388,30021670,50003387,30021666,79881,40230244,5,-95266777392.0922,-7256101749.34828,133922286689.264
50003389,30021647,50003390,30021666,79881,40229976,5,-14109894203.0524,6764132434.56604,22612803198.0151
50003390,30021666,50003389,30021647,79881,40230205,4,-235042678261.527,-23384686529.6711,-171874923004.252
50003391,30021654,50003392,30021656,79787,40230085,3,-118454984280.417,-8226273755.32322,224455036566.725
50003392,30021656,50003391,30021654,79787,40230096,3,-104252959250.914,69085408117.355,557324260345.634
50003393,30021654,50003394,30021665,79787,40230085,2,118646153969.338,8239549804.48522,-224817275435.591
50003394,30021665,50003393,30021654,79881,40230184,3,-426968183371.972,-87320684226.5292,1230058062589.57
50003395,30021656,50003396,30021659,79787,40230096,2,104405884622.403,-69186747319.3954,-558141781691.462
50003396,30021659,50003395,30021656,79787,40230110,3,1098785867599.86,255004502549.937,80982772264.1407
50003397,30021656,50003398,30021665,79881,40230096,4,538475217694.8,-21922471900.1457,-189250229726.271
50003398,30021665,50003397,30021656,79881,40230184,2,439390582300.967,89861230376.006,-1265845909446.54
50003399,30021667,50003400,30021668,79787,40230216,2,-1637394332428.74,-194553050869.129,941809993725.643
50003400,30021668,50003399,30021667,79881,40230218,4,-1083094582688.51,-140956235120.549,-1143244188120.22
50003401,30021658,50003402,30021668,79881,40230103,3,49622748974.0289,-53001318780.1609,-653750884868.863
50003402,30021668,50003401,30021658,79881,40230218,5,-455332460766.0,134429278780.056,1508168070249.02
50003403,30021649,50003404,30021650,79787,40230016,4,160878919522.588,-38551434288.1248,529481158518.052
50003404,30021650,50003403,30021649,79787,40230038,4,-2700330058674.12,484147866411.182,1775172587139.44
50003405,30021648,50003406,30021651,79881,40229992,2,-810197108673.146,-51418206199.3109,1349207399540.08
50003406,30021651,50003405,30021648,79787,40230050,4,-262678236293.713,36286323263.5785,65037815817.2516
50003407,30021666,50003408,30021669,79787,40230205,5,-31279233561.0699,4503543741.92992,290403548476.524
50003408,30021669,50003407,30021666,79881,40230240,3,-85144831270.4944,49622225199.7243,-1257500112052.54
50003409,30021663,50003410,30021664,79787,40230153,2,550609571334.947,15359786290.5589,1275452107138.2
50003410,30021664,50003409,30021663,79881,40230168,5,486664548533.626,-287731712739.359,-1231325919172.54
50003411,30021653,50003412,30021668,79787,40230081,2,1418997894813.06,7252916491.96621,-1432691815952.97
50003412,30021668,50003411,30021653,79787,40230218,3,1538427043454.51,6526956340.49275,-364923882128.805
50003413,30021660,50003414,30021664,79881,40230116,4,-94490291296.9076,8174443996.83644,33474350206.5448
50003414,30021664,50003413,30021660,79787,40230168,4,838437711487.147,60953416616.8061,1062592266817.53
50003415,30021661,50003416,30021663,79787,40230128,4,291202752571.533,-6552155742.00511,-1441603428548.78
50003416,30021663,50003415,30021661,79787,40230153,3,-549140817526.628,-15318813983.1678,-1272049832210.16
50003417,30021669,50003418,30021670,79787,40230240,2,85216515986.3972,-49664002898.5326,1258558820337.42
50003418,30021670,50003417,30021669,79787,40230244,4,-68448528490.287,3211156896.48692,-149559607442.161
50003419,30021646,50003420,30021650,79881,40229974,5,-945140889461.95,113415401357.405,57720690135.9259
50003420,30021650,50003419,30021646,79881,40230038,2,115784406761.203,-264032942388.374,3263064705947.31
50003421,30021646,50003422,30021647,79787,40229974,4,433111589991.779,31884007613.4112,-849048757693.606
50003422,30021647,50003421,30021646,79881,40229976,2,-27584299889.3223,2547086778.38783,-1116653953.02203
50003423,30021655,50003424,30021665,79787,40230093,2,-1545497322714.39,-240282029985.588,-1563482174152.02
50003424,30021665,50003423,30021655,79881,40230184,4,1280153212930.93,-37522248501.0306,-250538222906.978
50003425,30020092,50003426,30020094,79787,40213473,3,1678637691146.23,-409654493227.867,119557713444.8
50003426,30020094,50003425,30020092,79881,40213503,5,-144337988319.735,-40601537262.0352,-119246588193.03
50003427,30020070,50003428,30020072,79881,40213241,3,127810477862.486,8811889583.70425,506623168724.296
50003428,30020072,50003427,30020070,79881,40213264,2,-422124153703.886,-10451355811.4162,-154560521605.752
50003429,30020073,50003430,30020075,79881,40213266,3,-29310760938.0568,1846575899.59185,20536349518.4694
50003430,30020075,50003429,30020073,79881,40213285,3,-3764446356458.88,854177289969.899,-1772365426932.18
50003431,30020074,50003432,30020083,79881,40213276,5,56798612223.3455,-119487738426.062,533808626784.808
50003432,30020083,50003431,30020074,79881,40213357,2,-86923779528.5378,2153456393.43655,-47522858210.3804
50003433,30020071,50003434,30020105,79881,40213262,2,-1665030774522.78,-14949136673.8791,2260650725453.15
50003434,30020105,50003433,30020071,79787,40213609,3,-179699352021.999,42056427839.9436,-5861989966.91354
50003435,30020074,50003436,30020076,79881,40213276,3,423081808259.041,-70784204430.3001,-344160474107.624
50003436,30020076,50003435,30020074,79881,40213295,5,-1250120888178.26,-124127010910.847,-235754329332.584
50003437,30020071,50003438,30020089,79787,40213262,4,-2782194268058.75,127471017573.009,-308231168641.728
50003438,30020089,50003437,30020071,79881,40213425,4,-424941493093.003,20206081833.3663,-148151219981.292
50003439,30020081,50003440,30020100,79881,40213332,2,1018658947383.28,212235554730.48,18678080018.4974
50003440,30020100,50003439,30020081,79787,40213567,5,-650793217948.492,79908313665.1826,-343586588620.838
50003441,30020097,50003442,30020101,79787,40213537,4,-1141601536883.39,324167244732.766,869882597603.927
50003442,30020101,50003441,30020097,79787,40213574,2,-1484175118885.43,153058973870.776,398899891072.548
50003443,30020089,50003444,30020097,79787,40213425,5,84652470253.7542,2729650541.87102,442446438074.677
50003444,30020097,50003443,30020089,79787,40213537,3,-232633668809.794,-464355250916.502,-1376695312067.51
50003445,30020076,50003446,30020078,79881,40213295,2,-404248437465.282,-330967392576.157,-1179663681758.3
50003446,30020078,50003445,30020076,79787,40213311,2,-1084349741392.43,91835553852.0784,536602098148.835
50003447,30020074,50003448,30020080,79787,40213276,2,-425024658657.49,71109255323.7601,345740906783.285
50003448,30020080,50003447,30020074,79787,40213315,3,-66849851768.7071,-3044114392.64704,-5346991738.63637
50003449,30020073,50003450,30020090,79787,40213266,2,36788700564.0029,-2317685575.69534,-25775707928.8833
50003450,30020090,50003449,30020073,79787,40213451,2,-3878537718247.29,730363587211.016,866656347859.036
50003451,30020072,50003452,30020092,79787,40213264,3,421322720433.041,10431513155.6496,154267077264.112
50003452,30020092,50003451,30020072,79787,40213473,2,-1889703038231.95,461162849232.504,-134590433380.791
50003453,30020098,50003454,30020101,79881,40213546,3,17412389216.3996,-1466531435.98549,8874064523.33844
50003454,30020101,50003453,30020098,79787,40213574,4,-917036450771.579,-203826061649.934,-863553676226.61
50003455,30020073,50003456,30020074,79881,40213266,4,32326980688.9488,-3113348831.92128,15150761678.9623
50003456,30020074,50003455,30020073,79881,40213276,4,-479880420482.387,190271942856.362,-189648152677.184
50003457,30020078,50003458,30020100,79881,40213311,4,-1012360873602.0,-100945673960.214,-658398063187.422
50003458,30020100,50003457,30020078,79881,40213567,2,-31645930547.3396,-6972118526.83459,-745239894925.868
50003459,30020098,50003460,30020105,79787,40213546,2,-18054433965.7936,1520606657.74822,-9201276743.45276
50003460,30020105,50003459,30020098,79881,40213609,4,82248472201.9467,-31289044631.5759,162330365836.598
50003461,30020071,50003462,30020072,79881,40213262,5,1120465149409.41,-142390511008.062,2564399159685.58
50003462,30020072,50003461,30020071,79881,40213264,5,-344431053883.767,1993040775.53081,287720800875.451
50003463,30020087,50003464,30020089,79881,40213412,5,-1796280213395.71,52087182718.7574,-35437114475.9208
50003464,30020089,50003463,30020087,79787,40213425,2,-341295130696.022,23003544790.5513,295165339405.745
50003465,30020083,50003466,30020085,79787,40213357,3,86771744783.3294,-2149689872.97611,47439737967.8095
50003466,30020085,50003465,30020083,79881,40213392,5,-141998950854.59,19310170972.4119,-120824363959.849
50003467,30020075,50003468,30020090,79881,40213285,4,214572853198.121,-1132758823908.23,4088125531031.28
50003468,30020090,50003467,30020075,79787,40213451,4,-2603359460083.65,-644363413769.852,-2523325707536.97
50003469,30020081,50003470,30020085,79787,40213332,4,415306223861.935,480599639619.925,821644994154.863
50003470,30020085,50003469,30020081,79787,40213392,3,-31290067882.4663,13461778168.1253,184322608091.229
50003471,30020070,50003472,30020075,79881,40213241,2,-141155006073.827,-9731927683.17428,-559519044560.344
50003472,30020075,50003471,30020070,79881,40213285,5,3549873503260.76,278581533938.331,-2315760104099.1
50003473,30020076,50003474,30020079,79881,40213295,3,400494336380.046,327893824610.283,1168708594991.18
50003474,30020079,50003473,30020076,79881,40213313,2,-6984746125.55305,-280442661.190875,-323611715.481405
50003475,30020094,50003476,30020096,79881,40213503,3,-32724037502.5138,15882231853.7015,188091947134.336
50003476,30020096,50003475,30020094,79787,40213520,2,-340902997838.172,17160805253.18,129909767407.296
50003477,30020079,50003478,30020080,79881,40213313,5,-3531477787.35885,716227491.232279,5401090691.6987
50003478,30020080,50003477,30020079,79787,40213315,4,28940271836.0832,-1656034079.22149,60551447974.1711
50003479,30020073,50003480,30020087,79787,40213266,5,-3016219750.89199,1266772932.32943,-35687111197.4316
50003480,30020087,50003479,30020073,79881,40213412,2,-950027760963.166,158568048686.643,-1725498807929.54
50003481,30020119,50003482,30020136,79787,40213748,3,1107520856651.52,207785978000.209,-21496186867.1927
50003482,30020136,50003481,30020119,79881,40213908,5,-1123385186451.29,47852402652.2446,-203670760046.247
50003483,30020132,50003484,30020139,79881,40213893,5,633343212146.61,137289498052.422,-1352461667686.89
50003484,30020139,50003483,30020132,79881,40213935,3,-137718207240.59,-14209289141.7401,-25467693992.1444
50003485,30020146,50003486,30020147,79787,40214023,5,243153953977.844,208960809221.602,1989350565007.5
50003486,30020147,50003485,30020146,79787,40214039,5,-216455881963.176,3088351244.94165,-276831728875.193
50003487,30020147,50003488,30020148,79881,40214039,4,347336938548.401,-21839102489.2126,-48770868191.8572
50003488,30020148,50003487,30020147,79787,40214047,2,-310191528305.457,-32822342194.2264,91739455195.3586
50003489,30020114,50003490,30020117,79881,40213697,2,-1843102959194.65,432380772790.359,-1673474512388.86
50003490,30020117,50003489,30020114,79787,40213733,4,-3567539703828.08,9793212496.39552,-1270828670521.0
50003491,30020127,50003492,30020129,79787,40213817,5,1767679666680.36,-40429175445.5882,-225688925962.322
50003492,30020129,50003491,30020127,79881,40213843,3,-3794753320830.46,306691684785.696,-4401599026782.01
50003493,30020120,50003494,30020123,79881,40213755,3,-918915483770.321,-696477489014.591,5682412955236.5
50003494,30020123,50003493,30020120,79787,40213783,3,-474439623354.766,-38068251854.7999,259115278187.007
50003495,30020121,50003496,30020122,79787,40213758,3,385348189326.876,57495075621.4879,-183652588718.682
50003496,30020122,50003495,30020121,79881,40213776,4,-1655494431063.01,240431993375.989,1030836026983.13
50003497,30020126,50003498,30020130,79787,40213802,5,-16252587361.7499,5449902320.29283,8509971909.69222
50003498,30020130,50003497,30020126,79881,40213868,4,-2536677702214.49,50620909358.5679,65228945789.6859
50003499,30020143,50003500,30020146,79787,40213989,2,-1358174979410.56,-206506006317.277,1339747051885.87
50003500,30020146,50003499,30020143,79787,40214023,4,-1820659093527.98,-421175335614.936,-753734659840.436
50003501,30020117,50003502,30020136,79787,40213733,5,687386283956.091,258278491162.207,3715270282610.79
50003502,30020136,50003501,30020117,79787,40213908,2,-409960036476.352,27206227208.0842,-1145027894049.4
50003503,30020121,50003504,30020124,79787,40213758,2,-391153403146.035,-58361230482.9249,186419287967.526
50003504,30020124,50003503,30020121,79881,40213793,3,-409492831512.177,52741573764.785,267588165727.486
50003505,30020128,50003506,30020150,79881,40213825,5,46852942971.22,4568485563.60755,8579778328.53877
50003506,30020150,50003505,30020128,79787,40214069,4,-863413157613.457,-354749845687.94,-66286481324.2877
50003507,30020137,50003508,30020153,79787,40213917,4,-32689105257.8307,28690862787.4355,-123309489238.713
50003508,30020153,50003507,30020137,79881,40214139,3,-6315518894095.6,-1948336503837.73,587371532808.182
50003509,30020148,50003510,30020153,79881,40214047,4,-236243272169.507,56840008029.0182,-209698159245.329
50003510,30020153,50003509,30020148,79881,40214139,5,2269203668324.73,2182080082964.57,-5840893816412.81
50003511,30020126,50003512,30020150,79787,40213802,2,-16098225202.8554,1818971158.64799,-10314246291.1651
50003512,30020150,50003511,30020126,79787,40214069,2,-391398240301.941,-422756339852.76,740115684462.195
50003513,30020117,50003514,30020131,79881,40213733,3,2880153419871.99,-268071703658.602,-2444441612089.8
50003514,30020131,50003513,30020117,79881,40213887,2,-3248206972044.19,653537949226.728,1791208703023.41
50003515,30020114,50003516,30020135,79787,40213697,5,-2413951575038.69,-203671582356.491,701919504576.961
50003516,30020135,50003515,30020114,79787,40213906,3,-624772117225.078,35327852358.5025,-414786597234.236
50003517,30020126,50003518,30020127,79881,40213802,3,16041878432.0028,-1812604422.57787,10278144518.1459
50003518,30020127,50003517,30020126,79787,40213817,3,-1080545887049.38,-39839812944.2004,-1417072612398.42
50003519,30020120,50003520,30020141,79881,40213755,5,-4228301716821.36,2062634126528.74,-3389145704224.16
50003520,30020141,50003519,30020120,79787,40213953,4,-1504473319651.98,578215983449.117,844764577171.667
50003521,30020129,50003522,30020153,79881,40213843,4,-1919184954359.92,-627513772624.141,5458135407276.41
50003522,30020153,50003521,30020129,79787,40214139,4,4046315225770.86,-233743579126.84,5253522283604.63
50003523,30020131,50003524,30020135,79881,40213887,3,3232144951042.57,-650306276997.657,-1782351375872.21
50003524,30020135,50003523,30020131,79787,40213906,4,-47446511656.8527,-23615326232.0643,748884050943.72
50003525,30020119,50003526,30020151,79787,40213748,4,-602947772527.068,58848150513.2434,-950384356672.215
50003526,30020151,50003525,30020119,79881,40214081,3,-1729496680896.68,-6862668690.54712,-370529674677.443
50003527,30020132,50003528,30020135,79787,40213893,4,831405209865.182,163378210440.107,1237415666044.56
50003528,30020135,50003527,30020132,79787,40213906,2,625397871076.877,-35363235723.22,415202035605.664
50003529,30020122,50003530,30020143,79787,40213776,3,-59681936850.8349,-20096247021.4327,-1963956841815.82
50003530,30020143,50003529,30020122,79787,40213989,4,-1834367408065.72,-202961758690.616,-518100020907.832
50003531,30020119,50003532,30020137,79787,40213748,2,-1116349679929.85,-209442385343.206,21667548005.7832
50003532,30020137,50003531,30020119,79787,40213917,2,-126194426904.073,5029083721.22744,-34837076005.6029
50003533,30020117,50003534,30020149,79881,40213733,2,-3075802327788.21,286281822502.333,2610492603877.45
50003534,30020149,50003533,30020117,79787,40214055,2,-1142931602345.07,-254167727606.383,309154158106.55
50003535,30020127,50003536,30020153,79881,40213817,4,-687133779630.986,80268988389.7886,1642761538360.74
50003536,30020153,50003535,30020127,79881,40214139,2,6347440201286.39,1958184221672.63,-590340357294.072
50003537,30020121,50003538,30020141,79881,40213758,4,-358091407247.263,26827086485.0105,-237861378890.513
50003538,30020141,50003537,30020121,79881,40213953,3,-67696789428.8094,-475151448257.478,-1755291750628.52
50003539,30020122,50003540,30020124,79881,40213776,5,1715176367913.85,-220335746354.556,933120814832.685
50003540,30020124,50003539,30020122,79881,40213793,5,-27872111447.2766,-21420751339.0266,-490748179737.825
50003541,30020139,50003542,30020140,79881,40213935,4,46689037434.881,7116403496.22968,132613357266.288
50003542,30020140,50003541,30020139,79787,40213938,3,-19322677704.66,-2638947994.27431,5445527788.05748
50003543,30020126,50003544,30020149,79787,40213802,4,210708929.747158,-3637297897.71495,-18788116427.8381
50003544,30020149,50003543,30020126,79881,40214055,4,-854013375052.189,-65563774818.7991,-849068299752.431
50003545,30020128,50003546,30020130,79881,40213825,4,-29701034752.5043,-12453951113.9814,35389681516.7534
50003546,30020130,50003545,30020128,79881,40213868,2,-1236386061515.77,-294811264838.757,2239204957709.56
50003547,30020127,50003548,30020150,79787,40213817,2,1119975389692.51,41293581848.0595,1468782094601.58
50003548,30020150,50003547,30020127,79881,40214069,3,390515595688.706,421802979393.617,-738446644965.346
50003549,30021990,50003550,30021993,79881,40233611,5,-1012041341051.87,71313525903.6073,455919753602.832
50003550,30021993,50003549,30021990,79787,40233636,3,-45324789439.8803,-4720388247.04082,46688827348.1379
50003551,30022032,50003552,30022041,79881,40234070,2,-16005926538.9971,5833353196.53149,-62105034332.5868
50003552,30022041,50003551,30022032,79881,40234160,2,-594409290758.699,-26414593395.6126,311872133427.398
50003553,30021988,50003554,30021989,79787,40233581,5,-9797804565.23643,-757171804.471142,-52177716719.6347
50003554,30021989,50003553,30021988,79881,40233600,4,-921502495309.645,32988582151.3633,-175527033280.597
50003555,30021990,50003556,30022050,79881,40233611,2,-906784274198.737,-66617944581.6536,-643599971608.162
50003556,30022050,50003555,30021990,79787,40234251,5,-3595321537323.89,130416221074.99,817456515372.578
50003557,30022014,50003558,30022047,79881,40233864,3,3613039532411.97,-12939830212.4089,460873585220.021
50003558,30022047,50003557,30022014,79787,40234227,3,-1049430305390.09,116614514567.853,-972500190813.871
50003559,30021988,50003560,30022048,79787,40233581,3,-40290451458.4706,997898801.198734,34565418047.0842
50003560,30022048,50003559,30021988,79787,40234233,3,-8215484620.31359,-513208849.855114,12428769268.5898
50003561,30022011,50003562,30022013,79787,40233821,2,11914308146.5437,-287528205.742043,2958916532.43875
50003562,30022013,50003561,30022011,79881,40233845,2,-1051651004807.05,53632015222.3945,-97571635880.6601
50003563,30021988,50003564,30021993,79881,40233581,2,40773399556.0872,-1009860278.67559,-34979742093.7226
50003564,30021993,50003563,30021988,79787,40233636,5,-17873985916.2681,2289967693.32998,-62703603385.6514
50003565,30022024,50003566,30022025,79881,40233967,5,7115238195306.18,1200931735007.21,2449776325296.82
50003566,30022025,50003565,30022024,79787,40233992,3,-2066879996484.75,-165521288384.926,-514928518779.926
50003567,30022012,50003568,30022014,79787,40233828,2,34017586207.3332,-39361607283.0056,-118194779043.238
50003568,30022014,50003567,30022012,79881,40233864,2,-3640515755534.4,13038234245.604,-464378408609.066
50003569,30021988,50003570,30022014,79881,40233581,4,50088256023.707,-240726996.727592,17612298672.5505
50003570,30022014,50003569,30021988,79787,40233864,5,-2205669601232.65,876681195.66166,2898559539695.44
50003571,30021989,50003572,30022052,79881,40233600,2,-613281228567.482,63598393868.1631,712421731371.357
50003572,30022052,50003571,30021989,79787,40234259,3,-2465917721783.78,133963429283.781,227883442642.732
50003573,30021997,50003574,30021998,79881,40233686,3,-443224523.11676,986114239.936607,-13882543175.4854
50003574,30021998,50003573,30021997,79787,40233688,3,-145742820728.047,20428533066.8628,-47243941773.864
50003575,30022029,50003576,30022051,79881,40234046,4,14556506438.1405,-2516706210.78137,-33004504173.8538
50003576,30022051,50003575,30022029,79787,40234255,3,-5958427957.13033,-165642994.384973,1525195237.82282
50003577,30022045,50003578,30022047,79787,40234210,2,264200857383.38,81987006173.4857,-578125617219.848
50003578,30022047,50003577,30022045,79881,40234227,4,-322040224851.858,-93244457956.471,1395799088927.13
50003579,30021993,50003580,30021994,79881,40233636,4,63198775356.1483,2430420553.71084,16014776037.5135
50003580,30021994,50003579,30021993,79787,40233639,4,-77844573189.9127,1797834668.79594,26902610358.1585
50003581,30021997,50003582,30022019,79881,40233686,5,12219313091.5014,684196330.102157,6641847427.11339
50003582,30022019,50003581,30021997,79881,40233919,3,-600578032699.429,-118517460068.695,511785708349.316
50003583,30021998,50003584,30022001,79881,40233688,4,30139636307.4273,-23265148109.254,149801935895.616
50003584,30022001,50003583,30021998,79787,40233760,5,-979498400822.326,-47279804132.8776,-85680951609.1908
50003585,30022048,50003586,30022051,79787,40234233,5,-6594925646.57086,-921278058.677542,-13337543958.9462
50003586,30022051,50003585,30022048,79787,40234255,5,1672137805.22935,-319262710.718653,-5912575438.6093
50003587,30022013,50003588,30022047,79787,40233845,3,1044669590492.79,-53275977604.3399,96923903874.2346
50003588,30022047,50003587,30022013,79881,40234227,2,1131918270410.12,-125780720221.62,1048941247747.15
50003589,30022011,50003590,30022047,79881,40233821,5,8044121935.70094,271500513.91618,-8329427111.68845
50003590,30022047,50003589,30022011,79881,40234227,5,1371470530241.94,-23370056611.3822,-423298898113.261
50003591,30022000,50003592,30022001,79881,40233745,3,-1449662663776.07,-20169411284.6641,-2068080990686.41
50003592,30022001,50003591,30022000,79787,40233760,2,-418598447499.222,29752106798.8015,-891571402526.237
50003593,30022000,50003594,30022010,79881,40233745,2,1546028442826.5,21510165295.9267,2205555894873.97
50003594,30022010,50003593,30022000,79881,40233819,5,-140992121036.153,-12076982260.8982,71088855308.7603
50003595,30022022,50003596,30022025,79787,40233953,5,279340341774.121,-112549151549.354,-1934886479990.65
50003596,30022025,50003595,30022022,79787,40233992,4,583490166211.971,119255756781.384,2051794065358.1
50003597,30022042,50003598,30022046,79787,40234180,2,675670996064.807,706035875811.467,2758129670529.97
50003598,30022046,50003597,30022042,79787,40234214,3,-1206223800778.81,-253375186848.695,-887487944872.11
50003599,30022017,50003600,30022019,79787,40233904,3,-885806013064.594,-243816929682.866,750323854381.96
50003600,30022019,50003599,30022017,79881,40233919,5,-144572928476.333,33027386218.29,-784010735311.85
50003601,30022011,50003602,30022042,79881,40233821,4,3194101574.13092,-542712757.360411,11120438132.1756
50003602,30022042,50003601,30022011,79787,40234180,4,-1945984885962.31,65849625051.9274,1904729582464.45
50003603,30021991,50003604,30022039,79787,40233619,5,465638525020.301,4288367895.09052,-284236044124.718
50003604,30022039,50003603,30021991,79881,40234132,5,-79719072230.5375,8232614285.78873,-122649079881.001
50003605,30022011,50003606,30022014,79881,40233821,3,-11238223509.8319,271212243.444231,-2791011020.48715
50003606,30022014,50003605,30022011,79787,40233864,4,-1407369931179.32,12063149016.7472,-3359433124915.46
50003607,30022029,50003608,30022050,79881,40234046,3,21303149725.7489,-179071646.840672,29217575715.7326
50003608,30022050,50003607,30022029,79881,40234251,2,-2524744600702.67,-331944413541.58,-2690937938211.5
50003609,30022048,50003610,30022052,79787,40234233,2,8228028759.44585,513992463.17971,-12447746628.8008
50003610,30022052,50003609,30022048,79787,40234259,5,1045778727410.27,114121986307.066,-2245874061464.93
50003611,30022042,50003612,30022045,79881,40234180,5,2574938068059.02,591368922661.884,662695159782.109
50003612,30022045,50003611,30022042,79881,40234210,5,-357316909033.538,-60602609329.7907,-525908223514.041
50003613,30022012,50003614,30022013,79881,40233828,5,-82834597140.7098,5617744240.47575,-94381339571.8788
50003614,30022013,50003613,30022012,79881,40233845,5,-601471042388.875,115742052200.923,853465575610.558
50003615,30022010,50003616,30022043,79787,40233819,4,8686360626.11412,7015244429.10594,-157967055200.083
50003616,30022043,50003615,30022010,79787,40234196,5,-1009068767213.58,103951098047.485,269659594203.526
50003617,30022045,50003618,30022046,79787,40234210,3,-263290534543.156,-81704514113.9952,576133644297.858
50003618,30022046,50003617,30022045,79787,40234214,4,-114478065232.996,-172932369571.305,1504592590472.31
50003619,30021991,50003620,30022038,79881,40233619,3,-478993837889.429,-117034114.742548,-261137213795.593
50003620,30022038,50003619,30021991,79881,40234127,3,-595380905154.394,251164257687.397,-545894444476.847
50003621,30020252,50003622,30020284,79787,40215094,5,-195530092945.576,36591440783.0379,-140293169588.066
50003622,30020284,50003621,30020252,79881,40215417,3,-156872577657.66,44027183636.6449,105792859656.409
50003623,30020293,50003624,30020294,79787,40215478,2,505758099589.303,-12028216841.349,504396155062.476
50003624,30020294,50003623,30020293,79787,40215492,3,-329379404339.848,21544836512.8489,-47534027138.8444
50003625,30020249,50003626,30020303,79881,40215076,5,32182017170.8712,-5966984785.33383,-116848311549.431
50003626,30020303,50003625,30020249,79787,40215585,3,-2674829814364.23,101403603205.974,103294344021.9
50003627,30020312,50003628,30020316,79787,40215710,4,313483662322.698,-35925385924.755,12099051994.4133
50003628,30020316,50003627,30020312,79881,40215732,4,-213371281409.855,-14160885030.39,358292050886.27
50003629,30020253,50003630,30020303,79787,40215101,4,-3701337917089.43,-241941698929.336,1191982616855.66
50003630,30020303,50003629,30020253,79787,40215585,5,1251048781724.06,31133161071.29,-2368454056993.78
50003631,30020276,50003632,30020314,79881,40215365,4,-622929575805.928,52997835991.9709,-130529356149.682
50003632,30020314,50003631,30020276,79787,40215723,5,-82587512519.7086,3225089617.72619,-88509878688.2198
50003633,30020270,50003634,30020273,79881,40215298,4,6034163064733.21,585741333925.985,-163052393396.007
50003634,30020273,50003633,30020270,79881,40215325,2,-416718185013.24,24091229660.1428,122429245028.834
50003635,30020250,50003636,30020252,79787,40215078,3,67021066794.781,9330841634.15977,-2222177562.6556
50003636,30020252,50003635,30020250,79881,40215094,3,-27500833817.8318,-46928793187.138,237264655455.195
50003637,30020293,50003638,30020314,79787,40215478,5,670913446607.666,-52065916391.2843,-180565138262.18
50003638,30020314,50003637,30020293,79787,40215723,3,-35364348824.5285,-7787639562.4187,115558697443.774
50003639,30020251,50003640,30020308,79881,40215088,4,-1517164274087.69,-26420016.7762962,-304562172350.489
50003640,30020308,50003639,30020251,79787,40215666,4,-6839109582734.35,288818329477.581,5779275429529.43
50003641,30020263,50003642,30020282,79787,40215195,3,1225102851491.09,-350236281751.46,101758279923.731
50003642,30020282,50003641,30020263,79881,40215407,2,-314006316822.064,-70102642817.5455,-20711100906.7124
50003643,30020250,50003644,30020263,79881,40215078,2,-67257808952.6685,-9363801473.34201,2230027081.27045
50003644,30020263,50003643,30020250,79787,40215195,2,-1226434814597.25,350617067581.125,-101868914124.312
50003645,30020310,50003646,30020314,79881,40215686,5,-2590577875203.1,-54104120512.0018,39758580585.6362
50003646,30020314,50003645,30020310,79881,40215723,2,35577026236.0036,7834473593.82854,-116253655090.746
50003647,30020277,50003648,30020311,79881,40215372,2,-352746587462.819,112064827019.667,766627395872.378
50003648,30020311,50003647,30020277,79881,40215700,5,-1585995041754.49,206426471672.924,495045748999.579
50003649,30020271,50003650,30020276,79881,40215306,4,-204785101721.491,-11192021993.7522,101914229374.456
50003650,30020276,50003649,30020271,79787,40215365,2,-460513207797.82,56506131289.7072,518497938258.809
50003651,30020249,50003652,30020282,79787,40215076,2,117728362633.378,-7495297982.98902,-30454819878.7205
50003652,30020282,50003651,30020249,79787,40215407,5,-171590688172.637,-49157954577.5175,267155994584.495
50003653,30020247,50003654,30020248,79881,40215070,5,1541034160.39182,1100917788.88128,-11991666365.441
50003654,30020248,50003653,30020247,79881,40215073,3,-3276989315717.93,-133754404626.942,282005220621.12
50003655,30020310,50003656,30020316,79881,40215686,2,-1428485971209.18,-175685961851.677,-2390128163148.06
50003656,30020316,50003655,30020310,79881,40215732,3,-203828081362.585,10430831079.603,-363931778132.459
50003657,30020311,50003658,30020314,79787,40215700,2,-1299394021637.03,110820365332.068,-1205751114369.45
50003658,30020314,50003657,30020311,79881,40215723,4,117951861344.237,4562549944.6925,-27048818755.5542
50003659,30020248,50003660,30020252,79881,40215073,2,3282178656133.0,133966214025.982,-282451795494.468
50003660,30020252,50003659,30020248,79787,40215094,2,27681690938.5021,47237416789.9197,-238825008232.377
50003661,30020310,50003662,30020311,79881,40215686,4,1263755344865.31,-109078505811.974,-2259784510959.52
50003662,30020311,50003661,30020310,79787,40215700,4,361127536744.499,-101962188993.239,-1631641219294.32
50003663,30020268,50003664,30020275,79881,40215259,3,-589175366413.801,-112463696730.418,550192005270.078
50003664,30020275,50003663,30020268,79881,40215356,2,-2505802432664.49,-2174962572.1478,-153060983937.443
50003665,30020246,50003666,30020247,79787,40215060,3,29359820567.6466,-4148562517.55369,26529674475.0421
50003666,30020247,50003665,30020246,79787,40215070,3,-11182307312.5376,168406557.456678,4723823756.32202
50003667,30020251,50003668,30020252,79787,40215088,3,1017939865705.6,243683916572.433,-1139720198427.7
50003668,30020252,50003667,30020251,79881,40215094,4,223030926763.407,10337352404.1,-96971485867.1295
50003669,30020270,50003670,30020277,79787,40215298,3,-3128720196577.87,2150970253742.39,4729190182694.41
50003670,30020277,50003669,30020270,79787,40215372,4,-702931045023.338,229372944912.204,54689300064.2133
50003671,30020268,50003672,30020277,79881,40215259,5,-177449945232.778,-10797267715.8822,-794280727501.917
50003672,30020277,50003671,30020268,79787,40215372,3,307220776190.075,-97601633479.2108,-667685732419.205
50003673,30020273,50003674,30020276,79787,40215325,4,-302013933286.078,125649878551.187,-283595233338.895
50003674,30020276,50003673,30020273,79881,40215365,5,200219569796.958,-1130252842.21167,606464167325.053
50003675,30020249,50003676,30020263,79787,40215076,4,85074172960.3284,-1498251846.89792,86515636650.7632
50003676,30020263,50003675,30020249,79787,40215195,5,-713753565578.798,141248158444.516,1050952902217.47
50003677,30020277,50003678,30020312,79881,40215372,5,395710268833.263,-131771311432.994,612996432354.992
50003678,30020312,50003677,30020277,79787,40215710,3,-162432758670.607,59321745994.0839,264207411552.226
50003679,30020296,50003680,30020300,79881,40215525,3,788768897040.897,24568472862.5293,349902997201.642
50003680,30020300,50003679,30020296,79787,40215563,3,-581027829526.578,-27201039237.2792,175642058055.12
50003681,30020271,50003682,30020316,79787,40215306,2,-22561667592.4357,52739308053.2621,263978838722.979
50003682,30020316,50003681,30020271,79787,40215732,2,204096048388.29,-10444544198.8227,364410228969.527
50003683,30020263,50003684,30020271,79787,40215195,4,-511349285912.295,208988123306.944,-1152711182141.2
50003684,30020271,50003683,30020263,79787,40215306,3,19127168435.8731,-44710951625.9494,-223794083086.901
50003685,30020270,50003686,30020276,79881,40215298,2,3215156743806.5,-2210394692568.32,-4859842604418.4
50003686,30020276,50003685,30020270,79881,40215365,3,422710006008.97,-51867583149.7592,-475934811175.37
50003687,30020282,50003688,30020284,79881,40215407,3,312930374179.236,69862436112.3245,20640134319.5717
50003688,30020284,50003687,30020282,79787,40215417,5,-20566481153.5597,-63433789061.3776,-182462878231.411
50003689,30020246,50003690,30020248,79787,40215060,5,-37639556875.3214,-7208910966.17304,10692456377.7177
50003690,30020248,50003689,30020246,79881,40215073,5,1403674021081.66,-152300298692.354,-2973647595479.8
50003691,30020249,50003692,30020253,79787,40215076,3,-117256190131.2,7465236632.23175,30332674898.6675
50003692,30020253,50003691,30020249,79787,40215101,2,-847508371683.26,-268510071596.596,3982461438162.05
50003693,30020273,50003694,30020275,79787,40215325,3,414734971695.633,-23976576522.3202,-121846589128.664
50003694,30020275,50003693,30020273,79881,40215356,5,-1374498262086.08,208749486975.552,2067449592404.58
50003695,30020250,50003696,30020300,79787,40215078,4,-35169060118.2021,-6702392782.46923,-57463390209.9765
50003696,30020300,50003695,30020250,79787,40215563,5,138394457616.889,10320049709.6069,-591543606552.138
50003697,30020352,50003698,30020353,79881,40216139,3,383135006104.125,47243640690.7435,110570499955.078
50003698,30020353,50003697,30020352,79881,40216146,2,-1769882086680.93,441484284742.057,538184289461.379
50003699,30020345,50003700,30020347,79787,40216084,2,-386672004113.446,-5857934874.90286,-160704809341.365
50003700,30020347,50003699,30020345,79881,40216095,2,-32368030279.0758,57205691.7199138,11253623799.4543
50003701,30020328,50003702,30020349,79787,40215881,4,78896950166.4792,-11449429573.73,-189703602356.619
50003702,30020349,50003701,30020328,79881,40216117,3,-195442744721.588,23315389480.8979,-125427937136.87
50003703,30020362,50003704,30020365,79787,40216246,5,28858545704.3448,14980497793.9754,95332891542.2416
50003704,30020365,50003703,30020362,79787,40216323,4,-4116273377009.08,-658733196647.437,1362913990283.08
50003705,30020347,50003706,30020349,79881,40216095,3,32321100286.2111,-57122749.9195914,-11237307314.3282
50003706,30020349,50003705,30020347,79787,40216117,4,-12726519996.1897,-47697632668.9005,228115349750.809
50003707,30020339,50003708,30020345,79787,40216029,5,200543877011.848,139140526662.584,-720193940657.455
50003708,30020345,50003707,30020339,79787,40216084,5,-332151396708.688,6618605418.33394,254038045469.354
50003709,30020360,50003710,30020361,79787,40216229,4,-1633041409433.31,-270895608403.872,-640048410876.814
50003710,30020361,50003709,30020360,79881,40216240,4,-111786701292.247,-719318809.021357,-23130142536.6727
50003711,30020353,50003712,30020355,79881,40216146,5,-290305629075.618,740810546943.561,1608709430168.87
50003712,30020355,50003711,30020353,79787,40216178,4,-76231951911.4546,-14769640518.815,62832919437.134
50003713,30020338,50003714,30020339,79881,40216014,3,492710621983.184,62456480236.3506,292997518949.249
50003714,30020339,50003713,30020338,79881,40216029,3,-731567728930.463,35110108214.7971,204531619108.804
50003715,30020340,50003716,30020358,79881,40216034,4,62998040057.8816,2534596172.25819,-37201077966.322
50003716,30020358,50003715,30020340,79787,40216205,3,-321145845854.733,-23513263489.5741,-411418823379.391
50003717,30020330,50003718,30020335,79787,40215923,2,618290468716.318,42438890586.0039,1672434056070.78
50003718,30020335,50003717,30020330,79787,40215990,3,-998681227954.234,-136250333662.614,16121857740.3522
50003719,30020365,50003720,30020366,79881,40216323,5,3201472077074.93,649556010413.348,2926401204994.61
50003720,30020366,50003719,30020365,79787,40216354,5,-1502734839532.06,363956003486.445,66901724940.5607
50003721,30020335,50003722,30020343,79881,40215990,5,461400082449.981,245167193744.169,-862085421414.322
50003722,30020343,50003721,30020335,79881,40216067,3,-726668268544.208,-33107565276.6238,109230536020.961
50003723,30020333,50003724,30020336,79881,40215971,2,-1444561938613.65,249519016991.785,635123959261.562
50003724,30020336,50003723,30020333,79787,40215996,3,-1485385290912.57,194732353298.502,616401313866.101
50003725,30020335,50003726,30020336,79881,40215990,4,537281145504.253,-108916860081.555,845963563673.97
50003726,30020336,50003725,30020335,79881,40215996,5,222450912871.763,36604206610.5,-1604187163343.91
50003727,30020345,50003728,30020346,79787,40216084,4,-54000023543.0892,-12468653644.2781,-414526494874.272
50003728,30020346,50003727,30020345,79881,40216092,2,-2256181375536.07,426409944530.577,-235477151209.089
50003729,30020340,50003730,30020344,79787,40216034,5,-63771658581.373,262219568.031543,-35947242361.914
50003730,30020344,50003729,30020340,79787,40216073,4,-96511800919.3006,-23460121564.4247,146274140304.018
50003731,30020351,50003732,30020353,79881,40216132,3,-751384751119.637,-40106022139.7117,-672418635466.762
50003732,30020353,50003731,30020351,79881,40216146,4,-1379881132811.2,-324194539862.53,-1100840413086.77
50003733,30020331,50003734,30020350,79787,40215936,5,-3342828929152.36,459191028004.803,-288097428793.561
50003734,30020350,50003733,30020331,79787,40216129,4,-1858539792414.45,260774460475.057,1709991576471.78
50003735,30020346,50003736,30020347,79881,40216092,5,-1380039430557.56,-54601288238.7887,1841633791370.04
50003736,30020347,50003735,30020346,79787,40216095,4,-25760215739.8019,4757105446.12944,-22016246165.2707
50003737,30020327,50003738,30020343,79881,40215877,4,1600663944720.8,-8525334895.44428,139950678250.064
50003738,30020343,50003737,30020327,79881,40216067,5,269479103541.557,-1394778552.16406,-684436454854.823
50003739,30020341,50003740,30020344,79787,40216040,2,625207741552.037,130311026277.6,128878981665.438
50003740,30020344,50003739,30020341,79787,40216073,3,-68242867566.0067,-39579010586.9997,-158232240992.494
50003741,30020326,50003742,30020328,79881,40215871,5,108549951070.389,-8789791968.92301,-501080821100.119
50003742,30020328,50003741,30020326,79881,40215881,5,-203794006966.66,11248291500.7939,26167796869.4354
50003743,30020358,50003744,30020360,79881,40216205,5,517391098742.637,4336696210.47353,-72392127392.62
50003744,30020360,50003743,30020358,79881,40216229,2,-1472575364993.31,-336579385479.592,1213357469467.71
50003745,30020332,50003746,30020350,79881,40215955,2,-519460238415.323,14471319648.5328,4183514412099.0
50003746,30020350,50003745,30020332,79787,40216129,3,-558757563445.082,-120807127127.086,-2473750248945.24
50003747,30020346,50003748,30020349,79881,40216092,4,-870094030977.768,479868199367.199,-2076479723132.37
50003748,30020349,50003747,30020346,79881,40216117,2,200538409450.438,-23923278036.6303,128698146610.192
50003749,30020331,50003750,30020336,79881,40215936,3,1300775398659.78,-1209046622713.38,2883496385397.83
50003750,30020336,50003749,30020331,79787,40215996,4,1262934378040.81,-231336559909.002,987785849477.809
50003751,30020336,50003752,30020343,79881,40215996,2,1500164214823.99,-196669853723.542,-622534233164.724
50003752,30020343,50003751,30020336,79881,40216067,4,457189165002.651,34502343828.7879,575205918833.863
50003753,30020331,50003754,30020338,79787,40215936,2,-1320392570079.35,1227280419936.53,-2926982788152.94
50003754,30020338,50003753,30020331,79787,40216014,5,-486019242708.53,-136100545961.577,278879995974.923
50003755,30020353,50003756,30020354,79881,40216146,3,1670186761886.82,-416616007081.032,-507869017082.099
50003756,30020354,50003755,30020353,79881,40216174,3,-2211626868418.51,-1326616774554.83,-2197840726430.2
50003757,30020331,50003758,30020333,79881,40215936,4,2042053530492.58,749855594708.58,-2595398956604.27
50003758,30020333,50003757,30020331,79787,40215971,4,-1256862881609.35,245470953847.584,-949806662143.006
50003759,30020348,50003760,30020349,79787,40216111,5,-2701413273130.05,227581964564.48,513770502419.928
50003760,30020349,50003759,30020348,79787,40216117,5,208169264717.778,24382243188.0027,-102687412613.939
50003761,30020328,50003762,30020343,79881,40215881,2,-125393244032.134,-201937148.160194,-164185495565.787
50003762,30020343,50003761,30020328,79881,40216067,2,755838083223.079,34436564471.1565,-113615252721.73
50003763,30020354,50003764,30020355,79881,40216174,4,-961111333473.875,658080884964.238,3181965412117.0
50003764,30020355,50003763,30020354,79787,40216178,3,-16715419336.4317,5831321400.52874,-98305742382.6793
50003765,30020345,50003766,30020352,79881,40216084,3,386151420251.777,5850048225.9442,160488449404.918
50003766,30020352,50003765,30020345,79787,40216139,2,-400783737158.259,-49419871771.9162,-115663819503.378
50003767,30020332,50003768,30020333,79881,40215955,3,518940660490.292,-14456845050.326,-4179329949888.37
50003768,30020333,50003767,30020332,79787,40215971,5,-184779027688.482,3543686817.37739,1583646785432.82
50003769,30020339,50003770,30020348,79881,40216029,4,531023851918.615,-174250634877.381,515662321548.651
50003770,30020348,50003769,30020339,79881,40216111,2,-1832272261778.34,-369455310671.142,-2040254249752.5
50003771,30020327,50003772,30020328,79787,40215877,3,-920479500776.017,121847213688.738,1311356047293.91
50003772,30020328,50003771,30020327,79787,40215881,3,124897056800.181,201138072.936106,163535805487.184
50003773,30020358,50003774,30020361,79787,40216205,4,-196245252887.904,19176567279.1006,483810950772.011
50003774,30020361,50003773,30020358,79787,40216240,2,-76725844823.9348,-5115225604.11012,86100150549.9669
50003775,30020332,50003776,30020351,79881,40215955,5,3359956890853.54,7201251505.24233,2539083510461.08
50003776,30020351,50003775,30020332,79881,40216132,4,-207546965644.514,40572954548.1153,986718019983.907
50003777,30020570,50003778,30020575,79881,40218573,2,-274405070727.145,-132895497498.37,676381059503.79
50003778,30020575,50003777,30020570,79787,40218618,3,-13567006864.9124,2118962830.8964,-3628037789.96163
50003779,30020588,50003780,30020590,79881,40218743,5,28279342747.071,13104368871.799,191840575977.292
50003780,30020590,50003779,30020588,79787,40218765,3,-369280907092.354,90868529095.6137,-286161696614.121
50003781,30020560,50003782,30020592,79881,40218455,3,380804441467.381,28058845323.6418,346169514790.903
50003782,30020592,50003781,30020560,79881,40218804,5,-3721268017868.3,-447646668068.017,-1698230303355.08
50003783,30020542,50003784,30020543,79787,40218286,4,141678957240.218,-30127129929.9155,-100915966287.494
50003784,30020543,50003783,30020542,79881,40218294,4,-248813221690.443,-15665504443.4919,88478011464.5178
50003785,30020547,50003786,30020548,79881,40218331,5,390793858377.576,-26191161476.3747,-242386889150.525
50003786,30020548,50003785,30020547,79787,40218342,4,-915342607977.79,-34683340742.7164,723932450879.577
50003787,30020580,50003788,30020581,79787,40218647,3,1138989615418.16,284670264450.703,677989179904.819
50003788,30020581,50003787,30020580,79881,40218651,3,-267569467741.54,-48931844242.7716,-23580339322.428
50003789,30020568,50003790,30020573,79787,40218544,2,313232141758.581,8298433273.17849,-293010054513.922
50003790,30020573,50003789,30020568,79881,40218595,5,-862840543822.089,-75282182435.2363,-1340332812194.02
50003791,30020586,50003792,30020588,79787,40218728,4,-2537159152883.1,-69538829866.3006,1629081288774.53
50003792,30020588,50003791,30020586,79881,40218743,4,-180402426324.347,-14323670430.4676,-70880528657.1804
50003793,30020548,50003794,30020549,79787,40218342,5,1060348892222.13,263035178924.954,411832416101.97
50003794,30020549,50003793,30020548,79787,40218346,5,-1902565619775.64,1815601595.66723,-1385602388488.49
50003795,30020579,50003796,30020582,79787,40218644,3,-21093034090.6638,243567728460.88,-1906184456654.2
50003796,30020582,50003795,30020579,79881,40218681,5,-1772414774944.19,-378559037604.253,1002792902644.08
50003797,30020557,50003798,30020561,79787,40218434,5,-1438647510053.95,-52467059489.1533,646495955904.707
50003798,30020561,50003797,30020557,79787,40218470,5,-657432537497.99,-76694608102.9451,-938734266288.241
50003799,30020581,50003800,30020582,79881,40218651,2,297510816656.886,54407377134.8855,26219007976.0469
50003800,30020582,50003799,30020581,79787,40218681,2,-1773629222254.06,-206343948293.586,-1065346353666.13
50003801,30020549,50003802,30020552,79881,40218346,3,-248233533475.621,52847439546.0203,2339923176930.83
50003802,30020552,50003801,30020549,79787,40218372,3,-1024298841473.91,-47952243871.4914,1093769532949.16
50003803,30020555,50003804,30020586,79881,40218414,2,808941408048.439,152909390362.513,-474079143763.94
50003804,30020586,50003803,30020555,79787,40218728,3,-141276390632.305,275725377935.448,-2999989093107.71
50003805,30020541,50003806,30020559,79881,40218276,5,635205366273.562,-15004603629.7406,1820420500305.55
50003806,30020559,50003805,30020541,79787,40218451,4,-140828570992.902,-1385548382.12089,-57724550881.0882
50003807,30020575,50003808,30020591,79787,40218618,4,4188821924.52645,2161050730.05396,13397759797.1985
50003808,30020591,50003807,30020575,79881,40218789,4,-780581724177.635,-211175467525.545,-324584350050.124
50003809,30020541,50003810,30020543,79787,40218276,3,1258980444914.36,10331083809.3501,-1460309317040.77
50003810,30020543,50003809,30020541,79881,40218294,2,-50952362336.4025,-9736509125.02639,278509956581.51
50003811,30020555,50003812,30020560,79881,40218414,3,-729123843918.188,-137821950221.673,427302155858.869
50003812,30020560,50003811,30020555,79787,40218455,5,-490955018036.449,29684042276.3695,153995721731.852
50003813,30020542,50003814,30020599,79881,40218286,2,-11879497227.1817,20704551215.799,-192661472165.816
50003814,30020599,50003813,30020542,79881,40218858,2,-185483635349.534,15262568373.2652,-6627499657.51084
50003815,30020543,50003816,30020598,79787,40218294,3,47578491608.5828,9091794697.24003,-260068091536.808
50003816,30020598,50003815,30020543,79787,40218855,5,-953621261744.498,57605746360.1932,-218001252201.808
50003817,30020585,50003818,30020588,79787,40218717,4,-6142278859277.54,-170360094826.283,-2890663321121.46
50003818,30020588,50003817,30020585,79787,40218743,2,-153085634718.747,-1227016627.80539,121725415920.868
50003819,30020569,50003820,30020571,79881,40218559,2,-2043220202692.0,226463737248.129,-1585349218115.07
50003820,30020571,50003819,30020569,79787,40218579,5,-217661951142.003,1385372802.82091,-151008449667.591
50003821,30020551,50003822,30020565,79787,40218362,3,-100345535884.172,-17813793784.6693,-99304748940.4091
50003822,30020565,50003821,30020551,79787,40218519,3,-814845880039.273,512899588454.345,-902999044697.953
50003823,30020547,50003824,30020552,79787,40218331,3,-406184293489.396,-450415894.123735,-217189635031.753
50003824,30020552,50003823,30020547,79787,40218372,5,-409685592687.009,-241690717839.155,-1421816668069.42
50003825,30020552,50003826,30020582,79881,40218372,2,1026926352465.54,48075250012.6136,-1096575248775.22
50003826,30020582,50003825,30020552,79787,40218681,4,5556631544.28321,173002836336.619,-2064072146861.89
50003827,30020567,50003828,30020573,79787,40218540,4,-2079306811230.74,475533177337.997,3482753142343.65
50003828,30020573,50003827,30020567,79787,40218595,3,-724184941169.693,-71753107465.8487,1420232699613.48
50003829,30020560,50003830,30020561,79881,40218455,4,110150576569.068,-57742887600.0113,-500165236522.755
50003830,30020561,50003829,30020560,79787,40218470,3,-485877173349.518,33574827754.8755,1040248879036.14
50003831,30020568,50003832,30020574,79787,40218544,3,-270917068444.115,-7177383529.11872,253426818039.46
50003832,30020574,50003831,30020568,79881,40218613,5,-347947267870.32,-6788751098.55124,156609218801.842
50003833,30020561,50003834,30020590,79881,40218470,4,1143309710847.51,43119780348.0696,-101514612747.899
50003834,30020590,50003833,30020561,79787,40218765,4,-74168015594.2691,-103931212799.269,458488171058.868
50003835,30020547,50003836,30020554,79787,40218331,2,417218043246.821,462651168.461486,223089459621.868
50003836,30020554,50003835,30020547,79787,40218389,4,-1056042277191.63,419001010375.517,787568662566.946
50003837,30020541,50003838,30020565,79787,40218276,4,-1894185811187.93,4673519820.3905,-360111183264.78
50003838,30020565,50003837,30020541,79881,40218519,4,-486925065600.698,-498198295488.558,1121226787782.51
50003839,30020561,50003840,30020592,79881,40218470,2,495377573303.498,-34231319373.649,-1060588958678.89
50003840,30020592,50003839,30020561,79787,40218804,2,-439381416711.604,231718883502.485,-4090963712056.77
50003841,30020571,50003842,30020572,79787,40218579,2,21455046336.1926,-27946175378.4076,-270187127043.281
50003842,30020572,50003841,30020571,79881,40218586,5,-531141728158.745,45574229027.8084,-345838919895.303
50003843,30020567,50003844,30020568,79881,40218540,3,-1973953201027.24,16141799927.5422,-3575257511135.9
50003844,30020568,50003843,30020567,79787,40218544,5,-83356873286.3172,-16258972326.1362,-361192472796.859
50003845,30020565,50003846,30020580,79787,40218519,2,824177375744.629,-518773239440.602,913340057537.256
50003846,30020580,50003845,30020565,79787,40218647,5,-1181725916527.53,-73077009520.9523,660444880703.541
50003847,30020576,50003848,30020580,79881,40218620,2,54023008410.337,-29698585739.2135,-157065545825.829
50003848,30020580,50003847,30020576,79787,40218647,2,-1152297686362.69,-287996380882.164,-685910874697.866
50003849,30020554,50003850,30020579,79881,40218389,3,-150793036904.383,-82256837712.316,-1371694867250.0
50003850,30020579,50003849,30020554,79787,40218644,4,-1631257161260.48,-394154839145.923,936456818993.308
50003851,30020557,50003852,30020560,79787,40218434,4,163803748742.786,-75972705295.0252,-1567741353497.12
50003852,30020560,50003851,30020557,79787,40218455,2,-383352589218.795,-28246600706.2818,-348485903400.562
50003853,30020552,50003854,30020554,79787,40218372,4,1433984434160.92,289642961710.646,328047135120.258
50003854,30020554,50003853,30020552,79881,40218389,2,156273723435.18,85246524449.6537,1421550150608.13
50003855,30020569,50003856,30020570,79881,40218559,3,2040518471647.78,-226164286357.567,1583252925609.32
50003856,30020570,50003855,30020569,79881,40218573,4,-732669225632.768,10487499218.5994,111303818779.072
50003857,30020547,50003858,30020551,79787,40218331,4,15390435111.8194,26641577370.4984,459576524182.278
50003858,30020551,50003857,30020547,79881,40218362,4,-36482349217.6661,39643565926.5318,131702000209.53
50003859,30020598,50003860,30020599,79787,40218855,2,-288016549890.798,34426231883.6306,-938292476965.843
50003860,30020599,50003859,30020598,79881,40218858,5,-87707966546.7409,1665881485.62271,139792421751.988
50003861,30020568,50003862,30020576,79881,40218544,4,354273941730.432,23436355855.2549,107765654757.399
50003862,30020576,50003861,30020568,79787,40218620,5,-109537264043.549,-523908722.399091,-128115728061.889
50003863,30020585,50003864,30020592,79787,40218717,5,577426853688.891,-223504837447.829,6762334685549.83
50003864,30020592,50003863,30020585,79787,40218804,3,438727340089.56,-231373939681.876,4084873778291.0
50003865,30020567,50003866,30020574,79881,40218540,5,4053260012257.98,-491674977265.54,92504368792.2542
50003866,30020574,50003865,30020567,79787,40218613,2,-345529441418.335,31017281448.4533,-247268786198.543
50003867,30020555,50003868,30020557,79787,40218414,5,-12469356826.5568,84344422387.8923,-852017685078.756
50003868,30020557,50003867,30020555,79787,40218434,2,-1284890023207.68,-129451919805.921,-928505167625.448
50003869,30020642,50003870,30020643,79787,40219305,4,-2705794863718.39,1892479719968.34,-3932552859556.22
50003870,30020643,50003869,30020642,79787,40219328,5,-3098019375694.59,-10771640795.1608,1237922118397.24
50003871,30020618,50003872,30020645,79787,40219067,2,588696407866.429,-18029260529.4925,-1335490986141.07
50003872,30020645,50003871,30020618,79881,40219376,2,-1408886567122.95,-23021675661.2786,416919651785.591
50003873,30020655,50003874,30020657,79881,40219523,5,-1509486712.82519,206821175.818115,-2532770414.84759
50003874,30020657,50003873,30020655,79787,40219555,4,-3916460845108.83,-732003897020.69,-1905305186339.29
50003875,30020618,50003876,30020647,79881,40219067,5,-852352271874.421,134654503439.629,-1173559320196.72
50003876,30020647,50003875,30020618,79787,40219393,2,-182952333856.136,45441933164.1325,-57140726987.0143
50003877,30020617,50003878,30020639,79787,40219059,3,-246356976296.203,42501078013.0394,-534846851912.356
50003878,30020639,50003877,30020617,79881,40219280,2,-2000000005213.42,-90691332353.1389,-790281360661.737
50003879,30020654,50003880,30020658,79881,40219519,3,-572585900063.659,798698453799.907,3362850755967.6
50003880,30020658,50003879,30020654,79787,40219587,3,-1215356539323.44,-445494547706.807,-1114400134121.26
50003881,30020629,50003882,30020631,79881,40219170,3,584764951594.534,338679371925.146,-1694267880408.52
50003882,30020631,50003881,30020629,79787,40219209,3,-2116698574151.14,-16093964544.7382,1389480972145.37
50003883,30020619,50003884,30020639,79787,40219077,4,-2758827059801.0,400649194244.885,879440585208.453
50003884,30020639,50003883,30020619,79787,40219280,5,-1664146557889.85,-15619513808.7481,1320368882242.39
50003885,30020608,50003886,30020629,79881,40218985,4,-97364020291.9435,4932228925.95079,-25813625701.1182
50003886,30020629,50003885,30020608,79787,40219170,4,-1703872596331.4,438422261928.698,481457694799.021
50003887,30020635,50003888,30020647,79787,40219238,2,-7029124623.19112,3968125.26898511,-7502873338.25673
50003888,30020647,50003887,30020635,79881,40219393,5,-141834189739.748,22675933146.2154,133801852093.586
50003889,30020657,50003890,30020659,79881,40219555,2,-3679061901144.93,-193464166857.274,2485896590966.96
50003890,30020659,50003889,30020657,79881,40219601,3,-931172025475.792,262724349757.501,-877945999869.562
50003891,30020653,50003892,30020655,79787,40219483,2,1680824659505.36,-291177479530.64,798083788866.484
50003892,30020655,50003891,30020653,79787,40219523,3,-1438481991.5165,1271223.45140071,2582057135.96029
50003893,30020643,50003894,30020653,79881,40219328,3,2615882245024.42,-303142115645.716,2048305687520.65
50003894,30020653,50003893,30020643,79787,40219483,3,-1481608169802.22,256666232313.591,-703492452400.875
50003895,30020631,50003896,30020654,79881,40219209,5,-144695774402.911,-24467490154.6823,-2527804129329.99
50003896,30020654,50003895,30020631,79881,40219519,5,-2486169446261.27,-1618380775494.5,-1863959277975.96
50003897,30020605,50003898,30020607,79881,40218937,4,1349357938662.76,177099489455.134,338537224591.731
50003898,30020607,50003897,30020605,79881,40218974,5,-3780521047843.39,49542047013.6404,-1520549378374.93
50003899,30020654,50003900,30020655,79787,40219519,2,574755396845.509,-801724678729.642,-3375592414279.66
50003900,30020655,50003899,30020654,79881,40219523,2,1444620261.63469,-1276647.99822944,-2593075253.84747
50003901,30020634,50003902,30020652,79787,40219233,3,14215270624.4462,2945659504.90588,-4277561035.08169
50003902,30020652,50003901,30020634,79787,40219459,3,-1060193312935.77,48764449839.84,1765421957917.4
50003903,30020656,50003904,30020658,79881,40219534,5,235296766800.701,85304693760.474,-162246092098.121
50003904,30020658,50003903,30020656,79787,40219587,4,-430385543883.881,544440479518.223,1560704141251.62
50003905,30020619,50003906,30020645,79787,40219077,2,-567521737906.904,613075653121.754,2805765574555.06
50003906,30020645,50003905,30020619,79787,40219376,4,-953077091929.322,90568584559.064,-900043329206.758
50003907,30020654,50003908,30020657,79787,40219519,4,3058755346324.93,819682321694.596,-1498891477991.64
50003908,30020657,50003907,30020654,79787,40219555,5,260560609170.741,539757690714.956,4375551726797.21
50003909,30020609,50003910,30020652,79787,40218998,2,-50799653984.9891,-4433426802.91978,23575568066.156
50003910,30020652,50003909,30020609,79881,40219459,5,-995547801971.888,76594816055.8842,-1801699289560.03
50003911,30020642,50003912,30020653,79787,40219305,3,5078335677170.41,730860255645.836,210065144456.401
50003912,30020653,50003911,30020642,79881,40219483,4,156177060424.636,59809330097.6754,1651657810822.24
50003913,30020606,50003914,30020608,79881,40218946,2,-187934187951.583,64770466545.6827,324391907026.59
50003914,30020608,50003913,30020606,79881,40218985,2,-76572492558.9333,9957726522.92304,77296121264.6744
50003915,30020613,50003916,30020622,79881,40219032,2,-170953326485.956,28640743801.9635,-392063096587.368
50003916,30020622,50003915,30020613,79881,40219122,2,-1240194169494.23,400994084826.156,154295226881.403
50003917,30020656,50003918,30020657,79881,40219534,4,28659841967.4266,-41334547220.6023,293998847463.75
50003918,30020657,50003917,30020656,79787,40219555,3,3655900235938.09,192246206305.734,-2470246540457.92
50003919,30020642,50003920,30020655,79881,40219305,2,-5437270718645.74,-782517210374.571,-224912477545.652
50003920,30020655,50003919,30020642,79881,40219523,4,2947968704.34169,-208092399.269515,-49286721.1127043
50003921,30020617,50003922,30020619,79787,40219059,4,-341366916169.71,-27277710215.7819,480919755752.248
50003922,30020619,50003921,30020617,79787,40219077,3,566686724303.485,-612173614528.185,-2801637358371.84
50003923,30020634,50003924,30020635,79787,40219233,5,-2672609803.79532,-6559285012.5511,13374651181.0482
50003924,30020635,50003923,30020634,79787,40219238,5,-9981820935.38326,1984484.90848601,2328866781.31758
50003925,30020656,50003926,30020659,79787,40219534,3,-263956608768.127,-43970146539.8717,-131752755365.629
50003926,30020659,50003925,30020656,79881,40219601,4,-309983886872.031,-127317459053.411,1262772686658.63
50003927,30020608,50003928,30020609,79787,40218985,5,26684894261.6641,4259105773.60934,97160686687.9728
50003928,30020609,50003927,30020608,79787,40218998,4,-39224257811.8808,-2510975814.79715,-27699886762.1752
50003929,30020605,50003930,30020622,79881,40218937,3,-980618494258.262,2446803724.67635,1002556686727.46
50003930,30020622,50003929,30020605,79787,40219122,4,-725850492794.712,225262602513.322,-1017621353486.96
50003931,30020917,50003932,30020918,79787,40222425,2,3533335350.07452,851451194.763119,2446338132.98235
50003932,30020918,50003931,30020917,79881,40222427,4,-2417193380973.64,-170750178013.382,1838898201118.83
50003933,30020901,50003934,30020903,79881,40222291,5,786599679165.945,-86846509947.4388,2359660424098.84
50003934,30020903,50003933,30020901,79787,40222309,3,-3853262767161.61,310302935490.799,2859072177418.0
50003935,30020900,50003936,30020916,79881,40222276,4,-5623958424725.77,229237499967.902,-2393661230779.12
50003936,30020916,50003935,30020900,79881,40222422,2,-649959605677.902,-166256219689.621,-3816053767.91723
50003937,30020914,50003938,30020915,79881,40222397,4,15728083220.0281,1401323838.4689,-136641234116.142
50003938,30020915,50003937,30020914,79787,40222419,4,-716664821310.365,21126458837.4996,550246842669.963
50003939,30020879,50003940,30020884,79881,40222040,2,320407339306.599,-70110588762.5845,-310497015339.234
50003940,30020884,50003939,30020879,79881,40222093,4,-723518879871.501,-84412437135.234,367103918622.583
50003941,30020876,50003942,30020906,79881,40222008,3,-664369782152.725,-97101174798.9625,476448395834.379
50003942,30020906,50003941,30020876,79881,40222343,3,-14671216645.5395,811270677.857962,-18658541553.8741
50003943,30020867,50003944,30020903,79881,40221893,2,-1540384000658.5,-443831212594.368,-605205861173.161
50003944,30020903,50003943,30020867,79787,40222309,5,-548896127768.937,-58756395327.5723,-4776345497049.21
50003945,30020866,50003946,30020868,79787,40221889,4,1092678247028.47,367548692804.181,902833151915.992
50003946,30020868,50003945,30020866,79881,40221895,5,-13744191990.3128,343850754.951364,-4325240528.62888
50003947,30020914,50003948,30020917,79787,40222397,2,-120889626625.461,1050786532.97075,-89662595170.2373
50003948,30020917,50003947,30020914,79787,40222425,3,-3515490083.09537,-847150902.720378,-2433982793.68419
50003949,30020904,50003950,30020906,79787,40222327,2,-31755843722.8173,151291650709.193,1582822228321.97
50003950,30020906,50003949,30020904,79881,40222343,4,-8483010602.09082,3338618742.73813,21930255057.9378
50003951,30020865,50003952,30020869,79881,40221865,2,411516592989.797,-599309209453.298,-2478171730678.36
50003952,30020869,50003951,30020865,79787,40221905,5,-205176887261.689,-12377303797.4916,-176852031580.145
50003953,30020899,50003954,30020901,79881,40222270,3,-17285058443.4829,5649421412.37374,54374649974.5792
50003954,30020901,50003953,30020899,79881,40222291,4,-2410292316699.6,373406927736.953,-495314953326.952
50003955,30020900,50003956,30020902,79787,40222276,5,750615603776.496,174344027964.193,6067722196792.71
50003956,30020902,50003955,30020900,79881,40222295,5,-4608016435.36279,243929243.139002,-920272543.533862
50003957,30020906,50003958,30020915,79881,40222343,2,15367828203.0244,-849791036.74151,19544477329.091
50003958,30020915,50003957,30020906,79881,40222419,3,-118373026660.942,-13276122740.2521,-895900637548.164
50003959,30020904,50003960,30020908,79881,40222327,5,1336013716065.63,310669053476.169,793099488226.572
50003960,30020908,50003959,30020904,79787,40222362,4,-2040386131786.54,-149827115275.792,-878857429323.528
50003961,30020900,50003962,30020915,79881,40222276,2,-5379425108412.91,445492280025.288,4055601367802.69
50003962,30020915,50003961,30020900,79787,40222419,2,120830785783.497,13551772630.2433,914502070889.421
50003963,30020900,50003964,30020917,79881,40222276,3,4873342820949.27,-403581527932.095,-3674060966013.59
50003964,30020917,50003963,30020900,79787,40222425,4,-433957199.501939,732571870.674878,4275000236.20688
50003965,30020901,50003966,30020916,79881,40222291,2,-1636085991627.48,288747681958.141,1878575684691.93
50003966,30020916,50003965,30020901,79787,40222422,4,-333753421431.919,-30705971264.106,-578378937658.882
50003967,30020865,50003968,30020868,79787,40221865,5,-1926833532473.65,-215319306048.276,-1566803179513.74
50003968,30020868,50003967,30020865,79881,40221895,2,-3198703979.82373,340327249.349057,-14412658043.8816
50003969,30020868,50003970,30020869,79787,40221895,4,10622269163.8735,-11692663.7669843,-9741458490.93397
50003970,30020869,50003969,30020868,79881,40221905,3,-49393672378.0668,-14743323824.9493,266214750382.688
50003971,30020869,50003972,30020870,79881,40221905,4,254570559639.756,27120627622.4409,-89362718802.5427
50003972,30020870,50003971,30020869,79787,40221926,3,-4107186125746.41,-1161020484252.73,917303178779.172
50003973,30020908,50003974,30020917,79881,40222362,2,-1822262632124.61,-8854552558.96111,1355254470508.29
50003974,30020917,50003973,30020908,79881,40222425,5,3949447282.59731,114579032.0455,-1841017442.52269
50003975,30020879,50003976,30020880,79881,40222040,4,398576359710.796,30822127290.3396,103925579791.207
50003976,30020880,50003975,30020879,79881,40222048,3,-76934395745.6792,1155558748.46338,15286366798.3705
50003977,30020867,50003978,30020902,79787,40221893,4,-186797429351.14,-348930706516.777,-1594823401572.14
50003978,30020902,50003977,30020867,79787,40222295,2,-1500494533.97731,1392075829.86489,-4305779171.8873
50003979,30020876,50003980,30020877,79787,40222008,2,745687836773.02,108986240688.641,-534765100954.036
50003980,30020877,50003979,30020876,79787,40222021,5,-498013428558.624,31364674296.6135,-306725144170.949
50003981,30020914,50003982,30020918,79787,40222397,3,110476901133.162,-960277925.869755,81939583556.2845
50003982,30020918,50003981,30020914,79881,40222427,3,-387686493333.783,115302939423.93,-3014951156061.94
50003983,30020865,50003984,30020870,79881,40221865,4,2324036180876.27,-363143893886.004,-825169322665.182
50003984,30020870,50003983,30020865,79787,40221926,5,1437299997123.19,-132150520948.553,-4120084527805.15
50003985,30020904,50003986,30020918,79787,40222327,4,-1367651512042.26,-159939807549.527,783838827883.687
50003986,30020918,50003985,30020904,79787,40222427,2,390518580700.061,-116145238559.062,3036975666138.63
50003987,30020975,50003988,30020978,79787,40222980,3,299842963356.989,-6172516806.89688,44481766858.7959
50003988,30020978,50003987,30020975,79787,40223019,3,-1226430825549.33,-313798599821.112,155648447348.967
50003989,30021011,50003990,30021013,79787,40223343,2,-457590666244.569,16234505384.7302,133995332276.521
50003990,30021013,50003989,30021011,79787,40223381,3,-3142140804.11612,264780468.504705,-2943164209.8386
50003991,30020982,50003992,30020986,79787,40223046,2,-26359534825.1982,-16842727907.1082,-550012732181.311
50003992,30020986,50003991,30020982,79881,40223059,3,-205398047959.524,11328999131.887,-84565331346.0649
50003993,30021013,50003994,30021019,79787,40223381,2,3254184516.42223,-274222116.249629,3048112735.24039
50003994,30021019,50003993,30021013,79881,40223453,4,-594261277334.929,-141002425175.392,-212241919797.309
50003995,30021016,50003996,30021018,79881,40223404,5,-229838771724.184,22319864994.6594,-135336853037.471
50003996,30021018,50003995,30021016,79881,40223449,4,-680391900219.609,-41756816440.3008,507112122878.082
50003997,30021010,50003998,30021011,79881,40223327,5,-935888460146.796,64078293002.5938,-12302028557.4019
50003998,30021011,50003997,30021010,79881,40223343,4,-338635073965.675,22254352003.4303,-323934632348.46
50003999,30021015,50004000,30021019,79787,40223397,2,250545803595.65,-47713270707.0823,-280175426849.198
50004000,30021019,50003999,30021015,79881,40223453,2,-479923002384.745,-99225246770.7019,423280036650.617
50004001,30020985,50004002,30020987,79787,40223053,3,9963606399.71496,576287802.660473,5875811514.20855
50004002,30020987,50004001,30020985,79787,40223069,3,-1024530201150.26,174061952182.705,414889229361.936
50004003,30020984,50004004,30020985,79881,40223050,4,-74074971519.6187,-18716946411.3602,-31591964535.8061
50004004,30020985,50004003,30020984,79881,40223053,5,-10076605467.7043,-290730736.595686,5701597930.1834
50004005,30021008,50004006,30021016,79787,40223314,5,-20780181330.5354,-661067480.148992,9470631664.07921
50004006,30021016,50004005,30021008,79787,40223404,3,-3227339776.45959,-19634682967.9933,266916025472.172
50004007,30021015,50004008,30021021,79787,40223397,4,357433747735.475,-37580329742.8921,77447141444.9821
50004008,30021021,50004007,30021015,79881,40223464,3,-1416687846626.95,-350246354941.927,1083664921692.77
50004009,30020996,50004010,30020998,79787,40223181,3,-101838394656.091,3799806147.79828,-30238851852.1938
50004010,30020998,50004009,30020996,79787,40223202,4,-1409814696196.87,435492320286.97,1025753364609.53
50004011,30020973,50004012,30020978,79881,40222940,2,-795677424653.118,-290011778099.749,-1396475232758.93
50004012,30020978,50004011,30020973,79881,40223019,5,539885020098.841,-89363424752.5415,-1152114106179.95
50004013,30020982,50004014,30020984,79787,40223046,4,462529344509.078,-4470826065.80085,-297439615914.71
50004014,30020984,50004013,30020982,79787,40223050,2,-64154347285.8162,-14747103138.4576,50555190388.4598
50004015,30020972,50004016,30020979,79881,40222933,2,-206593273324.05,-18027985370.1658,-2569153491274.31
50004016,30020979,50004015,30020972,79881,40223027,5,-4493437558409.0,-2126872747773.25,-419839332526.615
50004017,30020959,50004018,30020972,79881,40222844,3,3296792661.24775,531477086.802576,-1057450871.12853
50004018,30020972,50004017,30020959,79787,40222933,5,-2315603766998.07,-116838532719.066,-1100352983437.05
50004019,30021013,50004020,30021016,79787,40223381,5,4110980023.42602,-345746818.088997,-1259236070.10023
50004020,30021016,50004019,30021013,79881,40223404,2,3543356554.20022,21557284761.8183,-293052084313.049
50004021,30020958,50004022,30021019,79881,40222835,3,-15762870468.2677,9169024544.06642,678988049535.852
50004022,30021019,50004021,30020958,79787,40223453,5,115061526653.92,41926712451.6605,634884066606.964
50004023,30021015,50004024,30021016,79787,40223397,3,-243123776412.295,46299839761.0734,271875668464.344
50004024,30021016,50004023,30021015,79787,40223404,4,233066111500.644,-2685182026.66616,-131579172434.701
50004025,30020957,50004026,30020959,79881,40222803,3,-222324025206.075,13926993071.2467,-149295948372.508
50004026,30020959,50004025,30020957,79881,40222844,2,-3307634471.90796,-533224898.854297,1060928397.10765
50004027,30020985,50004028,30020986,79787,40223053,2,-9979666972.17916,-577216734.579655,-5885282873.55617
50004028,30020986,50004027,30020985,79787,40223059,4,28904360886.5245,-19558586746.3355,219658824541.175
50004029,30020964,50004030,30020975,79787,40222872,3,24994960572.6205,9826955773.02701,1535142636648.56
50004030,30020975,50004029,30020964,79881,40222980,2,-322789905606.287,6644898700.12161,-47885950581.5945
50004031,30021018,50004032,30021019,79787,40223449,3,-78624914476.4064,-161144287679.338,-830475837183.413
50004032,30021019,50004031,30021018,79787,40223453,3,479199750681.009,99075712723.7319,-422642146809.655
50004033,30020992,50004034,30021018,79787,40223123,3,-1994772712277.85,-394655773299.597,4783047122843.48
50004034,30021018,50004033,30020992,79787,40223449,2,78807737653.5589,161518989653.257,832406907406.043
50004035,30020986,50004036,30020987,79881,40223059,5,176493687073.0,8229587614.44854,-135093493195.11
50004036,30020987,50004035,30020986,79787,40223069,5,154473444305.047,-48364157529.5365,-1107199906149.83
50004037,30020996,50004038,30020997,79881,40223181,2,113400931835.008,-4231228893.65913,33672113442.4757
50004038,30020997,50004037,30020996,79881,40223192,4,-103918456438.158,26825421821.2945,63040604503.3187
50004039,30020992,50004040,30020993,79787,40223123,5,-3018142164761.7,-823066923006.997,-4150396348052.51
50004040,30020993,50004039,30020992,79787,40223142,5,-1236614124984.22,303988521925.717,653930381806.598
50004041,30021007,50004042,30021009,79787,40223312,3,-1791656889363.88,-99504474391.3092,-1966923513429.06
50004042,30021009,50004041,30021007,79787,40223317,3,-265501167444.649,-1302759091.00577,112954528425.053
50004043,30020958,50004044,30020964,79881,40222835,4,595747047302.721,-20076396451.7327,-325637381829.225
50004044,30020964,50004043,30020958,79881,40222872,5,-1341319391850.16,37679036962.2022,-746208289414.154
50004045,30020957,50004046,30020974,79787,40222803,5,240786763233.365,-2888539267.63224,-118002561467.045
50004046,30020974,50004045,30020957,79881,40222961,5,-1277947102374.32,94117270141.3638,-637383744011.655
50004047,30020982,50004048,30020985,79787,40223046,3,26313079109.0692,16813044493.054,549043396587.075
50004048,30020985,50004047,30020982,79881,40223053,4,112999067.989374,-285557066.064786,-11577409444.3919
50004049,30021009,50004050,30021011,79787,40223317,5,34955112612.7469,9744797923.02463,-286241980853.816
50004050,30021011,50004049,30021009,79881,40223343,5,-111348281487.075,-6289740515.4149,455702331474.93
50004051,30020993,50004052,30021021,79787,40223142,2,-1222779765172.62,333342958419.467,-816880612176.477
50004052,30021021,50004051,30020993,79881,40223464,5,-244718493904.163,154256958183.928,-1794526198201.39
50004053,30020986,50004054,30020991,79787,40223059,2,221394356577.94,-12211296545.3811,91151241738.4403
50004054,30020991,50004053,30020986,79881,40223104,4,-2183644744919.34,231022221477.053,-650363213801.018
50004055,30020973,50004056,30020975,79881,40222940,3,774871637224.463,282428399182.62,1359959471544.72
50004056,30020975,50004055,30020973,79881,40222980,5,-188495656977.364,839227524.465503,237468341509.234
50004057,30020992,50004058,30020997,79787,40223123,4,5012914877039.55,1217722696306.59,-632650774790.962
50004058,30020997,50004057,30020992,79787,40223192,3,-4433720364.84516,-16074150819.3362,-123348005495.376
50004059,30020993,50004060,30020996,79787,40223142,4,75731400907.2305,12480635189.6246,-1429460544570.81
50004060,30020996,50004059,30020993,79787,40223181,4,24848030942.7112,1471313546.03919,103345517120.719
50004061,30020993,50004062,30020998,79787,40223142,3,1160882724076.99,-316469157115.341,775530162764.213
50004062,30020998,50004061,30020993,79881,40223202,3,-149208003745.019,26879243053.7258,-1790646665749.74
50004063,30020973,50004064,30020979,79787,40222940,5,-1586435825928.01,103151984615.111,-47567398142.7491
50004064,30020979,50004063,30020973,79787,40223027,2,-1778745141308.28,-1228887260369.6,-4522907135913.04
50004065,30021008,50004066,30021010,79787,40223314,2,-19842842095.8166,612623446.262733,-14115229874.5564
50004066,30021010,50004065,30021008,79881,40223327,2,-511355492731.815,-25018117567.3561,-905917650845.969
50004067,30021007,50004068,30021011,79787,40223312,4,-794911829896.106,-175689467173.528,2534950108212.11
50004068,30021011,50004067,30021007,79787,40223343,3,449983355452.75,-15964611488.0154,-131767699126.469
50004069,30021073,50004070,30021077,79881,40223944,3,-212160357019.235,18876270692.7132,-303525181344.438
50004070,30021077,50004069,30021073,79881,40223995,5,-239340499273.068,-11243870.5037588,-17171560544.8015
50004071,30021074,50004072,30021076,79787,40223946,5,-9390997367.67258,-2346151103.8141,-9109512075.81441
50004072,30021076,50004071,30021074,79787,40223978,3,-2276645156398.41,-430356054641.041,-1449350499184.93
50004073,30021099,50004074,30021105,79881,40224196,3,61962988550.8134,-410172748.205754,33266676668.9539
50004074,30021105,50004073,30021099,79881,40224243,5,-534783153274.155,-84514969640.3823,54875500244.0793
50004075,30021076,50004076,30021082,79881,40223978,2,2356569140227.67,445464149222.793,1500231448082.14
50004076,30021082,50004075,30021076,79787,40224032,3,-13541448100.4144,887288051.483257,-12991598841.0672
50004077,30021087,50004078,30021088,79787,40224084,2,-172691739558.69,-394705200547.458,1793890014813.74
50004078,30021088,50004077,30021087,79787,40224095,4,-538562565034.132,-10274860485.2282,687431950781.074
50004079,30021075,50004080,30021077,79881,40223949,5,-151159700902.483,56727406372.5882,-210759492945.081
50004080,30021077,50004079,30021075,79787,40223995,2,-110925403216.363,-37381654511.5354,-224812881111.261
50004081,30021085,50004082,30021087,79881,40224074,4,83079119152.2833,54039357120.3066,-631922879020.92
50004082,30021087,50004081,30021085,79881,40224084,4,-1667462481445.57,-46573521071.5009,775076894324.952
50004083,30021114,50004084,30021116,79787,40224339,4,646363519749.415,133147414661.643,-1553591636598.3
50004084,30021116,50004083,30021114,79881,40224348,2,-117351839708.011,-23301102264.382,45059814961.6895
50004085,30021100,50004086,30021108,79787,40224209,2,-362119608449.168,-26693535200.6801,-1478612637954.43
50004086,30021108,50004085,30021100,79787,40224272,5,-151754039252.983,-1769123398.99121,-76419203399.3224
50004087,30021109,50004088,30021110,79787,40224276,5,799579693673.048,-63919237214.8327,-604332998485.899
50004088,30021110,50004087,30021109,79881,40224284,5,-171236969067.845,2401566439.34001,35671615369.5153
50004089,30021073,50004090,30021120,79881,40223944,2,214680363560.056,-19100479994.961,307130404549.367
50004090,30021120,50004089,30021073,79787,40224372,5,-423626182144.707,-33360349456.5002,-22491869130.457
50004091,30021094,50004092,30021097,79881,40224134,2,-80706291085.1797,-2964904285.64466,-43844062592.3178
50004092,30021097,50004091,30021094,79787,40224176,5,-115439968492.609,-663605483.697782,-24131175298.1873
50004093,30021100,50004094,30021101,79881,40224209,5,-1459842118967.05,5857611753.79712,-425467444321.241
50004094,30021101,50004093,30021100,79787,40224212,2,-4435311613.48903,384334240.894384,2032495885.7336
50004095,30021101,50004096,30021102,79881,40224212,5,-438954191.48866,347143509.262043,4828280792.73633
50004096,30021102,50004095,30021101,79787,40224216,3,-108491726065.9,16926895903.8499,-85692758768.5066
50004097,30021084,50004098,30021095,79881,40224050,2,-7391921417273.37,276021862287.177,2710638415497.41
50004098,30021095,50004097,30021084,79881,40224148,3,-830448982312.883,31664743745.7062,3198423146.88435
50004099,30021089,50004100,30021121,79881,40224112,4,686111344610.79,-9478224760.69828,433658292895.677
50004100,30021121,50004099,30021089,79787,40224378,5,-307817434402.649,5278973838.06569,-110335052305.344
50004101,30021086,50004102,30021122,79881,40224079,5,-249001953991.605,-482479792499.645,1970375068468.71
50004102,30021122,50004101,30021086,79881,40224380,3,-21973787291.8808,-1394337395.22497,-5070277420.28771
50004103,30021099,50004104,30021107,79881,40224196,2,-63682833712.3938,421557505.992821,-34190026788.9057
50004104,30021107,50004103,30021099,79787,40224267,3,-1713070811878.76,-1023480230332.2,1381202967845.09
50004105,30021079,50004106,30021083,79881,40224013,5,34968757694.5816,-354498172.090725,-85044593626.9442
50004106,30021083,50004105,30021079,79881,40224035,3,-671977933598.899,-18977733003.164,-721345851851.49
50004107,30021084,50004108,30021097,79787,40224050,5,-1213792318557.79,997314584.838149,6967734388184.0
50004108,30021097,50004107,30021084,79881,40224176,2,-41909354911.3785,-9004449477.08191,-127143799057.793
50004109,30021098,50004110,30021105,79787,40224194,3,164565954603.155,-201418448093.314,777315821877.653
50004110,30021105,50004109,30021098,79787,40224243,2,-323727367517.414,7411654795.64028,-438916067205.019
50004111,30021075,50004112,30021115,79787,40223949,4,264017970190.259,-11836652922.4313,-25322376297.7769
50004112,30021115,50004111,30021075,79881,40224345,5,-2494689337.53048,98541201.7197756,-1870948366.24486
50004113,30021079,50004114,30021094,79787,40224013,4,56163832391.0826,-439672888.8007,72807645256.0147
50004114,30021094,50004113,30021079,79787,40224134,5,-76973714502.4349,-16974405778.3373,46780991060.5659
50004115,30021104,50004116,30021105,79881,40224241,3,-1388737489586.57,75214552646.1352,729881483223.658
50004116,30021105,50004115,30021104,79787,40224243,4,211793596496.467,91909732448.9493,-492791228828.654
50004117,30021080,50004118,30021113,79881,40224015,2,392462069677.13,-53347072094.9821,685637769268.094
50004118,30021113,50004117,30021080,79881,40224320,5,-335639330883.918,-8948908136.22606,161660200133.905
50004119,30021114,50004120,30021115,79881,40224339,3,1017935832009.5,56268864679.6573,1345288617279.17
50004120,30021115,50004119,30021114,79881,40224345,3,-346744804.953291,342099597.435054,3081617911.75539
50004121,30021093,50004122,30021095,79787,40224129,5,-63456774802.1464,-1467047772.08821,-69897046590.4982
50004122,30021095,50004121,30021093,79787,40224148,5,413251403485.951,5087812897.54639,-721010256382.267
50004123,30021099,50004124,30021111,79881,40224196,4,-2189947439.82732,-1426891088.52253,-70281007964.1764
50004124,30021111,50004123,30021099,79881,40224292,4,-3169582145782.03,-30851200028.518,1517857414767.62
50004125,30021087,50004126,30021091,79787,40224084,5,1495286789217.21,-346952198827.211,1013452515775.4
50004126,30021091,50004125,30021087,79787,40224121,4,-1010117273743.22,60564806949.0383,922896914151.093
50004127,30021110,50004128,30021111,79881,40224284,2,-118269122904.409,-8428166683.63493,-132039524164.006
50004128,30021111,50004127,30021110,79787,40224292,2,-274082581910.26,-299602404012.346,3495596505567.67
50004129,30021104,50004130,30021107,79787,40224241,5,59520341859.4928,-102242076762.177,-1566199192347.52
50004130,30021107,50004129,30021104,79787,40224267,5,-528545739046.357,714320299515.683,-2258369088127.91
50004131,30021099,50004132,30021104,79881,40224196,5,-59773041110.9861,1837063836.72829,37014331295.2224
50004132,30021104,50004131,30021099,79787,40224241,4,1329217147727.08,27027524116.0417,836317709123.861
50004133,30021082,50004134,30021097,79881,40224032,5,18041981480.1932,884729558.952406,-5161772473.25191
50004134,30021097,50004133,30021082,79787,40224176,3,36837355131.1006,7914703145.60393,111756463169.458
50004135,30021111,50004136,30021112,79787,40224292,3,273717341314.728,299203155874.425,-3490938297298.71
50004136,30021112,50004135,30021111,79787,40224305,3,-129698804761.202,-2019756888.85467,-40030193473.5873
50004137,30021088,50004138,30021121,79881,40224095,3,-326118736988.44,11971391747.5062,-810074781321.761
50004138,30021121,50004137,30021088,79881,40224378,2,-60006090056.8768,67169876268.5834,-315179999167.432
50004139,30021082,50004140,30021083,79787,40224032,2,13597139694.4585,-890937180.113882,13045029083.038
50004140,30021083,50004139,30021082,79881,40224035,4,-287068922488.368,90597632843.7813,938955716869.336
50004141,30021092,50004142,30021093,79787,40224125,5,178372033775.216,38655381494.5367,-550422200530.647
50004142,30021093,50004141,30021092,79787,40224129,3,-28439088627.6225,-7246790764.35327,89739700696.9497
50004143,30021108,50004144,30021111,79881,40224272,2,-10007860331.9634,8217196743.50533,-171270996642.052
50004144,30021111,50004143,30021108,79787,40224292,5,2895864804467.3,-268351955845.907,1973080882531.09
50004145,30021076,50004146,30021085,79787,40223978,5,2396609236820.08,303222715910.635,-1277989249544.22
50004146,30021085,50004145,30021076,79881,40224074,5,-587365632503.363,40681817356.2498,249991041194.88
50004147,30021079,50004148,30021084,79881,40224013,2,91282156269.2357,-795474449.005037,-12257031566.9044
50004148,30021084,50004147,30021079,79787,40224050,4,-5422412463663.34,246805320089.736,-4534219392507.61
50004149,30021091,50004150,30021122,79881,40224121,2,290855172736.679,-50117157090.3437,1339066435139.28
50004150,30021122,50004149,30021091,79881,40224380,4,6603776790.46013,433954223.193751,21603264421.6835
50004151,30021098,50004152,30021100,79881,40224194,4,612824238830.309,156643287107.886,-521325775781.504
50004152,30021100,50004151,30021098,79787,40224209,3,361655158274.242,26659298399.3468,1476716187493.52
50004153,30021115,50004154,30021116,79881,40224345,2,349796172.099559,-345110086.582845,-3108736263.69306
50004154,30021116,50004153,30021115,79787,40224348,4,-97795040812.8732,-13885291939.6564,-80819027961.7457
50004155,30021107,50004156,30021112,79787,40224267,2,1731510319841.87,1034496979742.93,-1396070247672.43
50004156,30021112,50004155,30021107,79787,40224305,4,30236901293.3237,-2197028162.25031,132322252971.068
50004157,30021081,50004158,30021102,79881,40224030,4,-1866993027068.86,401098282541.738,1142548051580.3
50004158,30021102,50004157,30021081,79881,40224216,4,-21348948941.7412,-22303301898.3085,135819764535.841
50004159,30021092,50004160,30021095,79881,40224125,4,385325398650.692,-89221372254.6277,424074643991.221
50004160,30021095,50004159,30021092,79787,40224148,4,417197578826.933,-36752556643.2526,717811833235.383
50004161,30021089,50004162,30021090,79881,40224112,5,32489820973.7507,34199971104.7021,-810353566324.58
50004162,30021090,50004161,30021089,79787,40224118,4,-99972080424.4075,-4649294630.58505,75058872448.1642
50004163,30021074,50004164,30021083,79787,40223946,2,3591824252.53222,-2099250882.7943,-13395771695.4679
50004164,30021083,50004163,30021074,79881,40224035,2,680867063014.702,19228776253.6175,730888035173.372
50004165,30021076,50004166,30021080,79881,40223978,4,-119964080421.671,127133338730.406,2727339748729.16
50004166,30021080,50004165,30021076,79881,40224015,4,-394350001165.645,18391848247.6099,682368652976.369
50004167,30021100,50004168,30021102,79881,40224209,4,1098186960692.81,-32516910153.1439,-1051248743172.28
50004168,30021102,50004167,30021100,79881,40224216,2,114430734163.48,-17853500867.0597,90383715458.7984
50004169,30021172,50004170,30021199,79787,40224896,4,419435477055.09,-42839994980.2319,-235068962302.72
50004170,30021199,50004169,30021172,79787,40225166,3,-5559184407.45184,-873406699.236136,-1616218523.76555
50004171,30021182,50004172,30021185,79787,40224956,5,-12830734914.5558,2581254123.74687,-12863880465.3932
50004172,30021185,50004171,30021182,79787,40224991,5,-132674400958.488,-17407938655.8566,40715493833.2216
50004173,30021200,50004174,30021218,79881,40225193,5,1804603749699.19,239089769009.422,-1109017091184.45
50004174,30021218,50004173,30021200,79787,40225372,3,-2015275672171.79,-283713787511.833,-747885376813.399
50004175,30021188,50004176,30021191,79881,40225046,5,150802853771.654,-116998367466.695,669011557081.065
50004176,30021191,50004175,30021188,79787,40225092,3,-762039291199.108,-46141480464.3931,-910869018804.634
50004177,30021183,50004178,30021186,79881,40224967,2,724147478842.109,-28940077783.348,32699606587.6292
50004178,30021186,50004177,30021183,79881,40225025,3,-2203029524073.17,-280958015858.86,970483069752.585
50004179,30021176,50004180,30021201,79787,40224929,2,-396269477920.172,-5136985226.58595,-1770239442330.22
50004180,30021201,50004179,30021176,79787,40225198,4,-445185450965.172,17410046899.1685,-49931782873.3785
50004181,30021179,50004182,30021200,79787,40224946,4,94840579912.9278,15402668255.8111,-278307985535.98
50004182,30021200,50004181,30021179,79787,40225193,3,-1876655677025.42,-24855270114.6248,-1010555889126.54
50004183,30021170,50004184,30021172,79787,40224890,3,2685270058544.31,-11398491984.6292,547108142832.196
50004184,30021172,50004183,30021170,79881,40224896,5,-405586222157.714,92433830197.1142,-244897131570.257
50004185,30021173,50004186,30021177,79787,40224902,4,201663232337.603,11381660946.7435,-170099393231.208
50004186,30021177,50004185,30021173,79787,40224933,5,-2172197705456.22,63103858922.7775,219556402664.554
50004187,30021170,50004188,30021199,79881,40224890,2,-2687851188511.87,11409448420.5202,-547634033037.715
50004188,30021199,50004187,30021170,79881,40225166,4,1272112009.77537,1179208454.38552,5592023901.10952
50004189,30021171,50004190,30021173,79787,40224892,2,459098314339.671,39806350489.4867,-329379184038.516
50004190,30021173,50004189,30021171,79881,40224902,5,-246994344587.555,-26343510959.9811,-89617064404.317
50004191,30021177,50004192,30021179,79881,40224933,2,-1318571611091.38,-179757744726.165,-1811830005077.48
50004192,30021179,50004191,30021177,79881,40224946,5,-288287352721.158,-19931429364.565,56395505009.0505
50004193,30021210,50004194,30021212,79787,40225294,5,100736454227.961,5506738392.03099,-71889461440.0824
50004194,30021212,50004193,30021210,79787,40225321,4,-934874865993.659,-18235879837.4788,205144737265.119
50004195,30021181,50004196,30021185,79787,40224954,2,15819346505.0454,-5803545805.4377,-89495401984.4442
50004196,30021185,50004195,30021181,79787,40224991,2,-101758862847.269,-13601315192.0485,-95991081916.3264
50004197,30021198,50004198,30021201,79787,40225156,4,-838564121487.187,-412554021.095215,-825980077968.141
50004198,30021201,50004197,30021198,79787,40225198,2,-278685956690.505,-58466661439.8482,369638988046.186
50004199,30021176,50004200,30021198,79881,40224929,4,1319486696023.88,-187677260569.529,-1220925069275.88
50004200,30021198,50004199,30021176,79787,40225156,2,-1304614688445.49,-49553864610.6196,359640468117.889
50004201,30021199,50004202,30021200,79881,40225166,2,6780490614.21512,1065286828.51839,1971288183.24918
50004202,30021200,50004201,30021199,79787,40225193,4,72051927326.2363,-214234498894.797,2119572980310.99
50004203,30021180,50004204,30021186,79787,40224952,5,-249103545086.051,1927152306.30879,128538814175.25
50004204,30021186,50004203,30021180,79881,40225025,5,248013728636.463,214077735156.691,-2401410792223.56
50004205,30021193,50004206,30021198,79787,40225110,2,-72732144111.8395,-17582366391.3208,-274174306633.248
50004206,30021198,50004205,30021193,79881,40225156,5,-295394262207.475,-42659182574.6638,1138576070907.7
50004207,30021181,50004208,30021187,79881,40224954,3,-15742647598.7228,5775407752.07829,89061490289.6143
50004208,30021187,50004207,30021181,79787,40225040,2,-1250074192388.36,293829744513.132,-492267932313.817
50004209,30021193,50004210,30021200,79881,40225110,5,-271092321065.344,-38691676194.6334,-72409514088.2215
50004210,30021200,50004209,30021193,79787,40225193,2,1881190297798.73,24915328667.4898,1012997726371.13
50004211,30021210,50004212,30021216,79881,40225294,4,11711395040.0358,2105845857.81218,123307180179.116
50004212,30021216,50004211,30021210,79787,40225357,4,-2561061964308.45,-546388765665.095,-16991704123.0206
50004213,30021169,50004214,30021172,79881,40224880,3,-35546735389.8739,-63643111939.7618,-343556382184.615
50004214,30021172,50004213,30021169,79881,40224896,3,-13849254897.3766,-49593835216.8823,479966093872.977
50004215,30021212,50004216,30021216,79881,40225321,2,-290365924022.81,-98719041059.0252,911201599399.612
50004216,30021216,50004215,30021212,79787,40225357,2,-1363437625679.43,38098639217.1705,2239122241417.06
50004217,30021180,50004218,30021183,79787,40224952,3,235881546331.635,3077348264.57324,151423059234.333
50004218,30021183,50004217,30021180,79787,40224967,3,-716934669559.641,28651822603.6091,-32373904941.4598
50004219,30021176,50004220,30021179,79787,40224929,5,-1714315916208.84,182558945927.282,-542880364905.722
50004220,30021179,50004219,30021176,79787,40224946,2,-195245059576.54,-4570860602.37931,-223975385333.564
50004221,30021210,50004222,30021211,79787,40225294,2,112698254742.589,7629536399.52286,51532218734.7832
50004222,30021211,50004221,30021210,79787,40225300,5,-561305883211.536,129465612211.396,-499101747029.359
50004223,30021213,50004224,30021216,79787,40225327,4,733652693158.019,-41243325538.6062,438730898062.865
50004224,30021216,50004223,30021213,79787,40225357,5,1199233297188.76,584442445633.285,2253471613519.34
50004225,30021169,50004226,30021176,79881,40224880,4,-283557516630.286,10144865885.0991,206971544644.847
50004226,30021176,50004225,30021169,79881,40224929,3,394829220184.964,5118314642.24755,1763805434181.6
50004227,30021184,50004228,30021185,79787,40224987,2,138157261756.92,-49416158416.6646,154309516993.835
50004228,30021185,50004227,30021184,79787,40224991,4,31408330263.9399,3872491155.38595,-136241715485.036
50004229,30021183,50004230,30021187,79787,40224967,4,323724466922.043,-222586161573.964,601267151329.646
50004230,30021187,50004229,30021183,79787,40225040,5,-1079433054619.66,24551304781.2532,842635863552.215
50004231,30021210,50004232,30021213,79881,40225294,3,-112447849267.997,-7612584249.84317,-51417718739.0333
50004232,30021213,50004231,30021210,79881,40225327,3,-748200129210.755,-65694420576.7287,410259548028.614
50004233,30021191,50004234,30021218,79787,40225092,4,-400542103381.542,-92392816109.4701,1115143433787.26
50004234,30021218,50004233,30021191,79881,40225372,4,324597163227.558,459679877158.842,2093918140014.78
50004235,30021202,50004236,30021218,79881,40225202,5,8408995721.19546,5187248996.83008,-17632160912.9271
50004236,30021218,50004235,30021202,79881,40225372,5,1690678508944.23,-175966089647.009,-1346032763201.38
50004237,30021191,50004238,30021202,79787,40225092,5,1162581394580.65,138534296573.863,-204274414982.631
50004238,30021202,50004237,30021191,79881,40225202,3,-20105544853.0224,-1291687909.77496,1615694327.64893
50004239,30021182,50004240,30021199,79787,40224956,4,17773917818.4785,483175276.983736,-4541413762.31782
50004240,30021199,50004239,30021182,79881,40225166,5,4287072397.67647,-305801755.149384,-3975805377.34397
50004241,30021169,50004242,30021171,79881,40224880,5,319104252020.16,53498246054.6627,136584837539.767
50004242,30021171,50004241,30021169,79787,40224892,3,-458055576884.527,-39715939413.446,328631074099.067
50004243,30021188,50004244,30021205,79881,40225046,4,-662927259722.112,63883630903.4177,-201129093428.834
50004244,30021205,50004243,30021188,79881,40225265,2,-433903179720.499,-41965718063.8224,55867411530.1568
50004245,30021170,50004246,30021184,79881,40224890,4,-869603414686.783,-90545935527.414,-2597253138916.56
50004246,30021184,50004245,30021170,79881,40224987,3,-137765848943.024,49276157685.8174,-153872343286.935
50004247,30023133,50004248,30023143,79787,40245412,3,7682691386.18846,763493941.985204,-3154674143.715
50004248,30023143,50004247,30023133,79787,40245553,5,-957031613840.096,-290093505561.893,-656877750319.328
50004249,30023150,50004250,30023153,79787,40245597,4,2385078454508.9,521340007257.824,-1950874335516.32
50004250,30023153,50004249,30023150,79787,40245641,3,-711382824573.47,112392401593.064,311241160955.124
50004251,30023155,50004252,30023158,79881,40245654,3,-1158372567877.59,-719395227052.491,4810940252288.4
50004252,30023158,50004251,30023155,79881,40245691,4,-534142468639.424,-88740417893.6736,214397662654.997
50004253,30023127,50004254,30023145,79881,40245339,4,1045652191168.01,191333691261.993,2088030190609.56
50004254,30023145,50004253,30023127,79881,40245566,2,-816443666920.112,-76598602411.9247,-146387406840.85
50004255,30023133,50004256,30023155,79787,40245412,5,-1196235024.7643,520789467.515935,8237501986.88523
50004256,30023155,50004255,30023133,79787,40245654,5,-3576862063659.79,1206205271500.48,-3279577599381.03
50004257,30023140,50004258,30023142,79881,40245521,2,1589274957188.7,-79202270602.9311,-1178646267105.55
50004258,30023142,50004257,30023140,79787,40245537,4,-69727360276.255,-24732511696.7739,-17684802339.7421
50004259,30023157,50004260,30023158,79881,40245684,4,196694415844.788,71544923673.1131,-2946310523366.31
50004260,30023158,50004259,30023157,79787,40245691,2,-88130778066.8581,6718002428.4664,579907100088.882
50004261,30023138,50004262,30023151,79881,40245475,4,-3959270067.60683,2660196587.67994,56702952093.0222
50004262,30023151,50004261,30023138,79881,40245619,3,-938831114043.51,124909680963.703,-299239228903.36
50004263,30023136,50004264,30023138,79881,40245438,5,441693047517.69,-139296988714.986,37020956444.4964
50004264,30023138,50004263,30023136,79881,40245475,3,-47180487856.3556,-1399098243.79825,-31780832763.7495
50004265,30023129,50004266,30023130,79787,40245365,4,1625277670148.1,846139221589.669,4009307554907.17
50004266,30023130,50004265,30023129,79881,40245397,5,-460988017357.67,4975663321.16279,-384894061505.372
50004267,30023132,50004268,30023153,79881,40245403,2,-62757707913.2988,-24846024892.6211,133598917658.129
50004268,30023153,50004267,30023132,79787,40245641,5,75985426704.0552,-121304412614.713,-771414343732.005
50004269,30023129,50004270,30023142,79881,40245365,2,4410014646636.57,1117400889529.38,492036784865.752
50004270,30023142,50004269,30023129,79787,40245537,2,-50593993957.2544,-19820514458.9128,57326436502.4903
50004271,30023130,50004272,30023131,79881,40245397,3,-97491611570.7168,85407795444.1516,586412007129.506
50004272,30023131,50004271,30023130,79787,40245401,2,-867524505118.345,53276321828.2934,95246370338.3623
50004273,30023139,50004274,30023140,79787,40245500,5,902469639624.43,-262754170164.321,925426332552.138
50004274,30023140,50004273,30023139,79787,40245521,3,-1498819489487.44,74694379505.8094,1111562217952.75
50004275,30023154,50004276,30023159,79787,40245649,4,357298640070.818,233483387605.258,1820258562807.81
50004276,30023159,50004275,30023154,79881,40245711,4,-577010480008.159,-11209115524.8617,322619051547.07
50004277,30023133,50004278,30023136,79881,40245412,2,-7718974315.6395,-767099683.181986,3169572675.18578
50004278,30023136,50004277,30023133,79787,40245438,4,-276009783019.378,-1017751623.95702,373743915490.033
50004279,30023150,50004280,30023152,79881,40245597,5,-2885634295072.16,-399020666391.831,-1131460354233.4
50004280,30023152,50004279,30023150,79787,40245633,5,-470080913040.774,130230688783.865,11264110415.4943
50004281,30023127,50004282,30023129,79787,40245339,5,1289492377766.87,-51943116312.389,-1955601821320.56
50004282,30023129,50004281,30023127,79881,40245365,3,-4248366710582.8,-1076442851515.88,-474001304916.328
50004283,30023150,50004284,30023155,79787,40245597,2,-563280272050.387,137647123490.736,-3468580689496.79
50004284,30023155,50004283,30023150,79881,40245654,2,1300798580035.6,807847419547.281,-5402462404888.52
50004285,30023143,50004286,30023149,79787,40245553,3,-129265717059.492,271613690437.225,1158045123595.5
50004286,30023149,50004285,30023143,79881,40245595,5,-512114833490.848,-35589439969.3525,-123870741051.966
50004287,30023127,50004288,30023144,79881,40245339,2,2354187485335.59,140527293892.459,133508312003.894
50004288,30023144,50004287,30023127,79787,40245563,2,-65452919260.0748,-11618726376.154,-20635769601.4502
50004289,30023158,50004290,30023159,79881,40245691,3,87493947062.7979,-6669458295.24028,-575716704532.28
50004290,30023159,50004289,30023158,79881,40245711,2,-22817243208.3007,-200191919534.166,630261423080.944
50004291,30023128,50004292,30023130,79881,40245352,4,561982050788.841,-637098557752.929,-1230088095773.4
50004292,30023130,50004291,30023128,79787,40245397,2,97654258573.2124,-85550282799.6783,-587390328788.677
50004293,30023132,50004294,30023152,79787,40245403,3,55336064331.6107,21907766831.4833,-117799686253.315
50004294,30023152,50004293,30023132,79787,40245633,2,-243073067586.376,76783919187.9263,-418519727233.671
50004295,30023139,50004296,30023142,79881,40245500,4,-1200968481350.36,418477359274.066,349937862972.128
50004296,30023142,50004295,30023139,79787,40245537,5,21002951811.0459,5644419080.43334,72892871312.5556
50004297,30023128,50004298,30023145,79787,40245352,3,868646844292.265,204440993604.926,1199371360796.17
50004298,30023145,50004297,30023128,79787,40245566,5,-527119024392.133,-102065863729.142,632591787793.984
50004299,30023150,50004300,30023151,79787,40245597,3,500555840563.262,-122319340865.993,3082334689749.72
50004300,30023151,50004299,30023150,79787,40245619,4,214144319977.084,-16339639989.5225,969755449376.736
50004301,30023127,50004302,30023128,79881,40245339,3,-2335144568934.88,-139390574949.604,-132428369288.997
50004302,30023128,50004301,30023127,79881,40245352,5,-1430628895081.11,432657564148.003,30716734977.2353
50004303,30023130,50004304,30023145,79787,40245397,4,558479628928.387,-90383458765.3144,-201517945624.135
50004304,30023145,50004303,30023130,79787,40245566,4,-286122251218.235,25767709111.2794,-778405009570.368
50004305,30023143,50004306,30023157,79787,40245553,2,131471426978.574,-276248337772.838,-1177805286413.33
50004306,30023157,50004305,30023143,79787,40245684,5,-2612665598930.25,-471409213021.958,1294721935965.95
50004307,30023157,50004308,30023159,79881,40245684,3,2415971183085.47,399864289348.845,1651588587400.36
50004308,30023159,50004307,30023157,79881,40245711,3,22799592879.5332,200037060633.634,-629773882968.173
50004309,30023151,50004310,30023152,79881,40245619,5,724686794066.426,-108570040974.181,-670516220473.376
50004310,30023152,50004309,30023151,79881,40245633,4,228060844597.565,-53779399623.2669,-427970798802.238
50004311,30023131,50004312,30023149,79881,40245401,4,-517758557667.151,-13297512268.0843,-702462736487.083
50004312,30023149,50004311,30023131,79787,40245595,2,-149348672328.981,-12401127791.8224,-508024876972.1
50004313,30023129,50004314,30023131,79787,40245365,5,2623089040434.7,230303629926.207,-3535306249990.85
50004314,30023131,50004313,30023129,79881,40245401,5,-348173365435.279,66476030620.4905,797534255676.472
50004315,30023154,50004316,30023157,79881,40245649,5,1342248723715.41,-620517404803.656,-1144047446559.5
50004316,30023157,50004315,30023154,79787,40245684,2,-2588344047558.92,-428393500888.395,-1769424866961.56
50004317,30023152,50004318,30023153,79787,40245633,3,242020068443.208,-76451289160.5983,416706688386.744
50004318,30023153,50004317,30023152,79787,40245641,4,635397397869.415,8912011021.64854,460173182776.881
50004319,30000235,50004320,30000239,79787,40002522,4,594020095353.519,-112718817079.866,-420631211977.067
50004320,30000239,50004319,30000235,79787,40002550,3,-506771627640.282,-9240563135.46398,-128623082424.489
50004321,30000189,50004322,30000192,79881,40001991,2,1448736774311.1,228917121633.159,947715892791.03
50004322,30000192,50004321,30000189,79881,40002006,4,-1537056267399.21,-181580129263.783,14178285168.1576
50004323,30000193,50004324,30000208,79787,40002009,2,-23022296351.3809,6535217539.40527,-162553989396.565
50004324,30000208,50004323,30000193,79881,40002223,3,-31496807685.2189,691867407.826316,-19750248109.8271
50004325,30000205,50004326,30000209,79881,40002174,5,166591651632.889,-58155683563.1434,219065134932.582
50004326,30000209,50004325,30000205,79881,40002228,2,-847710724062.363,132954310147.342,112552756509.635
50004327,30000192,50004328,30000193,79881,40002006,2,-774044716691.311,39307868061.821,1345503096750.23
50004328,30000193,50004327,30000192,79881,40002009,5,-140985223280.445,34266233020.1021,-57536939552.7175
50004329,30000189,50004330,30000194,79881,40001991,5,1455755999035.98,-71458880868.5133,-713169647523.912
50004330,30000194,50004329,30000189,79881,40002020,2,-470936710390.071,115803349596.568,-104777657290.272
50004331,30000262,50004332,30000263,79881,40002832,2,2825909460604.55,-444365097835.807,-933103197801.007
50004332,30000263,50004331,30000262,79881,40002838,3,-69329573960.6031,12346773625.9831,30095131727.39
50004333,30000226,50004334,30000229,79881,40002390,2,-2465385536.08859,-68692912.8109815,2439358602.62175
50004334,30000229,50004333,30000226,79787,40002425,4,-2210493732469.82,-55489782169.4419,-765560929074.52
50004335,30000230,50004336,30000233,79787,40002450,2,-1845049234567.86,572287054344.063,532100545752.788
50004336,30000233,50004335,30000230,79881,40002492,5,-309887003762.973,60981241522.0933,-290725670351.768
50004337,30000192,50004338,30000194,79787,40002006,3,771576078524.399,-39182504628.3334,-1341211923092.29
50004338,30000194,50004337,30000192,79787,40002020,5,-340316517489.534,-843941951.133731,358432424023.626
50004339,30000228,50004340,30000233,79787,40002416,5,408724335387.022,-4735351303.70497,-2442774256473.56
50004340,30000233,50004339,30000228,79881,40002492,3,-102305988904.388,-83218116019.2291,408507419909.062
50004341,30000239,50004342,30000263,79881,40002550,4,142288934465.69,-10112582801.8855,503088821897.597
50004342,30000263,50004341,30000239,79881,40002838,5,7898464392.27979,-8690765883.36373,-75675851147.0034
50004343,30000235,50004344,30000238,79787,40002522,5,-673901301358.36,-54789939906.9922,-292149140696.121
50004344,30000238,50004343,30000235,79787,40002540,3,-625282807400.397,95700343911.9276,132361016991.365
50004345,30000206,50004346,30000207,79881,40002214,4,3283035153857.6,-1979636364008.52,2175145308341.5
50004346,30000207,50004345,30000206,79787,40002216,3,-60935573377.5123,4245960558.02794,29175895812.2036
50004347,30000190,50004348,30000208,79787,40001999,3,108951903269.478,-109217368563.102,655699061154.287
50004348,30000208,50004347,30000190,79787,40002223,4,-1200172808.81333,-5764753867.48447,36714126345.9409
50004349,30000197,50004350,30000222,79881,40002065,4,148725046152.02,-42020117521.3692,-49444341284.0351
50004350,30000222,50004349,30000197,79881,40002335,5,-1920478955018.25,147736328918.95,-1661995051899.24
50004351,30000189,50004352,30000193,79881,40001991,3,-1346178111980.27,-212711669962.696,-880625393013.706
50004352,30000193,50004351,30000189,79787,40002009,3,21869895486.5855,-6208091599.00858,154417209507.302
50004353,30000206,50004354,30000209,79787,40002214,5,578204343396.005,1273010763432.73,-4180150762954.86
50004354,30000209,50004353,30000206,79787,40002228,4,-538597507789.802,-49780726297.5597,-674324795296.262
50004355,30000238,50004356,30000261,79881,40002540,5,189473859913.46,-101091024582.039,-609538222782.476
50004356,30000261,50004355,30000238,79881,40002821,4,-857311784260.856,-70788153283.5831,-468535092081.603
50004357,30000228,50004358,30000232,79787,40002416,4,1910470462450.3,57269422186.603,1575133930612.52
50004358,30000232,50004357,30000228,79787,40002476,3,-16295790839.8388,784835356.402797,-2365202528.38099
50004359,30000190,50004360,30000205,79881,40001999,2,-109655197817.624,109922376714.114,-659931658851.949
50004360,30000205,50004359,30000190,79881,40002174,4,-279582694370.334,-7434280342.63532,30044030220.8582
50004361,30023338,50004362,30023341,79881,40247336,5,30721234805.2959,-20672560420.3461,-390477945353.014
50004362,30023341,50004361,30023338,79787,40247358,2,-12710102748.2087,-1734135540.20655,3097440444.5168
50004363,30023331,50004364,30023338,79881,40247288,3,-3103541462665.09,-37271177862.0969,1112897401303.08
50004364,30023338,50004363,30023331,79881,40247336,3,-353832261932.062,-1681305582.36576,169245615768.875
50004365,30023339,50004366,30023345,79787,40247343,2,12052040065.2404,1004051336.2736,1971015250.04718
50004366,30023345,50004365,30023339,79787,40247387,3,-2352524520768.43,373062445461.85,88560596304.1754
50004367,30023328,50004368,30023330,79787,40247267,4,-33795987590.0906,-5936927333.97637,-133363407628.483
50004368,30023330,50004367,30023328,79881,40247277,5,-29539555141.1146,21829418.8949268,13443564152.1817
50004369,30023327,50004370,30023328,79787,40247263,5,72675192221.3468,6033335476.86571,-244865600546.513
50004370,30023328,50004369,30023327,79881,40247267,2,-134148065025.015,-680422591.506498,-37952789431.3808
50004371,30023336,50004372,30023337,79787,40247324,3,-34957777923.9708,-260969327.915869,16124173570.5321
50004372,30023337,50004371,30023336,79787,40247331,2,-4344225742.97413,-510715016.354533,2036561790.45155
50004373,30023345,50004374,30023346,79881,40247387,5,1155624669652.17,166123208074.845,-2078057961385.75
50004374,30023346,50004373,30023345,79881,40247400,5,-1132245451609.08,301075305133.061,96544464266.7752
50004375,30023327,50004376,30023331,79881,40247263,4,175676893313.228,2546805320.77487,185494986376.617
50004376,30023331,50004375,30023327,79881,40247288,5,588335790966.768,-14949881061.8656,-3244308381632.59
50004377,30023333,50004378,30023335,79881,40247293,5,-1479066615809.7,-104832964217.048,-412566971976.869
50004378,30023335,50004377,30023333,79787,40247321,3,-977699733031.962,-105709062390.634,498727371259.65
50004379,30023332,50004380,30023336,79881,40247290,5,8939970838.78811,-4413614430.52535,-18301415042.5871
50004380,30023336,50004379,30023332,79881,40247324,5,3514044805.99605,235959504.084631,-38336655147.7604
50004381,30023343,50004382,30023345,79881,40247379,3,1644071690651.0,-145674800730.055,186325398976.77
50004382,30023345,50004381,30023343,79881,40247387,4,1196899851116.26,-539185653536.695,1989497365081.58
50004383,30023338,50004384,30023340,79881,40247336,4,323111027126.766,22353866002.7118,221232329584.139
50004384,30023340,50004383,30023338,79881,40247351,2,-1151318119302.87,-182615218785.904,369070582984.553
50004385,30023337,50004386,30023338,79881,40247331,4,-3929677681.66356,-308261176.940139,-2759721333.54504
50004386,30023338,50004385,30023337,79787,40247336,2,357826591499.406,1700285447.46544,-171156189902.272
50004387,30023339,50004388,30023341,79787,40247343,4,4199733983.62338,1780342978.09945,11304314097.8102
50004388,30023341,50004387,30023339,79881,40247358,4,-8762614545.8166,-797244508.380754,-9233340448.8527
50004389,30023331,50004390,30023340,79787,40247288,4,2515205671698.32,52221058923.9625,2131410980329.51
50004390,30023340,50004389,30023331,79881,40247351,4,-889980554762.715,-79288535907.6994,-813673602297.103
50004391,30023327,50004392,30023330,79787,40247263,3,-248352085534.574,-8580140797.64058,59370614169.8956
50004392,30023330,50004391,30023327,79787,40247277,2,-26524583782.6057,729466155.430324,-18935340228.4586
50004393,30023328,50004394,30023341,79881,40247267,3,132504448493.402,672085879.235065,37487782111.9042
50004394,30023341,50004393,30023328,79881,40247358,5,-3521624111.65542,-878787169.907901,12226998202.9659
50004395,30023347,50004396,30023348,79881,40247411,3,178438884363.217,39040421630.2733,89855384586.4377
50004396,30023348,50004395,30023347,79881,40247416,4,-221568757472.291,6151911639.7309,44415251098.3354
50004397,30023343,50004398,30023344,79787,40247379,2,-1648678450914.39,146082987846.954,-186847490835.019
50004398,30023344,50004397,30023343,79787,40247382,5,-2710010377.68427,1064423.82532605,-2655529887.17068
50004399,30023329,50004400,30023330,79881,40247274,2,269090132238.029,481338291.883633,405399317789.364
50004400,30023330,50004399,30023329,79881,40247277,4,3131516159.8919,704431578.298153,-32295705508.0724
50004401,30023343,50004402,30023347,79881,40247379,4,-647764685111.282,223526284537.793,-1513058802133.95
50004402,30023347,50004401,30023343,79881,40247411,2,-178648288090.189,-39086236811.3149,-89960832748.6367
50004403,30023333,50004404,30023346,79881,40247293,2,-400455264787.438,-213062397877.433,-1584534278494.3
50004404,30023346,50004403,30023333,79881,40247400,2,-641812989527.771,420880594656.292,-1028159855773.63
50004405,30023337,50004406,30023340,79881,40247331,5,-402658535.381758,-201056085.294686,4790709344.99756
50004406,30023340,50004405,30023337,79881,40247351,5,-247907083017.821,-101196419938.291,1178438862919.31
50004407,30023348,50004408,30023349,79787,40247416,2,-72397385266.0864,27841230967.2432,213818943206.13
50004408,30023349,50004407,30023348,79787,40247428,4,-3044762974341.92,405681410980.005,-1751008675753.58
50004409,30023334,50004410,30023335,79787,40247296,2,-1455265113859.09,-406799739970.83,1956262200579.65
50004410,30023335,50004409,30023334,79881,40247321,5,52705498837.4799,81147745575.1939,-1098379414622.38
50004411,30023328,50004412,30023331,79787,40247267,5,-98708460903.3113,5264841454.7413,95875625516.5783
50004412,30023331,50004411,30023328,79881,40247288,2,3105150355827.46,37290499448.0776,-1113474333508.09
50004413,30023327,50004414,30023329,79881,40247263,2,249385405938.796,8615840254.47505,-59617637934.1649
50004414,30023329,50004413,30023327,79881,40247274,3,-267784285478.783,-479002442.392128,-403431986691.294
50004415,30023342,50004416,30023348,79881,40247367,5,554609568051.211,-4051831187.3909,626532559605.402
50004416,30023348,50004415,30023342,79787,40247416,3,71953974083.3633,-27670712196.3472,-212509369522.672
50004417,30023335,50004418,30023342,79787,40247321,4,924994234194.482,24561316815.4403,599652043362.726
50004418,30023342,50004417,30023335,79787,40247367,4,-819680939462.148,-22097384189.2202,166691636413.057
50004419,30023344,50004420,30023345,79787,40247382,3,-944515618.717367,45572060.4662707,3674480887.84185
50004420,30023345,50004419,30023344,79881,40247387,2,2365117991566.05,-375059513280.331,-89034676499.1023
50004421,30023332,50004422,30023334,79787,40247290,4,11724621386.3583,1981781357.80389,17115801456.4661
50004422,30023334,50004421,30023332,79881,40247296,4,-2193793539906.17,370655290298.305,-146197886821.382
50004423,30023333,50004424,30023336,79881,40247293,3,373952345851.422,198961508325.498,1479666675975.55
50004424,30023336,50004423,30023333,79787,40247324,4,31443733117.9748,25009823.8312374,22212481577.2283
50004425,30023385,50004426,30023387,79787,40247720,2,-35894424385.3209,-10781596338.8121,221817157513.608
50004426,30023387,50004425,30023385,79881,40247752,2,-126697329316.052,1800492342.28636,-37823981938.7247
50004427,30023352,50004428,30023356,79787,40247450,3,1281680558844.49,514366509933.895,2247670043707.79
50004428,30023356,50004427,30023352,79787,40247473,2,-3617581743643.04,-1728095349673.43,-963933462009.772
50004429,30023362,50004430,30023388,79787,40247508,4,-1079872669903.54,-189782990399.585,-394192374297.321
50004430,30023388,50004429,30023362,79787,40247756,2,-55942305289.447,24297694487.1813,-27250113734.3441
50004431,30023373,50004432,30023388,79787,40247615,4,-651066541093.642,-95393421837.9506,751326422930.33
50004432,30023388,50004431,30023373,79787,40247756,5,-55724660933.1932,4276170870.22589,36435677383.8038
50004433,30023366,50004434,30023367,79881,40247544,4,-173210305323.26,83861193049.6671,-477313027419.301
50004434,30023367,50004433,30023366,79881,40247558,5,-736083418846.777,116549789281.168,66135450468.6677
50004435,30023354,50004436,30023356,79787,40247462,5,2112384496680.93,-921644819825.021,-3657466385320.16
50004436,30023356,50004435,30023354,79881,40247473,5,-2435004859830.19,-1474071324969.12,2974872523991.02
50004437,30023376,50004438,30023380,79787,40247628,2,618747331430.419,-403710569377.63,885484547947.477
50004438,30023380,50004437,30023376,79787,40247671,3,-1618612324754.86,686925930153.027,2033659648148.33
50004439,30023353,50004440,30023380,79787,40247453,2,9438559878.19462,2343346352.69987,-20213142869.6089
50004440,30023380,50004439,30023353,79787,40247671,5,-988962460498.434,-218376603723.813,-2490343262793.84
50004441,30023378,50004442,30023379,79787,40247644,3,-25764976792.7566,-84800521400.7946,2332808338382.98
50004442,30023379,50004441,30023378,79881,40247652,2,-3638598334508.9,-679466407257.767,-1346200593397.35
50004443,30023370,50004444,30023371,79881,40247577,4,-52953793187.8938,42355596187.4469,-511001474898.78
50004444,30023371,50004443,30023370,79881,40247590,3,-1342043747466.44,-54100565359.9407,1713548258813.83
50004445,30023358,50004446,30023360,79881,40247480,3,-40185177007.841,-1145478015.38004,-51754046492.1353
50004446,30023360,50004445,30023358,79881,40247487,2,-3635032870.78103,-78643250.8584573,598411242.532478
50004447,30023371,50004448,30023379,79787,40247590,5,-799677443710.5,321725358382.298,-1999316059647.49
50004448,30023379,50004447,30023371,79787,40247652,5,-2702159909225.23,-747298154762.939,2339249294545.06
50004449,30023352,50004450,30023353,79881,40247450,5,-2629946575990.02,-206587072316.888,-1172958992.6634
50004450,30023353,50004449,30023352,79881,40247453,5,-12707782579.4446,542163875.769929,-18183962834.4254
50004451,30023385,50004452,30023386,79881,40247720,4,-207871918070.901,-14659558091.9524,78584588519.6168
50004452,30023386,50004451,30023385,79881,40247749,3,-6077138574076.9,-781590880856.628,-736345444001.358
50004453,30023352,50004454,30023383,79787,40247450,2,-1282397258092.15,-514654137056.072,-2248926911823.79
50004454,30023383,50004453,30023352,79881,40247700,4,-1930180249079.22,139131885302.146,-493732183127.013
50004455,30023373,50004456,30023387,79787,40247615,3,-328634273446.344,180697081278.654,-925649511850.272
50004456,30023387,50004455,30023373,79787,40247752,5,-95532406454.7179,-11942568356.7818,89569397047.3714
50004457,30023365,50004458,30023367,79881,40247536,4,8365478254.43067,11213919.7026614,16991180118.9551
50004458,30023367,50004457,30023365,79787,40247558,2,-464139511686.554,-44371063933.4817,-634377794482.563
50004459,30023354,50004460,30023385,79881,40247462,4,2190368279574.74,504830252552.135,3692707815603.09
50004460,30023385,50004459,30023354,79881,40247720,3,35535752370.4234,10673862144.7451,-219600668234.656
50004461,30023362,50004462,30023373,79787,40247508,5,218167900346.501,-40607684087.9328,1143802420811.91
50004462,30023373,50004461,30023362,79787,40247615,2,330582437921.159,-181768264849.248,931136819903.096
50004463,30023353,50004464,30023370,79881,40247453,4,22045341658.2226,1776106632.94663,-1812881827.09898
50004464,30023370,50004463,30023353,79881,40247577,2,-447457246758.465,-150376470326.186,-231216914998.666
50004465,30023357,50004466,30023386,79787,40247477,3,451556582512.833,10283461290.2931,965617543857.785
50004466,30023386,50004465,30023357,79881,40247749,4,2658987567681.91,-1391280250005.09,5392478701611.36
50004467,30023371,50004468,30023378,79881,40247590,2,1348392298877.28,54356488627.1153,-1721654216042.55
50004468,30023378,50004467,30023371,79881,40247644,5,-1989241904147.89,-236606575449.59,-1198659118066.62
50004469,30023352,50004470,30023355,79881,40247450,4,1348266017145.53,-307779437617.007,-2246497084715.13
50004470,30023355,50004469,30023352,79787,40247464,3,-764735987327.049,18492315323.7573,70504815701.3993
50004471,30023386,50004472,30023387,79787,40247749,2,6098942928110.09,784395175026.915,738987400665.012
50004472,30023387,50004471,30023386,79881,40247752,4,-30458805670.5518,13733026086.6448,-127182576090.605
50004473,30023353,50004474,30023356,79787,40247453,3,-9337559078.778,-2318270508.71656,19996844661.5243
50004474,30023356,50004473,30023353,79787,40247473,4,-1177213523690.52,-251461982339.326,-3937376875988.34
50004475,30023387,50004476,30023388,79881,40247752,3,125991212125.27,-1790457729.86301,37613179043.2339
50004476,30023388,50004475,30023387,79787,40247756,4,-146104363.116082,19990451302.5793,-63650943198.6804
50004477,30023354,50004478,30023373,79881,40247462,2,4308861484453.61,-417406327640.381,35291463279.3028
50004478,30023373,50004477,30023354,79881,40247615,5,979700814539.986,-85303659440.7034,174323088919.941
50004479,30023376,50004480,30023379,79787,40247628,5,1032199639342.11,-349917327979.479,-163172330632.873
50004480,30023379,50004479,30023376,79787,40247652,4,-670967104189.834,117405464687.108,-3587231393585.09
50004481,30023355,50004482,30023356,79787,40247464,2,766127143900.759,-18525955307.2968,-70633073347.7853
50004482,30023356,50004481,30023355,79881,40247473,3,3612218383520.71,1725533307308.44,962504351997.314
50004483,30023365,50004484,30023369,79787,40247536,5,10446482280.9891,1755942010.27118,-15699338509.0477
50004484,30023369,50004483,30023365,79787,40247573,3,-265653053543.896,-111030392661.68,392356121167.629
50004485,30023354,50004486,30023357,79787,40247462,3,-4302752776255.68,416814567272.885,-35241430282.9233
50004486,30023357,50004485,30023354,79787,40247477,5,-1062040886199.59,-9319924962.74939,-91698597763.4933
50004487,30023357,50004488,30023383,79787,40247477,2,-452869048519.853,-10313350553.1246,-968424147174.345
50004488,30023383,50004487,30023357,79881,40247700,2,-1358005978812.84,481264552796.789,1392289429757.01
50004489,30023358,50004490,30023366,79881,40247480,5,64919490388.9491,597121432.158866,-8930011924.94908
50004490,30023366,50004489,30023358,79787,40247544,2,-500605948590.739,-65093829300.8513,-108096190991.565
50004491,30023357,50004492,30023385,79881,40247477,4,610484303686.759,-963536327.54374,-873918946094.291
50004492,30023385,50004491,30023357,79881,40247720,5,172336165700.478,3985695947.20733,141016079715.039
50004493,30023460,50004494,30023470,79881,40248516,5,149432852637.527,39235450510.1281,-376500540497.137
50004494,30023470,50004493,30023460,79787,40248606,2,-2960924014737.95,-1060037791046.35,-605076383560.627
50004495,30023469,50004496,30023470,79787,40248600,2,-25057355417.7395,2301893906.06968,-2749230468.59656
50004496,30023470,50004495,30023469,79787,40248606,5,-2022494778848.57,-249847476478.884,2267156083244.96
50004497,30023465,50004498,30023466,79787,40248586,3,-1633568832949.09,235697786720.997,-1440068359751.63
50004498,30023466,50004497,30023465,79881,40248591,4,-19607337860.7677,2891534656.76646,-2071239359.67786
50004499,30023455,50004500,30023465,79881,40248461,4,-3313853535.12726,-125440433.426355,1659121641.75222
50004500,30023465,50004499,30023455,79787,40248586,4,-416155469449.929,-751508435311.569,2014931054976.33
50004501,30023468,50004502,30023471,79787,40248598,2,-11452258333.2261,-3399068207.15286,-20919421405.4067
50004502,30023471,50004501,30023468,79881,40248626,4,-3628564898618.76,193731781998.901,-1827952744852.88
50004503,30023454,50004504,30023457,79787,40248458,3,330218666188.814,-78044536397.3393,186666211951.851
50004504,30023457,50004503,30023454,79787,40248478,5,-314598223503.987,114003769597.724,-224901566219.188
50004505,30023456,50004506,30023463,79881,40248470,4,-895664479177.806,12743352250.5053,-84863023224.4366
50004506,30023463,50004505,30023456,79787,40248548,4,-2589704590656.0,-620899401988.655,-1397591386497.5
50004507,30023467,50004508,30023469,79881,40248595,5,310023371547.996,-46610666575.7611,148710254585.356
50004508,30023469,50004507,30023467,79787,40248600,5,-14712300154.998,704758026.052083,20071531459.6754
50004509,30023459,50004510,30023471,79881,40248505,5,427730900216.677,-6181598401.53244,421937688850.083
50004510,30023471,50004509,30023459,79881,40248626,2,-3317470842619.35,958526518986.593,2156948257391.96
50004511,30023460,50004512,30023469,79881,40248516,4,253067380062.419,-27490390443.9266,317527061209.5
50004512,30023469,50004511,30023460,79787,40248600,4,-9932729769.87001,1559257599.42754,-22775522604.7646
50004513,30023455,50004514,30023458,79881,40248461,5,3097843856.29154,-172612652.748266,2030668237.52482
50004514,30023458,50004513,30023455,79787,40248481,3,-264743829765.772,39220901216.6747,-292587318826.808
50004515,30023466,50004516,30023467,79787,40248591,2,-13504962821.7132,1874485469.55974,18788607017.3907
50004516,30023467,50004515,30023466,79787,40248595,4,-288841927221.227,-19219858843.7996,191318381418.557
50004517,30023453,50004518,30023454,79881,40248449,3,276136984594.565,26214363136.2617,-36873235690.065
50004518,30023454,50004517,30023453,79787,40248458,2,-330988155423.824,78226399013.7149,-187101189302.753
50004519,30023457,50004520,30023470,79787,40248478,4,372924854927.812,15464544170.8586,-152438566815.808
50004520,30023470,50004519,30023457,79881,40248606,4,-795859791778.407,-759149153817.012,-2843097844228.47
50004521,30023453,50004522,30023457,79881,40248449,2,-277084947864.563,-26304355621.1005,36999819505.4547
50004522,30023457,50004521,30023453,79881,40248478,3,-58326631423.8247,-129468313768.582,377340133034.997
50004523,30023454,50004524,30023456,79881,40248458,5,-313125230583.794,111429828539.88,198785248770.796
50004524,30023456,50004523,30023454,79787,40248470,2,-582855043468.817,44846349564.0302,819946351631.168
50004525,30023463,50004526,30023465,79881,40248548,5,76086215826.3651,216765526751.962,2998761613072.93
50004526,30023465,50004525,30023463,79787,40248586,2,1662669919582.54,-239896606857.824,1465722347052.29
50004527,30023469,50004528,30023471,79881,40248600,3,24645029924.868,-2264015625.47962,2703991145.08922
50004528,30023471,50004527,30023469,79881,40248626,5,314236059953.245,763886908628.263,3982858138788.19
50004529,30023457,50004530,30023463,79787,40248478,2,58602514995.5966,130080695796.514,-379124942840.283
50004530,30023463,50004529,30023457,79787,40248548,2,-2785401734652.04,-447830588918.348,1774295720955.93
50004531,30023453,50004532,30023459,79787,40248449,4,-169330789103.89,-21599234586.5775,-221718333776.442
50004532,30023459,50004531,30023453,79881,40248505,4,-579291607634.239,3349433952.35253,159478409347.014
50004533,30023454,50004534,30023458,79787,40248458,4,-17093435605.0201,-33385292142.5402,-385451460722.647
50004534,30023458,50004533,30023454,79787,40248481,4,-122534838806.144,-23970483146.5252,376358263953.418
50004535,30023463,50004536,30023470,79881,40248548,3,2513618374829.63,404133875236.693,-1601170226575.43
50004536,30023470,50004535,30023463,79881,40248606,3,2818354570626.98,1008996630295.9,575941760983.508
50004537,30023456,50004538,30023458,79787,40248470,5,374875314531.873,27327490729.3759,817496600484.239
50004538,30023458,50004537,30023456,79787,40248481,2,275327317072.329,-40788808995.8499,304283886703.773
50004539,30001247,50004540,30001293,79881,40013210,2,876025875647.69,-3313087792.72859,607278555132.005
50004540,30001293,50004539,30001247,79881,40013656,4,-2248408714525.52,-232176638071.946,1997623988937.85
50004541,30001219,50004542,30001221,79881,40012891,5,188687703981.516,-17091520753.2104,7817565320.10961
50004542,30001221,50004541,30001219,79881,40012905,4,-194299301404.142,12155535598.4511,144137494780.059
50004543,30001209,50004544,30001220,79787,40012823,4,36918488317.4396,799334542.650786,-57242220016.9073
50004544,30001220,50004543,30001209,79787,40012903,3,-744116618919.492,-123941180417.037,311375146245.516
50004545,30001218,50004546,30001222,79787,40012887,2,-438686967257.556,19816124085.1107,1626833745757.99
50004546,30001222,50004545,30001218,79787,40012910,2,-138688180044.893,-42153284178.7941,3179623816.54244
50004547,30001296,50004548,30001297,79881,40013689,5,143835930498.749,-126685011234.726,1857477264301.29
50004548,30001297,50004547,30001296,79881,40013699,2,-2032308787244.1,7847614273.73484,751295539297.83
50004549,30001202,50004550,30001207,79881,40012745,5,2455192646229.86,-285349918284.067,699037467628.82
50004550,30001207,50004549,30001202,79881,40012802,2,-2222222002896.42,208574158021.21,-717602354730.682
50004551,30001301,50004552,30001305,79787,40013731,5,35217212153.105,-2168978644.95423,-16087450384.8507
50004552,30001305,50004551,30001301,79787,40013761,4,-2792646830.37296,-778385467.53375,-705686223.057171
50004553,30001222,50004554,30001225,79787,40012910,3,123859704292.49,37646274625.9466,-2839659915.86901
50004554,30001225,50004553,30001222,79787,40012949,4,-432089600433.749,136776022956.716,499379238066.01
50004555,30001293,50004556,30001294,79881,40013656,3,-503819657880.841,-595676843050.162,-2913946497619.22
50004556,30001294,50004555,30001293,79881,40013672,3,-1995361810995.71,919474753013.438,-2613449218906.31
50004557,30001244,50004558,30001252,79787,40013188,5,257347469005.404,-14263442347.9931,161596535144.902
50004558,30001252,50004557,30001244,79787,40013264,3,-938515734190.082,-25978446590.661,-26766293327.3564
50004559,30001217,50004560,30001219,79787,40012883,5,-439226160.161559,35887798.6717577,3461126697.44691
50004560,30001219,50004559,30001217,79787,40012891,4,-100503999952.635,15529738668.6497,160043922888.1
50004561,30001294,50004562,30001301,79881,40013672,5,3377687405852.23,-243897479259.037,-434466576354.825
50004562,30001301,50004561,30001294,79881,40013731,3,-31659262412.6122,-1898529495.55672,-22312535699.1977
50004563,30001250,50004564,30001252,79881,40013252,4,-1378633128911.84,-115685318332.588,691212763428.794
50004564,30001252,50004563,30001250,79881,40013264,4,446050830578.847,13635780420.6281,826471910896.154
50004565,30001218,50004566,30001226,79881,40012887,3,438163662603.646,-19792485657.8717,-1624893114433.53
50004566,30001226,50004565,30001218,79881,40012972,3,-3753357268627.91,1326058005911.81,-2667517173806.29
50004567,30001240,50004568,30001241,79881,40013143,4,-625955622819.454,-26682993956.8631,-177048020559.696
50004568,30001241,50004567,30001240,79881,40013165,3,-542117745040.565,-329988726367.184,551626822598.98
50004569,30001240,50004570,30001250,79881,40013143,5,158065128614.047,69784971611.4537,627713229383.699
50004570,30001250,50004569,30001240,79881,40013252,2,-89647700203.3005,-100986451660.372,1594746674852.9
50004571,30001198,50004572,30001216,79881,40012705,2,-3561783371109.29,-1135858309003.82,1706723733032.27
50004572,30001216,50004571,30001198,79787,40012878,4,-1422667523027.89,31069716707.0525,455809906977.402
50004573,30001297,50004574,30001305,79787,40013699,4,-1663590600006.11,-80860979475.3041,-1380136215585.12
50004574,30001305,50004573,30001297,79787,40013761,2,-2048471209.14114,-703604713.110059,2261929541.12318
50004575,30001202,50004576,30001204,79787,40012745,4,-1807235170310.21,383500651355.998,1784622418529.53
50004576,30001204,50004575,30001202,79881,40012769,4,-278093576695.139,6768636996.42621,165423375388.766
50004577,30001237,50004578,30001299,79881,40013110,2,2531359859370.52,-946648439123.332,2983042504008.42
50004578,30001299,50004577,30001237,79881,40013724,4,-156176133877.687,3912382132.84313,76731001167.8511
50004579,30001198,50004580,30001209,79881,40012705,4,-3181390228263.38,-1023283851046.2,-2380415371832.9
50004580,30001209,50004579,30001198,79881,40012823,5,-68037293470.6622,38991998.8035791,-3348230074.38738
50004581,30001216,50004582,30001224,79881,40012878,5,1104053155112.79,224712686275.019,981469163543.037
50004582,30001224,50004581,30001216,79881,40012939,3,-851392074080.074,7116101785.86052,394246284269.51
50004583,30001218,50004584,30001221,79787,40012887,5,1176672754984.78,-171851668980.285,1191035265050.31
50004584,30001221,50004583,30001218,79787,40012905,3,-27806773993.7264,-5405440157.81269,-240568405053.649
50004585,30001220,50004586,30001224,79787,40012903,5,110242877007.372,-6439428158.73274,-808597849545.055
50004586,30001224,50004585,30001220,79787,40012939,5,87018347039.0853,87166805275.5146,-930149982910.26
50004587,30001246,50004588,30001252,79881,40013196,3,-96081124094.0866,-1280037591.27972,-109290493325.592
50004588,30001252,50004587,30001246,79787,40013264,5,492464903611.235,12342666170.0329,-799705617568.797
50004589,30001292,50004590,30001301,79787,40013651,5,320969794498.064,28985155298.2934,150050051498.164
50004590,30001301,50004589,30001292,79787,40013731,4,-3557949740.49283,4067508140.51094,38399986084.0484
50004591,30001216,50004592,30001226,79787,40012878,2,-347986091315.519,279361910837.431,1569775805004.78
50004592,30001226,50004591,30001216,79787,40012972,4,-645495856004.393,-1296356684969.71,4567774396658.81
50004593,30001243,50004594,30001292,79787,40013183,2,312469459134.875,-21376758878.2678,46881986316.0222
50004594,30001292,50004593,30001243,79787,40013651,4,-289271917553.694,-32852525082.1533,204007929926.59
50004595,30001242,50004596,30001247,79881,40013173,2,-49439398599.023,-11015865200.9121,228369427630.61
50004596,30001247,50004595,30001242,79881,40013210,3,-874745807439.534,3308246636.23745,-606391186398.354
50004597,30001243,50004598,30001294,79881,40013183,5,195464244403.414,-26241168831.4387,-247051700862.807
50004598,30001294,50004597,30001243,79787,40013672,4,-1382325594856.53,-675577273754.401,3047915795261.13
50004599,30001292,50004600,30001296,79881,40013651,3,-31697876944.3699,3867369783.85991,-354057981424.754
50004600,30001296,50004599,30001292,79881,40013689,4,-1683720909101.34,97257877217.2075,-801613660028.552
50004601,30001219,50004602,30001220,79881,40012891,3,-88183704028.8811,1561782084.56075,-167861488208.209
50004602,30001220,50004601,30001219,79787,40012903,4,633873741912.12,130380608575.769,497222703299.539
50004603,30001242,50004604,30001249,79787,40013173,3,42920626613.3386,9563381645.19179,-198258053515.824
50004604,30001249,50004603,30001242,79787,40013241,3,-217839595210.9,-46651945577.1196,203650827800.552
50004605,30001249,50004606,30001291,79881,40013241,2,226279713564.845,48459458769.2529,-211541207361.033
50004606,30001291,50004605,30001249,79787,40013641,2,-3258623526712.58,-1285953424948.21,-1314988659741.51
50004607,30001296,50004608,30001305,79881,40013689,3,1539884978602.59,29427134017.5183,-1055863604272.74
50004608,30001305,50004607,30001296,79787,40013761,5,840959522.872771,108023891.570981,2860746619.40061
50004609,30001252,50004610,30001280,79787,40013264,2,946256526184.842,26192714443.6968,26987059268.2669
50004610,30001280,50004609,30001252,79881,40013499,2,-1709318413206.05,-94442157189.0577,883521611647.114
50004611,30001217,50004612,30001225,79787,40012883,3,3143723907.72138,650770879.440683,-1366419710.09516
50004612,30001225,50004611,30001217,79881,40012949,3,-206629618688.963,26494460669.9971,-641397669862.077
50004613,30001225,50004614,30001226,79787,40012949,2,207577572423.58,-26616009183.2168,644340206950.315
50004614,30001226,50004613,30001225,79787,40012972,2,3770923689277.46,-1332264207738.71,2680001657805.89
50004615,30001204,50004616,30001206,79787,40012769,3,-4022125024.70531,5250244460.76887,-323578433172.368
50004616,30001206,50004615,30001204,79881,40012794,4,-3185862453243.05,13644065103.8844,777371021886.995
50004617,30001198,50004618,30001220,79787,40012705,3,3556016181644.24,1134019143229.0,-1703960230003.77
50004618,30001220,50004617,30001198,79787,40012903,2,751947949013.261,125245578506.501,-314652161556.349
50004619,30001202,50004620,30001208,79881,40012745,3,-647957475919.652,-98150733071.9308,-2483659886158.35
50004620,30001208,50004619,30001202,79787,40012820,5,-666222054589.698,-14216321524.1184,-844209296838.292
50004621,30001237,50004622,30001296,79881,40013110,5,3953996625150.84,87244647469.0816,-626034251478.052
50004622,30001296,50004621,30001237,79787,40013689,2,-1546452673994.25,-29552642386.7551,1060366921484.33
50004623,30001242,50004624,30001292,79787,40013173,5,149622531300.478,10503715248.9491,136903850692.605
50004624,30001292,50004623,30001242,79881,40013651,2,32450880547.511,-3959241658.65571,362468858159.547
50004625,30001206,50004626,30001207,79787,40012794,2,-921075792488.16,45633590945.9806,3152474616436.52
50004626,30001207,50004625,30001206,79787,40012802,5,-1707304969198.45,65347584107.459,1544093481355.32
50004627,30001250,50004628,30001280,79787,40013252,5,1292005317591.5,18100714817.8753,849812982235.615
50004628,30001280,50004627,30001250,79787,40013499,4,-1523868527602.35,-78540482584.2685,-979660573192.226
50004629,30001291,50004630,30001299,79787,40013641,5,-2542866344910.63,-1362868101305.04,2344718948185.89
50004630,30001299,50004629,30001291,79787,40013724,2,-13269350140.6527,-24924682457.7467,172412712931.601
50004631,30001241,50004632,30001243,79787,40013165,4,751829196215.907,271872118092.354,260604626876.175
50004632,30001243,50004631,30001241,79881,40013183,3,-311904032959.556,21338076764.9927,-46797151457.9613
50004633,30003534,50004634,30003540,79881,40036995,2,-2384215333850.46,988497174260.558,6113510445214.59
50004634,30003540,50004633,30003534,79787,40037055,3,-399163664974.363,-69488661163.6035,477477153082.098
50004635,30003467,50004636,30003477,79881,40036255,5,1962454001880.89,129934105200.469,539411364470.689
50004636,30003477,50004635,30003467,79787,40036379,5,-2214207921720.74,-291270674151.684,-804037422783.939
50004637,30003533,50004638,30003543,79881,40036991,2,708672074818.506,-503863764.194914,931928670708.654
50004638,30003543,50004637,30003533,79881,40037086,3,-43231049000.3902,-19015055180.6318,37863081304.2926
50004639,30003559,50004640,30003573,79787,40037291,5,6931942808900.7,-73177319685.5993,3881815838666.72
50004640,30003573,50004639,30003559,79881,40037454,5,-81861828251.0552,-37121786245.2385,-67913351301.868
50004641,30003537,50004642,30003544,79881,40037026,3,32986771018.542,2069286330.95589,2797514867.76445
50004642,30003544,50004641,30003537,79881,40037088,3,-46942999765.1655,-6745792530.5541,-37817982866.7386
50004643,30003467,50004644,30003476,79881,40036255,4,-1448912134719.37,-71571382910.3596,1433389118252.25
50004644,30003476,50004643,30003467,79881,40036366,3,-1808460630110.6,-803777741731.932,1471432344613.97
50004645,30003563,50004646,30003565,79787,40037338,3,-2214571441891.08,73497665598.3333,-3164278122626.44
50004646,30003565,50004645,30003563,79881,40037376,3,-848008643456.406,4698655985.96624,-43665816631.9952
50004647,30003544,50004648,30003556,79787,40037088,2,48045724485.8004,6904256033.54558,38706354398.1772
50004648,30003556,50004647,30003544,79787,40037236,3,-1879636870972.15,-116294231287.574,967051683543.433
50004649,30003577,50004650,30003580,79787,40037509,4,1607534643791.11,-15486026334.1872,158272023924.817
50004650,30003580,50004649,30003577,79787,40037539,2,-5587557700732.26,-176442900766.542,-388088826396.176
50004651,30003536,50004652,30003538,79881,40037024,4,196509827860.705,-16222529937.7227,-1746526762623.48
50004652,30003538,50004651,30003536,79787,40037045,5,-553596169187.623,-65016084773.9741,-258410409652.998
50004653,30003565,50004654,30003573,79881,40037376,2,859206096307.802,-4760698960.73279,44242397928.3385
50004654,30003573,50004653,30003565,79881,40037454,3,-22435918214.7724,22802120407.2709,108019915304.937
50004655,30003551,50004656,30003558,79881,40037155,3,-11380698452.2883,5269988806.51181,5927986898.16323
50004656,30003558,50004655,30003551,79881,40037262,5,-87245532224.6842,-25881123514.972,-78521712811.3981
50004657,30003536,50004658,30003537,79787,40037024,5,-1610709095012.07,-14732845980.7259,703302331844.679
50004658,30003537,50004657,30003536,79787,40037026,2,-33153054666.2374,-2079717436.17211,-2811616914.20096
50004659,30003542,50004660,30003553,79881,40037078,5,-1658604691825.55,-174419213832.894,1717127540192.39
50004660,30003553,50004659,30003542,79881,40037168,3,-13364695234.6745,-1194988465.40545,-3791130584.63464
50004661,30003465,50004662,30003476,79787,40036230,2,-22173972590.4714,6524623770.79353,113986290028.266
50004662,30003476,50004661,30003465,79881,40036366,5,-466420677384.089,491980709649.663,-2371098561127.53
50004663,30003549,50004664,30003555,79881,40037146,2,3900657763.18452,205961650.56558,-2543705903.52506
50004664,30003555,50004663,30003549,79787,40037217,4,-866763953113.385,247377623602.71,472437824093.88
50004665,30003543,50004666,30003544,79787,40037086,2,43403876446.072,19091072845.9986,-38014448892.6064
50004666,30003544,50004665,30003543,79787,40037088,4,-9443924056.61198,2923964641.30953,59846583036.2591
50004667,30003557,50004668,30003567,79881,40037259,2,-770219278526.374,-41524283130.5642,-1599925730190.38
50004668,30003567,50004667,30003557,79881,40037395,4,-2523944335348.8,196513118685.313,-762394909654.545
50004669,30003531,50004670,30003533,79881,40036979,5,2072685129210.85,-38452667507.7685,462515436227.379
50004670,30003533,50004669,30003531,79787,40036991,3,-707280952292.255,502874680.163752,-930099295723.031
50004671,30003564,50004672,30003566,79881,40037347,3,-773584246630.697,-9653486681.43537,569243539808.096
50004672,30003566,50004671,30003564,79881,40037384,2,-283155414698.865,-14969838080.8454,-25020235973.7023
50004673,30003538,50004674,30003540,79881,40037045,4,494207356059.386,95291107019.7515,-352349888286.23
50004674,30003540,50004673,30003538,79787,40037055,5,-216320476384.705,32362287464.0037,-586773270546.855
50004675,30003537,50004676,30003543,79881,40037026,5,-18983491579.3737,-3383554.76382071,27200406864.4565
50004676,30003543,50004675,30003537,79881,40037086,5,-14727556503.555,19693723855.6091,-55311528338.9068
50004677,30003531,50004678,30003532,79787,40036979,4,-1423812161701.14,363171642864.347,1533717075359.73
50004678,30003532,50004677,30003531,79881,40036986,4,-409924412762.06,5415205243.59946,-214507173883.243
50004679,30003563,50004680,30003573,79881,40037338,5,3790230839085.07,-678340328156.27,-310466102925.188
50004680,30003573,50004679,30003563,79787,40037454,2,22883737706.3833,-23257249271.2061,-110175985900.873
50004681,30003564,50004682,30003565,79881,40037347,4,878192919014.884,-74468747399.8227,381831882778.745
50004682,30003565,50004681,30003564,79881,40037376,4,386433658545.501,33816871067.159,755362751968.453
50004683,30003563,50004684,30003577,79881,40037338,2,2289666532887.78,-75989937367.8266,3271577326916.07
50004684,30003577,50004683,30003563,79881,40037509,3,-940993617579.87,-9296492916.49221,1312974511729.34
50004685,30003563,50004686,30003572,79881,40037338,4,-1575659397193.99,604842662557.937,3474744225551.62
50004686,30003572,50004685,30003563,79787,40037447,3,-2338441146907.03,-992717784135.344,1337237707648.35
50004687,30003532,50004688,30003534,79787,40036986,2,-392698142376.884,3017773605.10215,249018585901.181
50004688,30003534,50004687,30003532,79881,40036995,4,-6442306179880.2,994971545262.238,897998896885.552
50004689,30003470,50004690,30003609,79881,40036287,2,1543536113529.12,-206019188814.098,55078322052.9066
50004690,30003609,50004689,30003470,79787,40037856,2,-8599770631.12987,3436550203.37804,614704046.840658
50004691,30003559,50004692,30003565,79787,40037291,4,-6486037914728.37,-3089156657454.26,3393243808765.07
50004692,30003565,50004691,30003559,79787,40037376,5,461574984910.905,-38515527053.1252,-711696935336.458
50004693,30003532,50004694,30003533,79787,40036986,5,19183931060.1453,-2412475704.34624,462284363810.395
50004694,30003533,50004693,30003532,79881,40036991,4,-442214920817.775,-156621188214.624,1070162167837.77
50004695,30003532,50004696,30003537,79881,40036986,3,390740481701.915,-3002729539.25322,-247777189927.152
50004696,30003537,50004695,30003532,79787,40037026,4,-14003279439.1683,-2065902776.19207,-29997921732.221
50004697,30003561,50004698,30003573,79881,40037310,3,273380434891.93,-4859474791.35434,96305087047.3895
50004698,30003573,50004697,30003561,79787,40037454,4,104297746465.828,14319665837.9677,-40106564003.0689
50004699,30003542,50004700,30003555,79881,40037078,3,2314540247390.68,175010397713.091,584972972955.125
50004700,30003555,50004699,30003542,79787,40037217,3,-24168395526.5929,-362507261049.419,-950619435449.72
50004701,30003546,50004702,30003556,79787,40037120,5,437764101881.553,24380853533.5547,-98661199215.6595
50004702,30003556,50004701,30003546,79787,40037236,5,118284439212.489,-165497538435.871,-2107217936001.11
50004703,30003568,50004704,30003571,79787,40037400,4,-42858093836.3876,1639525326.7865,-185724357310.391
50004704,30003571,50004703,30003568,79881,40037435,2,-1499230699346.92,-91243060157.8521,564413918261.467
50004705,30003557,50004706,30003570,79881,40037259,4,986352874604.036,-145032346942.848,-1445984890611.14
50004706,30003570,50004705,30003557,79787,40037425,3,-2876659122543.15,1257090169548.47,4220568585055.94
50004707,30003542,50004708,30003545,79881,40037078,4,-655935555565.132,-591183880.197358,-2302100513147.51
50004708,30003545,50004707,30003542,79787,40037104,3,-217510188612.812,19553784874.5051,333001882117.766
50004709,30003542,50004710,30003549,79881,40037078,2,-2577075279303.94,-194861579994.565,-651325631240.635
50004710,30003549,50004709,30003542,79881,40037146,3,-3435930494.50216,-181423226.245444,2240646889.21377
50004711,30003465,50004712,30003594,79787,40036230,3,17775857184.4025,-5230491733.42185,-91377582625.5432
50004712,30003594,50004711,30003465,79787,40037668,4,-97846238242.4371,4292393322.31994,71046935477.4745
50004713,30003568,50004714,30003570,79881,40037400,3,182266834161.946,-2377437064.58351,55733204703.5625
50004714,30003570,50004713,30003568,79881,40037425,5,-2374666098510.38,-1249617454075.72,-4524163980439.04
50004715,30003545,50004716,30003554,79787,40037104,2,255060556388.093,-22929497148.5789,-390490421956.428
50004716,30003554,50004715,30003545,79881,40037193,5,-7519959465553.87,-291174530756.178,2883092422958.87
50004717,30003560,50004718,30003566,79881,40037301,3,1060175684439.28,159070485977.219,56860874841.7804
50004718,30003566,50004717,30003560,79881,40037384,5,-162523694780.172,-5404817513.0909,231806156811.015
50004719,30004150,50004720,30004153,79787,40043309,2,-325715072523.043,84018523261.6037,1102744176788.48
50004720,30004153,50004719,30004150,79787,40043340,3,-1326483258048.71,94385900830.3666,-265263552032.501
50004721,30004135,50004722,30004142,79881,40043109,3,-184943283005.505,14068834059.3487,-180742396380.472
50004722,30004142,50004721,30004135,79787,40043163,5,-83770833325.1537,-23606922857.8527,40413378221.4699
50004723,30004135,50004724,30004151,79881,40043109,4,-64034124393.4791,-1678690737.3162,250931418480.365
50004724,30004151,50004723,30004135,79881,40043320,5,-223784164789.236,4870508949.54604,-83970493012.8058
50004725,30004147,50004726,30004152,79787,40043244,5,-89549403387.8708,186255968529.671,-1125628897546.54
50004726,30004152,50004725,30004147,79881,40043325,5,-149268322771.527,-4235609199.8539,-67490337139.096
50004727,30004176,50004728,30004206,79787,40043610,3,543489970586.168,334424673789.675,1501110006215.72
50004728,30004206,50004727,30004176,79787,40043864,5,-374058886970.79,6669881635.22512,76210060645.2254
50004729,30004148,50004730,30004192,79787,40043272,5,-3191287268274.72,194888275077.013,-818157560525.067
50004730,30004192,50004729,30004148,79881,40043758,3,-698110604802.652,9280751206.17818,-58377407982.4314
50004731,30004150,50004732,30004152,79881,40043309,3,321052324025.768,-82815762701.4409,-1086957929276.59
50004732,30004152,50004731,30004150,79881,40043325,2,-16138640896.3962,-16074783086.4045,-162464128507.248
50004733,30004142,50004734,30004144,79881,40043163,2,-77294435647.9202,-15332315396.3383,-55052877398.8656
50004734,30004144,50004733,30004142,79881,40043204,3,-3072544161845.27,139984565918.235,1766035212131.14
50004735,30004149,50004736,30004161,79787,40043280,2,-1747051846338.12,-196266150321.819,-923910692702.153
50004736,30004161,50004735,30004149,79881,40043417,3,-635014181353.043,-153449342549.939,666944485910.313
50004737,30004160,50004738,30004165,79787,40043405,2,-572486114623.842,-237237385455.795,824627466184.53
50004738,30004165,50004737,30004160,79787,40043492,5,-1220433253005.5,156381837200.224,-792023508942.212
50004739,30004151,50004740,30004192,79787,40043320,3,39310263808.3431,3863730894.20161,235783571750.775
50004740,30004192,50004739,30004151,79787,40043758,4,299058003326.089,31310044369.2759,632800491791.71
50004741,30004189,50004742,30004191,79881,40043723,5,2785851202.76634,282388436.097766,1947450205.28343
50004742,30004191,50004741,30004189,79881,40043743,3,-1661172953332.31,503223039478.168,-363865190745.938
50004743,30004148,50004744,30004149,79881,40043272,3,930412637363.552,449949019630.066,3134255233102.0
50004744,30004149,50004743,30004148,79787,40043280,5,-1419311567852.09,-154504274931.165,901724214133.35
50004745,30004155,50004746,30004165,79787,40043359,2,3043817741128.12,260286747136.323,-2693444357141.76
50004746,30004165,50004745,30004155,79787,40043492,3,-88935982786.9966,-279834718663.987,1433525989984.42
50004747,30004199,50004748,30004213,79787,40043798,3,621795363707.329,98568988478.4812,227505077513.614
50004748,30004213,50004747,30004199,79881,40043950,5,-1787032832221.94,61473733067.0782,-1172389785938.71
50004749,30004151,50004750,30004154,79787,40043320,2,-43552225979.3128,-4280665269.71021,-261226926615.532
50004750,30004154,50004749,30004151,79787,40043351,2,-59001838250.3345,-1108502207.05241,153111455.636294
50004751,30004158,50004752,30004161,79787,40043390,4,1686513861844.64,188473681839.07,3079908515739.32
50004752,30004161,50004751,30004158,79881,40043417,5,-274306474009.016,242475115385.786,-858816881104.492
50004753,30004146,50004754,30004191,79881,40043241,3,-83823509827.5627,25047141317.9061,475763475998.943
50004754,30004191,50004753,30004146,79881,40043743,4,429375657583.99,-522055215180.844,1639579757851.94
50004755,30004135,50004756,30004168,79881,40043109,2,187762347606.388,-14283283329.5675,183497427453.97
50004756,30004168,50004755,30004135,79881,40043515,4,-3301211715.01306,-128364418.916957,4494574682.85988
50004757,30004120,50004758,30004143,79881,40042987,5,445349986391.108,9419624868.13692,18891177774.1888
50004758,30004143,50004757,30004120,79787,40043169,3,-103624532954.003,22931395412.2442,-153835686489.549
50004759,30004213,50004760,30004217,79787,40043950,4,1888038031702.75,-335717002646.725,-945711191880.305
50004760,30004217,50004759,30004213,79787,40043985,4,-332617266063.809,-38708901903.8698,32368934176.2231
50004761,30004147,50004762,30004164,79881,40043244,3,-941188961156.248,-41822021350.1199,649742298438.16
50004762,30004164,50004761,30004147,79787,40043460,5,-535253633682.053,92448453736.9193,-792727553268.469
50004763,30004158,50004764,30004164,79787,40043390,5,1793974949607.57,308330842606.91,-3008699681247.94
50004764,30004164,50004763,30004158,79881,40043460,3,-421096622317.765,-30169193612.5141,863265658478.629
50004765,30004150,50004766,30004160,79787,40043309,5,783509408141.968,55266083183.6087,821260770239.268
50004766,30004160,50004765,30004150,79787,40043405,4,-1008880897543.62,-103825293071.255,-93261950734.4476
50004767,30004149,50004768,30004192,79881,40043280,4,-66112641254.7567,-12370275316.0464,-1687275777968.76
50004768,30004192,50004767,30004149,79787,40043758,5,399052601476.564,-40590795575.4541,-574423083809.279
50004769,30004176,50004770,30004218,79881,40043610,4,1054002853611.88,-401143570204.334,-1178437220215.73
50004770,30004218,50004769,30004176,79787,40044007,3,-3435783567123.77,-290478377960.648,-595315284530.926
50004771,30004209,50004772,30004210,79881,40043915,3,2589451869769.85,-97618489839.5148,151499628136.829
50004772,30004210,50004771,30004209,79787,40043921,3,-167297909249.942,6313172608.53895,82728081722.5829
50004773,30004135,50004774,30004144,79881,40043109,5,248977407398.984,-12390143322.0325,-70189022099.8933
50004774,30004144,50004773,30004135,79881,40043204,5,3192081975.77812,-161638773354.157,-3543002454590.32
50004775,30004120,50004776,30004132,79787,40042987,2,207514856932.768,30903974814.2526,397605900873.64
50004776,30004132,50004775,30004120,79787,40043092,4,-74954988307.8078,22235568181.5818,52711885314.131
50004777,30004209,50004778,30004218,79881,40043915,2,-2597722089146.21,97930264827.7226,-151983489287.043
50004778,30004218,50004777,30004209,79787,40044007,4,1292501753401.27,-714323050280.151,3172155181177.24
50004779,30004136,50004780,30004196,79787,40043132,3,-818956281012.904,-298966886649.414,893000741962.541
50004780,30004196,50004779,30004136,79787,40043779,5,-4368903483293.85,530298171208.175,-4792537022463.17
50004781,30004155,50004782,30004159,79787,40043359,5,-740163944734.853,-534808634678.915,-3962452232014.95
50004782,30004159,50004781,30004155,79881,40043395,5,-630103591157.43,79767592494.3263,-4235968660.00386
50004783,30004166,50004784,30004210,79787,40043501,5,203802940020.062,67839221587.5777,-839550499277.437
50004784,30004210,50004783,30004166,79881,40043921,5,12459181949.2988,7778621462.89775,-186162949929.83
50004785,30004177,50004786,30004210,79881,40043624,4,-306903050025.783,60440694937.8742,-342891884927.365
50004786,30004210,50004785,30004177,79787,40043921,4,154838727300.643,-14091794071.4367,103434868207.247
50004787,30004192,50004788,30004198,79881,40043758,2,701713035971.461,-9328642281.29593,58678650497.0465
50004788,30004198,50004787,30004192,79787,40043794,3,-51256757050.3271,5531413321.7103,1236236919.43822
50004789,30004148,50004790,30004155,79881,40043272,2,-957541773350.912,-463068712603.619,-3225644400685.6
50004790,30004155,50004789,30004148,79881,40043359,3,-3039012800306.01,-259875861031.064,2689192512305.97
50004791,30004118,50004792,30004132,79881,40042967,5,6571337837.67965,12065925654.2706,-63107785399.7937
50004792,30004132,50004791,30004118,79881,40043092,3,-12026221278.6109,-39402905085.8685,-84817419735.0014
50004793,30004166,50004794,30004177,79787,40043501,4,626789494613.362,-82053664524.9657,592777331519.832
50004794,30004177,50004793,30004166,79881,40043624,2,-490519926900.667,27944029238.6864,104068023307.583
50004795,30004131,50004796,30004196,79787,40043090,4,-91095197558.0373,-414338200.092129,56364642412.4065
50004796,30004196,50004795,30004131,79881,40043779,3,-1919379439972.26,-1709370536301.08,5977539614543.89
50004797,30004118,50004798,30004131,79787,40042967,4,52351778979.9645,-7871920644.06425,36995752782.505
50004798,30004131,50004797,30004118,79787,40043090,3,-3188605410.14364,6039374616.84728,-106905745207.337
50004799,30009159,50004800,30009164,79787,40096653,3,-211110673655.156,25672871298.0061,60149899876.0054
50004800,30009164,50004799,30009159,79881,40096711,3,-159496457031.831,-3789738541.00662,-78048172387.8383
50004801,30009157,50004802,30009166,79787,40096634,2,1456648965430.5,80621706363.9778,-166089986480.246
50004802,30009166,50004801,30009157,79881,40096736,3,-2392048721556.44,-300663407821.934,69752105107.4517
50004803,30009133,50004804,30009138,79787,40096345,3,-1189178523026.54,370332078911.766,1782081658769.17
50004804,30009138,50004803,30009133,79787,40096378,3,-51859159153.1858,1632177005.49103,-39972290122.7939
50004805,30009159,50004806,30009166,79787,40096653,4,153631758185.215,-44976176448.2407,152378639368.933
50004806,30009166,50004805,30009159,79787,40096736,5,1136255633747.44,141471517328.312,-2122750543948.07
50004807,30009160,50004808,30009165,79881,40096680,5,910249255518.458,-119102967737.504,1797328493380.09
50004808,30009165,50004807,30009160,79787,40096721,5,-892534322096.785,6222011427.93261,230574687546.179
50004809,30009159,50004810,30009168,79881,40096653,5,57478915469.9406,19303305150.2347,-212528539244.939
50004810,30009168,50004809,30009159,79787,40096756,4,-516981201088.002,-14211545679.3981,158579872859.76
50004811,30009160,50004812,30009167,79787,40096680,3,1102780036054.93,200796702026.589,-1678298487679.02
50004812,30009167,50004811,30009160,79787,40096745,3,-463869642605.08,-6107269682.33768,661359312093.464
50004813,30009179,50004814,30009180,79787,40096851,3,-116286294506.404,10353764217.0668,-142233379835.452
50004814,30009180,50004813,30009179,79881,40096856,2,-9679738482.85205,2955334949.66414,-1574639306.84847
50004815,30009134,50004816,30009157,79787,40096352,4,-174602457800.676,-65191463506.2164,-200771646127.849
50004816,30009157,50004815,30009134,79881,40096634,3,-1343545061401.15,-74361701410.3626,153193656384.995
50004817,30009164,50004818,30009167,79787,40096711,5,147024063675.941,11820642445.8815,-98940367137.8725
50004818,30009167,50004817,30009164,79881,40096745,5,-340554873609.776,28969911308.0163,-731977872661.266
50004819,30009144,50004820,30009145,79787,40096487,3,-3915082531414.79,-1865452417360.53,-4544145049536.46
50004820,30009145,50004819,30009144,79881,40096504,3,-3761933544388.81,1324665556975.25,646183200762.046
50004821,30009155,50004822,30009163,79787,40096613,3,89312015002.9424,-12156348444.382,411410273007.992
50004822,30009163,50004821,30009155,79881,40096703,3,-428995196503.401,3060355696.3,-157727539366.428
50004823,30009142,50004824,30009147,79881,40096451,4,626444868.133625,-972954102.166101,10936656494.9793
50004824,30009147,50004823,30009142,79881,40096525,2,-796869795124.412,14811973671.2241,-17357671284.4963
50004825,30009179,50004826,30009184,79881,40096851,4,-65322516109.3119,-16427764653.9444,171239990949.93
50004826,30009184,50004825,30009179,79881,40096913,4,-570827418614.832,110377638756.121,540321204288.217
50004827,30009132,50004828,30009145,79787,40096333,3,-368937854301.71,-43551623515.1653,3777457678573.74
50004828,30009145,50004827,30009132,79787,40096504,5,1346521162630.05,-495244482538.119,-3777042390586.36
50004829,30009134,50004830,30009136,79881,40096352,5,-92123363652.1468,35207267212.2202,255575689919.576
50004830,30009136,50004829,30009134,79787,40096362,5,-771251029153.099,-330011879032.294,-1004941865597.86
50004831,30009132,50004832,30009147,79881,40096333,4,3454647935043.04,114678614451.19,-1568264919569.91
50004832,30009147,50004831,30009132,79787,40096525,5,-411177472520.22,28333547568.4509,678113524912.12
50004833,30009180,50004834,30009181,79787,40096856,3,9542702836.25327,-2913496398.29618,1552347205.05707
50004834,30009181,50004833,30009180,79787,40096878,4,-1903871244109.03,-160574572910.398,1105485340295.74
50004835,30009171,50004836,30009178,79881,40096768,2,-3404983287755.95,-90432515501.2389,-1470480478829.54
50004836,30009178,50004835,30009171,79787,40096842,3,-7562490675899.32,223680759503.702,9419858443219.17
50004837,30009137,50004838,30009155,79787,40096371,4,1266036231945.11,-378497811228.862,-2263273161176.13
50004838,30009155,50004837,30009137,79881,40096613,5,-391035228803.286,-82181245963.5225,-133118436794.244
50004839,30009135,50004840,30009167,79881,40096354,5,-206156435587.542,-14620123635.7618,282950511167.931
50004840,30009167,50004839,30009135,79787,40096745,2,466240342317.534,6138482120.38058,-664739322740.859
50004841,30009137,50004842,30009173,79881,40096371,5,-2590105444650.46,399830926338.63,1658836414.15602
50004842,30009173,50004841,30009137,79787,40096786,5,-102507056198.193,3619858805.35189,32719785508.7084
50004843,30009180,50004844,30009183,79881,40096856,5,-6200674523.70886,1371664773.50758,7850579069.66841
50004844,30009183,50004843,30009180,79787,40096898,3,-3633130926418.97,23798053746.6489,-4513822728420.66
50004845,30009132,50004846,30009179,79881,40096333,5,-3085710080741.33,-71126990936.025,-2209192759003.82
50004846,30009179,50004845,30009132,79787,40096851,2,116788818237.142,-10398507342.1583,142848032223.97
50004847,30009130,50004848,30009136,79787,40096313,2,-183286954885.361,-26236775678.2592,844608894114.073
50004848,30009136,50004847,30009130,79787,40096362,3,-497928464074.704,81748857657.6629,1207902526050.56
50004849,30009146,50004850,30009162,79881,40096517,2,-348873966058.976,-16249355958.3066,-177103595104.758
50004850,30009162,50004849,30009146,79881,40096701,3,-169333272706.287,-5304462850.17365,-95359688988.8591
50004851,30009132,50004852,30009181,79881,40096333,2,369612404106.661,43631251395.0505,-3784364216654.83
50004852,30009181,50004851,30009132,79787,40096878,2,-13603596520.7294,-774534404680.664,2080808246862.18
50004853,30009127,50004854,30009130,79787,40096274,4,7891898199.71861,-481105784.241122,32977798228.5952
50004854,30009130,50004853,30009127,79881,40096313,4,-700446400493.822,-52843723116.999,223708800060.725
50004855,30009165,50004856,30009168,79881,40096721,4,246914883349.66,26808274189.5137,-887769831036.964
50004856,30009168,50004855,30009165,79787,40096756,2,-127331996319.015,93661317004.7691,519591690299.214
50004857,30009133,50004858,30009157,79881,40096345,5,-972237660077.466,-191640705462.061,-1935234926089.67
50004858,30009157,50004857,30009133,79787,40096634,5,538583034274.401,43058283044.802,-1241847651872.68
50004859,30009155,50004860,30009160,79881,40096613,2,-90950657570.941,12379385737.0882,-418958578644.593
50004860,30009160,50004859,30009155,79881,40096680,4,-2013029291573.38,-81693734289.0851,-119030005701.073
50004861,30009163,50004862,30009173,79787,40096703,5,349636298760.521,-52557511983.2746,-289683253913.199
50004862,30009173,50004861,30009163,79881,40096786,2,-80441798025.0022,-19230531432.839,-70783241163.6762
50004863,30009135,50004864,30009166,79881,40096354,4,-142153726018.151,6382015124.46049,-320198069609.401
50004864,30009166,50004863,30009135,79787,40096736,4,1255793087809.0,159191890493.622,2052998438840.62
50004865,30009159,50004866,30009169,79881,40096653,2,216828524765.644,-26368211107.7804,-61779036697.214
50004866,30009169,50004865,30009159,79787,40096759,2,-13958117513.1328,2481211302.45576,369101744.762698
50004867,30009179,50004868,30009181,79881,40096851,5,181608810615.716,6074000436.87761,-29006611114.4779
50004868,30009181,50004867,30009179,79787,40096878,3,13524385659.7158,770024454904.817,-2068692141199.47
50004869,30009137,50004870,30009138,79787,40096371,2,-1344331359564.55,21659574412.0247,-2296223664777.94
50004870,30009138,50004869,30009137,79881,40096378,4,-8629309477.37518,1369520992.35746,64911322569.3999
50004871,30009138,50004872,30009167,79881,40096378,5,60488468630.561,-3001697997.8485,-24939032446.606
50004872,30009167,50004871,30009138,79787,40096745,4,804424516214.856,-22862641625.6786,70618560567.8024
50004873,30009157,50004874,30009164,79787,40096634,4,804962027126.749,31303418365.5605,1088653995487.68
50004874,30009164,50004873,30009157,79881,40096711,4,12472393355.8897,-8030903904.87485,176988539525.711
50004875,30009144,50004876,30009146,79881,40096487,4,-1902233896047.29,-14825664895.0902,5986511887972.94
50004876,30009146,50004875,30009144,79787,40096517,5,-326324488533.204,58680200617.2374,205936524194.642
50004877,30009180,50004878,30009184,79881,40096856,4,-3342028312.5444,1541831624.7886,-9402926274.72548
50004878,30009184,50004877,30009180,79787,40096913,3,-185839702969.517,-43428684558.3506,-770423080483.088
50004879,30009187,50004880,30009200,79787,40096924,5,25349256858.7913,7328879835.84805,13115490222.5392
50004880,30009200,50004879,30009187,79787,40097095,5,-15284677074.1501,3969980355.03635,4492081380.77201
50004881,30009261,50004882,30009271,79881,40097666,2,-7143460731.51605,948242975.680501,-9214071935.7051
50004882,30009271,50004881,30009261,79881,40097739,5,-1422563235032.7,76741776602.3675,-57501695741.2516
50004883,30009264,50004884,30009276,79881,40097691,5,192343160059.123,-280379182554.498,-1533800241828.19
50004884,30009276,50004883,30009264,79881,40097782,5,-81783530848.7394,-7920793573.12986,-65890886586.0948
50004885,30009194,50004886,30009199,79787,40097040,4,-3167898267617.72,-479473639919.564,5386137584831.35
50004886,30009199,50004885,30009194,79881,40097086,5,-112060317718.124,10648411649.051,-10841231173.209
50004887,30009264,50004888,30009271,79787,40097691,4,1254064426308.53,185155707653.614,928003953469.17
50004888,30009271,50004887,30009264,79787,40097739,2,-790082310540.162,-60255888030.8109,-1493355065142.45
50004889,30009194,50004890,30009203,79787,40097040,2,3016955782431.49,576507895027.438,5481101837928.8
50004890,30009203,50004889,30009194,79881,40097131,3,-848401915303.489,-10573787096.227,1138937060239.89
50004891,30009293,50004892,30009302,79787,40097914,3,1737300757266.65,134189476065.894,-87641596481.6313
50004892,30009302,50004891,30009293,79881,40097994,3,-751165732103.774,93958748790.5892,341848462705.269
50004893,30009266,50004894,30009275,79881,40097716,4,2568172651454.9,-898746228953.312,-687555611279.446
50004894,30009275,50004893,30009266,79881,40097779,2,-2876951502107.37,-25113115412.5539,266176582304.387
50004895,30009270,50004896,30009272,79787,40097736,5,17386349545.1797,-2847192637.50823,32270800308.2354
50004896,30009272,50004895,30009270,79787,40097750,3,-1650162595069.09,-290725755924.532,-1130324084298.92
50004897,30009258,50004898,30009275,79787,40097658,2,-17981908443.113,-1530342319.08872,47764710047.0423
50004898,30009275,50004897,30009258,79881,40097779,4,-1655373660086.39,-445450563169.004,-2312109707573.14
50004899,30009270,50004900,30009276,79881,40097736,4,-36681640556.0193,2301178501.54865,-978791387.001212
50004900,30009276,50004899,30009270,79881,40097782,3,-13695188708.6489,-16352303548.355,103140379090.41
50004901,30009263,50004902,30009273,79881,40097685,4,16085316875.1191,-724579323.718339,31877547873.1549
50004902,30009273,50004901,30009263,79881,40097761,3,-2285250131237.61,-869492533320.669,-2017533486194.13
50004903,30009295,50004904,30009305,79787,40097935,3,-767405031039.244,-182033325005.179,580502369156.923
50004904,30009305,50004903,30009295,79881,40098039,3,-1490448476490.29,-226886612006.415,-651934107166.824
50004905,30009196,50004906,30009205,79787,40097066,3,1275991625695.66,-130801708997.421,-352381946025.336
50004906,30009205,50004905,30009196,79881,40097145,4,-47646759448.2709,-3785762403.81479,18340175233.7054
50004907,30009187,50004908,30009232,79787,40096924,4,-24033353888.3595,-5181567143.1026,16243849591.0666
50004908,30009232,50004907,30009187,79787,40097391,5,-301344124243.491,-53056329032.5796,115523402260.67
50004909,30009198,50004910,30009232,79787,40097084,3,65867002843.8001,-10396593019.3323,63464279366.8012
50004910,30009232,50004909,30009198,79881,40097391,2,-267914114301.155,4974756123.01589,-212479029228.4
50004911,30009258,50004912,30009264,79881,40097658,3,17896825124.2532,1523101341.0851,-47538706223.92
50004912,30009264,50004911,30009258,79787,40097691,3,-1446407586367.65,95223474900.884,605796288359.018
50004913,30009199,50004914,30009205,79787,40097086,2,-47760316963.1316,13799561541.0636,-106697307610.194
50004914,30009205,50004913,30009199,79881,40097145,2,-9016739937.2851,8126370046.80424,49818969090.3728
50004915,30009261,50004916,30009275,79881,40097666,3,7109988878.06973,-943799828.149298,9170897894.84909
50004916,30009275,50004915,30009261,79787,40097779,5,-1210565106491.9,420433578712.48,2577267387646.18
50004917,30009200,50004918,30009268,79787,40097095,4,3456350510.9659,-2750114380.96338,-15813013768.6927
50004918,30009268,50004917,30009200,79787,40097730,4,-274222583281.315,69314359050.1284,334363609894.679
50004919,30009258,50004920,30009259,79787,40097658,5,31920097116.1482,-6746287303.40425,38963313313.7196
50004920,30009259,50004919,30009258,79787,40097661,4,-61561520879.5044,549434597.320296,93224917139.0033
50004921,30009265,50004922,30009267,79787,40097697,5,96208224342.7197,32150429993.4425,-176848542280.664
50004922,30009267,50004921,30009265,79881,40097721,5,-468844962083.286,-68341404395.3052,211375354496.103
50004923,30009186,50004924,30009202,79881,40096920,5,-67656996530.9725,1582579434.03263,-18374776220.6791
50004924,30009202,50004923,30009186,79787,40097117,4,-2557389845205.08,-45263008289.9064,-276949155185.205
50004925,30009264,50004926,30009270,79787,40097691,2,1450752225007.48,-95509501877.2165,-607615945547.68
50004926,30009270,50004925,30009264,79787,40097736,2,-19317681789.6961,-546647745.567429,31328321016.8298
50004927,30009301,50004928,30009314,79787,40097987,5,84709850601.5199,17076156303.9842,-284619934718.346
50004928,30009314,50004927,30009301,79881,40098117,5,-501780844670.314,-22401487006.5309,-180927207707.487
50004929,30009198,50004930,30009203,79787,40097084,2,-66098011641.5765,10433055957.5362,-63686861331.1428
50004930,30009203,50004929,30009198,79881,40097131,5,-561769868917.963,47996894491.9327,-1303528348194.66
50004931,30009238,50004932,30009239,79881,40097446,2,1274654448837.07,251236852605.536,-958757459984.083
50004932,30009239,50004931,30009238,79787,40097457,5,-1305157840451.2,202724102479.837,318142722972.95
50004933,30009293,50004934,30009296,79881,40097914,4,-958536440350.476,119088612324.797,-1452903156117.01
50004934,30009296,50004933,30009293,79881,40097944,3,-3430350951491.53,-317821618957.803,-1595650662063.09
50004935,30009186,50004936,30009196,79787,40096920,2,-18136924804.5608,763118419.637042,-68645586896.7836
50004936,30009196,50004935,30009186,79787,40097066,2,-1358929699537.16,139303678431.2,375286390906.726
50004937,30009259,50004938,30009275,79881,40097661,5,110801798979.546,-12815313807.6036,6303727616.05062
50004938,30009275,50004937,30009259,79881,40097779,3,2865938766578.29,25016984456.5238,-265157680073.048
50004939,30009293,50004940,30009300,79787,40097914,2,-1785738405788.24,-137930810230.28,90085130123.3978
50004940,30009300,50004939,30009293,79881,40097982,3,-16666708099.6147,-6274086747.84265,-25337624061.2584
50004941,30009200,50004942,30009202,79881,40097095,3,11828326563.1842,-1219865974.07297,11320932387.9207
50004942,30009202,50004941,30009200,79881,40097117,2,-1758590366043.51,780647488495.191,2274374513430.07
50004943,30009263,50004944,30009272,79787,40097685,5,19390110920.1257,4212495029.18923,-29693753159.6952
50004944,30009272,50004943,30009263,79881,40097750,4,-167405540361.95,174110735127.713,2006701629001.84
50004945,30009270,50004946,30009274,79881,40097736,3,19295291010.8396,546014135.959577,-31292008921.2342
50004946,30009274,50004945,30009270,79787,40097770,3,-4796390439.44132,-8944702.19822899,5018935511.36977
50004947,30009263,50004948,30009271,79787,40097685,2,35525104303.8206,3492799860.08784,2186852697.63495
50004948,30009271,50004947,30009263,79881,40097739,3,666345649564.658,50819070765.5959,1259477193246.74
50004949,30009300,50004950,30009301,79881,40097982,4,-13176876363.3024,-1568162436.66903,27983018285.1197
50004950,30009301,50004949,30009300,79881,40097987,3,-289193385270.714,2904956015.88145,69531347522.7933
50004951,30009263,50004952,30009266,79881,40097685,3,-35475427795.2448,-3487915705.47089,-2183794713.45962
50004952,30009266,50004951,30009263,79881,40097716,5,-1744804505639.09,922270520580.014,-1995260031753.04
50004953,30009269,50004954,30009273,79787,40097734,5,156907395076.812,-1561245747.2131,98612027738.9646
50004954,30009273,50004953,30009269,79787,40097761,4,-614113247540.354,189914428261.141,3104130188131.65
50004955,30009295,50004956,30009302,79881,40097935,2,770820870788.813,182843583789.197,-583086275942.887
50004956,30009302,50004955,30009295,79787,40097994,5,76064855714.864,-62691247753.8054,-824756036774.145
50004957,30009258,50004958,30009276,79787,40097658,4,-49816922240.4014,5223185962.31914,8575392910.20042
50004958,30009276,50004957,30009258,79881,40097782,2,13713577872.1202,16374260542.8499,-103278870449.086
50004959,30009269,50004960,30009272,79787,40097734,2,-7009879076.60521,-1295505395.52878,186707868006.579
50004960,30009272,50004959,30009269,79787,40097750,2,1653890154720.19,291382477632.173,1132877378417.87
50004961,30009187,50004962,30009202,79787,40096924,3,-1315902970.43179,-2147312692.74545,-29359339813.6059
50004962,30009202,50004961,30009187,79787,40097117,5,1038659714337.51,719435280159.619,2241113845905.49
50004963,30009187,50004964,30009238,79787,40096924,2,1420666759.76634,2318268013.64147,31696742920.3295
50004964,30009238,50004963,30009187,79881,40097446,3,-1254637661814.68,-247291505240.711,943701423502.867
50004965,30009295,50004966,30009301,79787,40097935,5,-73805249927.0411,-137647174624.889,-966765563140.608
50004966,30009301,50004965,30009295,79787,40097987,4,204483534669.194,-19981112319.8656,215088587195.552
50004967,30009305,50004968,30009314,79787,40098039,5,1310494829513.84,149438499405.285,-978878803826.272
50004968,30009314,50004967,30009305,79787,40098117,2,-93530041312.2334,-32413106631.2311,-525411725469.807
50004969,30009359,50004970,30009360,79787,40098531,2,-12352478760.9265,43088753108.4461,-220954775835.181
50004970,30009360,50004969,30009359,79881,40098539,5,-1384379111111.85,10986387239.7746,-690436123902.034
50004971,30009337,50004972,30009341,79787,40098321,4,56041761190.0436,1476952283.04594,-222967963357.702
50004972,30009341,50004971,30009337,79787,40098364,3,-23230321412.0565,-218247744.526487,23712428376.2943
50004973,30009330,50004974,30009345,79881,40098261,5,-824761878449.525,269409577353.977,1226771610093.29
50004974,30009345,50004973,30009330,79881,40098400,4,-526660059020.379,59346158734.3274,1185867929.89534
50004975,30009339,50004976,30009341,79881,40098344,4,2141809070020.18,-756840276756.377,-1143793808888.1
50004976,30009341,50004975,30009339,79881,40098364,5,-8439248506.83712,6481811242.36918,-31444235276.8274
50004977,30009338,50004978,30009342,79881,40098324,4,-365282661772.148,-112812011925.263,-48270044565.1832
50004978,30009342,50004977,30009338,79787,40098367,2,-34730696183.516,-462537626.207766,133209802.791075
50004979,30009349,50004980,30009351,79787,40098439,3,-921022573609.544,214230550766.799,-759992892416.56
50004980,30009351,50004979,30009349,79881,40098456,4,-146735190685.474,9790307768.68574,62123499061.3419
50004981,30009353,50004982,30009360,79881,40098463,5,2228273078272.66,236959640988.871,1628842947633.18
50004982,30009360,50004981,30009353,79787,40098539,2,-105481538996.966,280642341839.414,-1522484780898.4
50004983,30009357,50004984,30009358,79881,40098514,5,-123819254929.704,22685296374.8853,-171737054614.958
50004984,30009358,50004983,30009357,79787,40098521,3,-21162867392.5091,4754850034.63474,-35220995414.4549
50004985,30009358,50004986,30009359,79787,40098521,2,21240806555.4952,-4772361321.02853,35350708219.9659
50004986,30009359,50004985,30009358,79881,40098531,5,-200963308799.359,20782554732.5688,-99641761276.6143
50004987,30009353,50004988,30009362,79881,40098463,2,-302212161643.532,672615444608.663,2676127146785.81
50004988,30009362,50004987,30009353,79787,40098551,4,-282324055874.508,7260172727.03397,115308178070.371
50004989,30009332,50004990,30009345,79881,40098276,3,-431639018649.133,20820883746.0734,-342236739781.684
50004990,30009345,50004989,30009332,79881,40098400,2,-312112736245.013,-32816331506.4676,529267660891.677
50004991,30009360,50004992,30009361,79787,40098539,4,1279216053649.18,268808608187.474,-827451802479.638
50004992,30009361,50004991,30009360,79881,40098544,4,-19765885317.9168,1526773541.42879,30214852963.3223
50004993,30009332,50004994,30009354,79787,40098276,4,-81012650842.547,-20641909204.554,544869341828.484
50004994,30009354,50004993,30009332,79881,40098466,2,-229129946243.088,-3187958554.84453,-24086489343.9635
50004995,30009330,50004996,30009335,79787,40098261,3,1491017722907.3,181247778910.959,42398731828.8168
50004996,30009335,50004995,30009330,79787,40098312,4,-2534161299737.48,784265438960.446,1794440769301.39
50004997,30009334,50004998,30009335,79881,40098288,4,1086553408218.19,333505593395.799,3630812927382.62
50004998,30009335,50004997,30009334,79787,40098312,3,-344417501267.091,-435173563514.802,-3154213689781.45
50004999,30009332,50005000,30009356,79881,40098276,2,432193944225.32,-20847651578.4757,342676727622.936
50005000,30009356,50004999,30009332,79881,40098505,2,-1441732487612.11,-198471853139.181,493868590206.689
50005001,30009354,50005002,30009356,79881,40098466,5,-127576122068.078,-14399323875.6912,175489287625.834
50005002,30009356,50005001,30009354,79881,40098505,4,-1158316501207.5,-19007719493.4559,-1003923386853.02
50005003,30009345,50005004,30009346,79787,40098400,5,257826390415.003,-87612018356.6926,454690968957.657
50005004,30009346,50005003,30009345,79881,40098422,2,-855650002133.742,-61100050511.5618,-161677509516.347
50005005,30009357,50005006,30009360,79881,40098514,3,-87994510949.3721,-18172254583.0002,193044507036.423
50005006,30009360,50005005,30009357,79787,40098539,3,105163057462.666,-279794995427.249,1517887926381.67
50005007,30009341,50005008,30009362,79787,40098364,2,23365800253.0765,219520561.676073,-23850718856.9642
50005008,30009362,50005007,30009341,79787,40098551,2,-45887857486.8877,41739391248.9839,332750329828.474
50005009,30009332,50005010,30009335,79881,40098276,5,512651669491.68,-178974541.519394,-202632602046.8
50005010,30009335,50005009,30009332,79787,40098312,2,344749739474.143,435593348467.561,3157256364143.51
50005011,30009348,50005012,30009361,79787,40098436,5,-62427916549.23,-46404171078.3488,249828831132.918
50005012,30009361,50005011,30009348,79881,40098544,3,-16137224917.0432,2036740003.3107,-32270733824.6081
50005013,30009359,50005014,30009361,79787,40098531,3,12342317712.3316,-43053308650.479,220773020233.086
50005014,30009361,50005013,30009359,79881,40098544,2,16199939908.2863,-2044655498.82674,32396149365.3609
50005015,30009355,50005016,30009357,79881,40098485,3,1243069442546.65,3722696006.00169,-760992247773.887
50005016,30009357,50005015,30009355,79787,40098514,2,89528516509.1671,18489050929.3129,-196409845895.482
50005017,30009333,50005018,30009344,79881,40098278,4,-59765556613.2,-5282499955.10543,-80656185327.9112
50005018,30009344,50005017,30009333,79881,40098395,5,-555808878103.168,-73434757926.3292,85775113362.5566
50005019,30009346,50005020,30009356,79881,40098422,3,851626568864.629,60812746151.8824,160917270319.207
50005020,30009356,50005019,30009346,79787,40098505,5,-279758242943.793,-178960601174.053,1496539009104.93
50005021,30009357,50005022,30009359,79881,40098514,4,211813765879.076,-4513041791.88511,-21307452421.4657
50005022,30009359,50005021,30009357,79787,40098531,4,188620991087.027,22270753917.9102,-121131258956.472
50005023,30009353,50005024,30009354,79787,40098463,4,-2529878274431.5,434304917020.379,1041909442551.52
50005024,30009354,50005023,30009353,79787,40098466,4,-88650130914.0266,11390898550.7667,-198219321057.663
50005025,30009348,50005026,30009349,79881,40098436,4,-188832535127.567,35424070254.9216,-177630080918.905
50005026,30009349,50005025,30009348,79787,40098439,4,-173557348953.671,70889599417.0474,1198590429555.71
50005027,30009344,50005028,30009345,79787,40098395,2,-363274198137.804,-25593663302.3839,-453350126809.528
50005028,30009345,50005027,30009344,79881,40098400,3,268833668605.376,28265859622.3653,-455876836887.552
50005029,30009337,50005030,30009339,79787,40098321,3,164501578189.75,-16448470316.4686,159769370238.915
50005030,30009339,50005029,30009337,79881,40098344,5,-2056000291529.43,555783547555.112,-1390102522726.3
50005031,30009346,50005032,30009351,79881,40098422,5,-565296731577.001,-33545130174.7839,658919342778.442
50005032,30009351,50005031,30009346,79881,40098456,2,-21482591944.2867,-16979345869.4537,158097383039.771
50005033,30009353,50005034,30009356,79787,40098463,3,301605196158.846,-671264558009.249,-2670752390184.69
50005034,30009356,50005033,30009353,79787,40098505,3,1438074744151.29,197968320667.509,-492615622251.915
50005035,30009354,50005036,30009355,79787,40098466,3,216226252982.105,3008425324.92443,22730033431.8293
50005036,30009355,50005035,30009354,79881,40098485,4,-1280026536112.93,55176420857.4138,-694861373267.246
50005037,30009539,50005038,30009540,79787,40100225,3,-127386282261.771,27005560423.4186,-107997892244.332
50005038,30009540,50005037,30009539,79881,40100242,3,-1458237203120.82,139301061665.076,1124725885040.79
50005039,30009530,50005040,30009537,79881,40100156,5,-291615917295.376,35425630467.7784,-164591164122.087
50005040,30009537,50005039,30009530,79787,40100206,5,-97163551132.8922,-15831668778.1552,-134096535231.315
50005041,30009548,50005042,30009552,79787,40100327,5,-17826979079.619,5624516269.13481,-56889664658.5829
50005042,30009552,50005041,30009548,79881,40100366,3,-1588759263107.43,-76079937497.8963,-2658677615150.29
50005043,30009535,50005044,30009545,79881,40100187,5,522788593996.768,30908711382.6373,338572013311.997
50005044,30009545,50005043,30009535,79787,40100320,3,-298124376227.374,12908736815.1895,101131203860.96
50005045,30009536,50005046,30009571,79881,40100196,3,784051081893.249,-68105909056.2445,-3477779717.13272
50005046,30009571,50005045,30009536,79881,40100555,2,-1606048960821.52,108499466789.744,-325818163467.749
50005047,30009543,50005048,30009562,79881,40100284,3,726844384247.771,238361481216.592,172445896639.648
50005048,30009562,50005047,30009543,79881,40100435,2,-697524417565.35,-34373981935.0582,-116841393925.412
50005049,30009544,50005050,30009545,79881,40100308,2,742665281323.431,321141796564.66,605626799405.436
50005050,30009545,50005049,30009544,79787,40100320,5,61089999756.9391,-15980856447.7274,-308682561441.987
50005051,30009537,50005052,30009539,79881,40100206,4,159446885034.716,-46943089741.0883,-6805537773.39024
50005052,30009539,50005051,30009537,79787,40100225,4,-26848309038.8002,10190685499.7561,166719609411.367
50005053,30009548,50005054,30009551,79787,40100327,4,58418066847.3479,-677872535.118222,13143069123.225
50005054,30009551,50005053,30009548,79881,40100354,5,-516910554300.547,-48791894098.8467,251280607307.414
50005055,30009551,50005056,30009552,79787,40100354,4,55520018390.2386,-94842228635.5354,-566252234354.291
50005056,30009552,50005055,30009551,79881,40100366,4,-1498620064689.17,332096285455.964,2691163460884.15
50005057,30009535,50005058,30009537,79881,40100187,4,-553898832971.623,-35990722252.9988,284244650600.452
50005058,30009537,50005057,30009535,79787,40100206,3,-62283333901.8236,62774758519.2435,140902073004.706
50005059,30009538,50005060,30009554,79881,40100214,2,875025590583.787,19968649083.6751,1081544653265.24
50005060,30009554,50005059,30009538,79881,40100374,4,-11749752385.2832,-1180031954.10721,12732973273.5797
50005061,30009538,50005062,30009547,79881,40100214,3,-873284387543.034,-19928913705.7863,-1079392500391.95
50005062,30009547,50005061,30009538,79787,40100324,4,-33877426732.6968,4827633808.61399,-12916656125.0446
50005063,30009549,50005064,30009550,79787,40100341,3,-768386673353.886,-13920298614.2526,3239024692785.56
50005064,30009550,50005063,30009549,79881,40100351,4,-606725079729.974,-13029862373.742,198140219186.889
50005065,30009542,50005066,30009544,79787,40100274,3,-343776169375.384,-738256058011.545,-3110716348517.31
50005066,30009544,50005065,30009542,79881,40100308,3,-738744832275.349,-319446524034.352,-602429761562.235
50005067,30009534,50005068,30009549,79787,40100182,2,343080865517.396,93251394089.3695,686208070943.544
50005068,30009549,50005067,30009534,79787,40100341,5,-2396651627855.09,388121168240.508,-2277567945954.44
50005069,30009538,50005070,30009540,79881,40100214,5,1371580872923.09,-1534634183.56739,-216505212315.412
50005070,30009540,50005069,30009538,79881,40100242,5,-239624628702.787,32060916201.0229,-1830961763063.02
50005071,30009547,50005072,30009552,79881,40100324,2,-28024940840.7412,7709013973.66225,23480446162.751
50005072,30009552,50005071,30009547,79787,40100366,2,1593651437274.85,76314206032.8021,2666864326787.71
50005073,30009536,50005074,30009540,79787,40100196,2,-883363744680.586,76732616341.1772,3918296377.68274
50005074,30009540,50005073,30009536,79787,40100242,2,1461933615421.92,-139654168935.137,-1127576896239.74
50005075,30009549,50005076,30009552,79881,40100341,2,868399507328.191,15732157880.5036,-3660614564229.15
50005076,30009552,50005075,30009549,79787,40100366,5,3087379327796.59,-256016347958.067,-32485845733.8598
50005077,30009535,50005078,30009571,79787,40100187,2,-32106507260.2392,-5244756205.11161,642761624488.486
50005078,30009571,50005077,30009535,79881,40100555,5,-1054347053100.07,38513710601.9315,1194066559604.47
50005079,30009544,50005080,30009546,79881,40100308,4,-132526186394.901,9146168722.28513,996526358941.108
50005080,30009546,50005079,30009544,79881,40100322,2,-3578476101.50297,197173170.516788,-398298878.251652
50005081,30009542,50005082,30009548,79881,40100274,2,346530703091.207,744171392999.42,3135641209009.88
50005082,30009548,50005081,30009542,79787,40100327,3,-40591087767.7289,-4946643734.01658,43746595535.3579
50005083,30009530,50005084,30009549,79881,40100156,3,7227802766.72031,20404795394.2102,336030464412.399
50005084,30009549,50005083,30009530,79881,40100341,4,3165038301208.98,-374200869626.255,-961456746831.124
50005085,30009531,50005086,30009532,79881,40100166,2,-365844731109.815,309458901091.598,-1101302616624.65
50005086,30009532,50005085,30009531,79787,40100173,5,-531514689082.58,43880312095.2874,169180173257.952
50005087,30009537,50005088,30009545,79881,40100206,2,62525593150.2805,-63018929228.6166,-141450130216.382
50005088,30009545,50005087,30009537,79881,40100320,4,237034376470.435,3072119632.53793,207551357581.027
50005089,30009534,50005090,30009546,79881,40100182,5,749699925187.278,-103286526693.419,67041871135.6966
50005090,30009546,50005089,30009534,79787,40100322,5,-2129685299.10747,-34271071.949831,2884748423.57135
50005091,30009539,50005092,30009545,79881,40100225,2,134214954080.39,-28453221083.0685,113787229605.82
50005092,30009545,50005091,30009539,79787,40100320,2,298550960244.176,-12927207833.4676,-101275911770.165
50005093,30009539,50005094,30009554,79787,40100225,5,154234591300.571,-37196245923.1747,-58721717167.0355
50005094,30009554,50005093,30009539,79881,40100374,3,-5184056885.60155,2317140933.9707,-16411403870.8711
50005095,30009531,50005096,30009534,79787,40100166,5,-1129772971894.04,216187905825.442,-200636929020.139
50005096,30009534,50005095,30009531,79881,40100182,4,-412432197110.613,194957875887.064,607539139746.316
50005097,30009530,50005098,30009535,79881,40100156,4,284388114528.656,-55830425861.9886,-171439300290.313
50005098,30009535,50005097,30009530,79787,40100187,3,31110238974.8553,5082010870.36154,-622816663912.449
50005099,30009800,50005100,30009801,79787,40102849,5,-346905838419.217,-141881231919.316,-1237475652414.16
50005100,30009801,50005099,30009800,79787,40102851,4,-65880866019.3661,-4695085499.13783,9634327618.17763
50005101,30009786,50005102,30009790,79787,40102748,5,1068116361548.75,-72296461881.7549,1341979516632.37
50005102,30009790,50005101,30009786,79881,40102777,5,-7076233972499.34,185364516573.965,776265135409.415
50005103,30009796,50005104,30009797,79787,40102829,4,1525099798925.5,-6416388983.07174,-796113667207.288
50005104,30009797,50005103,30009796,79787,40102839,5,-917677464295.351,244543305567.426,314135264557.571
50005105,30009782,50005106,30009783,79787,40102691,5,1949411295464.76,-178770317445.761,1658271538021.33
50005106,30009783,50005105,30009782,79881,40102704,3,-2103856646831.89,38428974273.5488,316851948434.012
50005107,30009783,50005108,30009788,79787,40102704,5,779021306748.83,54636482475.8137,-1979450780424.43
50005108,30009788,50005107,30009783,79787,40102762,5,-42990529581.2354,4522134205.15425,-5477568220.97792
50005109,30009799,50005110,30009800,79787,40102845,4,40816125840.6239,-13876215896.4076,84118566198.4441
50005110,30009800,50005109,30009799,79787,40102849,3,-901992782127.063,18627083216.0614,926219189921.949
50005111,30009791,50005112,30009792,79881,40102791,3,810526382787.376,-56111441264.636,-489898421010.8
50005112,30009792,50005111,30009791,79787,40102798,4,-1163130359645.15,50287473802.0868,1462148630080.65
50005113,30009779,50005114,30009802,79881,40102665,4,29781622457.3449,13085327267.7313,-105122564533.735
50005114,30009802,50005113,30009779,79787,40102856,2,-279491291891.281,10577523872.7999,-81188522017.2578
50005115,30009802,50005116,30009804,79881,40102856,3,278321130450.938,-10533238376.5095,80848605602.617
50005116,30009804,50005115,30009802,79787,40102867,4,-616380166510.994,-130771298231.251,-326914207062.344
50005117,30009775,50005118,30009789,79787,40102641,4,1615412101388.17,35881060507.4426,-531771424364.999
50005118,30009789,50005117,30009775,79787,40102764,3,-2145164689.00803,212705161.669937,6487711.79568759
50005119,30009775,50005120,30009798,79881,40102641,3,-356288785319.447,196604517503.227,1651674762396.82
50005120,30009798,50005119,30009775,79881,40102841,3,-4554535526.18354,71789530.3325543,-6363426042.55083
50005121,30009792,50005122,30009793,79787,40102798,5,1836185811566.82,234781322534.396,258029215373.179
50005122,30009793,50005121,30009792,79881,40102809,3,-123732301061.717,-6469834750.06507,15475601818.8018
50005123,30009779,50005124,30009783,79787,40102665,5,-105515820493.099,-18103767452.8935,25447782412.7035
50005124,30009783,50005123,30009779,79787,40102704,4,1324835340083.06,-93065456749.3625,1662598831990.42
50005125,30009778,50005126,30009791,79787,40102663,3,33674100405.8919,1368132879.33866,17035717625.7361
50005126,30009791,50005125,30009778,79881,40102791,4,-826522220585.809,83102694337.8725,-458319686480.678
50005127,30009794,50005128,30009802,79787,40102817,4,90883626926.5615,-2808607959.06099,-1593937850.33904
50005128,30009802,50005127,30009794,79787,40102856,5,-208234853481.934,26443150275.3311,200122720831.359
50005129,30009778,50005130,30009794,79881,40102663,4,-2114783270.09812,348853386.504241,-37701969362.0992
50005130,30009794,50005129,30009778,79881,40102817,5,-46807333032.0708,1906081432.94078,-77946795879.3732
50005131,30009774,50005132,30009775,79787,40102627,2,1801877595374.43,691531571270.506,1491659151533.06
50005132,30009775,50005131,30009774,79787,40102641,5,-1259123316068.73,-232485578010.67,-1119903338031.82
50005133,30009784,50005134,30009785,79787,40102725,4,125160562674.752,13280750061.62,694368549951.199
50005134,30009785,50005133,30009784,79881,40102732,2,-61990305348.7156,1199109753.78636,-33914158264.8962
50005135,30009774,50005136,30009778,79881,40102627,5,2009814446302.34,860986610866.971,-895178889816.329
50005136,30009778,50005135,30009774,79787,40102663,2,-34979887379.1535,-1421185227.28554,-17696314876.6714
50005137,30009784,50005138,30009788,79787,40102725,5,513344465981.78,167495478315.843,-454325821324.541
50005138,30009788,50005137,30009784,79787,40102762,2,-17041044146.6753,-161494911.137778,-40254711955.5579
50005139,30009785,50005140,30009790,79881,40102732,5,-60275048390.8256,2120239590.71265,36693199794.2394
50005140,30009790,50005139,30009785,79881,40102777,2,-4543622574238.49,74839319483.6786,-6195282878015.6
50005141,30009782,50005142,30009803,79881,40102691,4,-2403588940078.42,233575376140.189,866158455417.102
50005142,30009803,50005141,30009782,79881,40102862,2,-4982833570110.82,79509807267.3388,2429730471607.21
50005143,30009786,50005144,30009788,79881,40102748,4,-1697798103109.76,-36110089339.0036,251368307060.48
50005144,30009788,50005143,30009786,79881,40102762,3,16986441024.902,160977447.171208,40125727315.8879
50005145,30009794,50005146,30009795,79881,40102817,3,-44076293894.4907,902526526.120207,79540733729.7122
50005146,30009795,50005145,30009794,79881,40102822,5,-480001586293.387,108896187097.169,47954244245.3441
50005147,30009795,50005148,30009797,79881,40102822,4,209220224619.358,-3364769217.86667,-448079332136.562
50005148,30009797,50005147,30009795,79881,40102839,2,-733583258382.443,150570474855.489,-665310155241.172
50005149,30009794,50005150,30009798,79881,40102817,2,44158544068.6494,-904210718.628178,-79689163613.9861
50005150,30009798,50005149,30009794,79787,40102841,4,-3221701269.30543,-532255033.904078,7111925485.06991
50005151,30009796,50005152,30009798,79881,40102829,3,-75079262986.0295,-99756288344.773,1715861103076.11
50005152,30009798,50005151,30009796,79881,40102841,2,4883901140.60351,-76981059.2230351,6823603313.37717
50005153,30009778,50005154,30009790,79881,40102663,5,-31559317135.7938,-1716986265.84291,20666251736.3631
50005154,30009790,50005153,30009778,79881,40102777,4,2865025031678.95,-116000478037.511,-6518298110316.74
50005155,30009783,50005156,30009786,79787,40102704,2,2112841497515.32,-38593091251.9015,-318205114511.045
50005156,30009786,50005155,30009783,79881,40102748,2,-639958098758.375,-110175737730.944,1619351136628.89
50005157,30009784,50005158,30009787,79787,40102725,2,639497456120.493,181057208613.83,240415826700.63
50005158,30009787,50005157,30009784,79787,40102757,2,-5131539806441.84,-974612303742.556,2025960029953.34
50005159,30009785,50005160,30009789,79787,40102732,4,-1650444086.66564,-922383544.995948,-70571899708.6735
50005160,30009789,50005159,30009785,79787,40102764,4,1061559966.70042,-274225116.35735,1856046373.83609
50005161,30009782,50005162,30009802,79881,40102691,2,-469868394632.85,56698442232.6973,2611643004553.68
50005162,30009802,50005161,30009782,79787,40102856,4,-70086276969.0046,-15909911898.8216,-280971326433.976
50005163,30009801,50005164,30009803,79787,40102851,2,-27262041649.4642,3217079475.80395,67471108057.1655
50005164,30009803,50005163,30009801,79787,40102862,4,-4546929675012.96,220103378916.327,-3068473024580.9
50005165,30009785,50005166,30009792,79881,40102732,3,61925492477.4912,-1197856045.7167,33878699914.4341
50005166,30009792,50005165,30009785,79787,40102798,3,-673055451921.662,-285068796336.483,-1720177845453.83
50005167,30009774,50005168,30009798,79787,40102627,3,-1745262155626.79,-669803478248.339,-1444790852024.58
50005168,30009798,50005167,30009774,79881,40102841,5,7776236795.48897,460465503.571523,-748499442.519089
50005169,30009807,50005170,30009810,79787,40102902,5,4559323948507.85,-1414178291424.36,3192382498550.64
50005170,30009810,50005169,30009807,79881,40102925,5,-580397767066.368,146229962343.897,-366541282736.186
50005171,30009824,50005172,30009826,79787,40103089,3,848437251264.797,131414456419.762,-54933844668.0524
50005172,30009826,50005171,30009824,79881,40103114,5,-2871247830173.86,360308159859.154,-1301010965499.29
50005173,30009833,50005174,30009838,79881,40103199,2,284070441611.727,-7289156706.11531,-501851532500.523
50005174,30009838,50005173,30009833,79881,40103281,3,-321679197035.831,-10887779961.102,156922137497.563
50005175,30009835,50005176,30009837,79881,40103231,5,-461855663576.813,836714682016.276,-3662529943008.52
50005176,30009837,50005175,30009835,79787,40103270,3,-3204297371110.12,164379789843.659,-1410736415747.27
50005177,30009806,50005178,30009813,79787,40102887,2,1057959137532.05,128647003459.393,-3395731954460.42
50005178,30009813,50005177,30009806,79881,40102965,3,-4626527179539.19,2552468876637.51,-2520482420890.81
50005179,30009805,50005180,30009825,79787,40102871,4,129833369068.224,-10785415620.3908,-94141277182.1435
50005180,30009825,50005179,30009805,79787,40103102,5,-1964137120653.4,752562600915.669,-1729628778255.54
50005181,30009827,50005182,30009831,79787,40103143,3,55035218480.128,-104934053044.785,594341757286.783
50005182,30009831,50005181,30009827,79787,40103183,5,-187141343248.821,10110712251.7636,10690487592.9789
50005183,30009812,50005184,30009815,79881,40102936,4,1612003929106.67,-179836561455.012,-3717383076828.67
50005184,30009815,50005183,30009812,79881,40102986,3,-869344011461.859,17292150367.5036,283891416251.975
50005185,30009805,50005186,30009809,79881,40102871,5,-146942088077.275,-3267393851.22675,-65061170233.1497
50005186,30009809,50005185,30009805,79787,40102918,5,-23928302861.9023,-1342732546.47469,-2662623411.87273
50005187,30009822,50005188,30009825,79787,40103070,3,481125569030.861,74466485657.6235,948174959221.275
50005188,30009825,50005187,30009822,79787,40103102,3,-498566456550.289,-77873415036.9691,2676035879286.51
50005189,30009823,50005190,30009824,79881,40103075,3,-1975351430669.72,273099909446.943,724208118141.73
50005190,30009824,50005189,30009823,79881,40103089,2,-852017203017.16,-131968955191.291,55165636133.1139
50005191,30009824,50005192,30009825,79881,40103089,4,-475671449096.443,-44088565766.9717,-715490130514.029
50005192,30009825,50005191,30009824,79787,40103102,2,500139720166.741,78119150402.7501,-2684480309973.51
50005193,30009806,50005194,30009810,79881,40102887,5,-2070522352739.98,-15475872534.9111,-2246862118371.83
50005194,30009810,50005193,30009806,79787,40102925,3,-45036262552.5145,-145996156260.636,685021269206.317
50005195,30009823,50005196,30009826,79787,40103075,4,1577293166520.5,-423292726858.145,1354268720678.42
50005196,30009826,50005195,30009823,79787,40103114,2,-321021518406.268,156162446954.001,-3320669683393.79
50005197,30009830,50005198,30009831,79881,40103179,3,-20711581380.7346,9735397638.93434,-100760485429.304
50005198,30009831,50005197,30009830,79787,40103183,2,-109911590482.651,29821211424.902,-168277633236.08
50005199,30009821,50005200,30009837,79881,40103060,3,5485243887667.26,-2733354765931.28,1527885644092.67
50005200,30009837,50005199,30009821,79787,40103270,4,378866618450.479,-716274921172.936,3410004386397.52
50005201,30009806,50005202,30009821,79787,40102887,4,2978778386723.23,125919095718.772,-668367712359.663
50005202,30009821,50005201,30009806,79881,40103060,2,-5525186503651.25,2753258591905.01,-1539011448304.71
50005203,30009805,50005204,30009806,79787,40102871,2,-17227572666.2629,-14150433834.8985,-160308421106.396
50005204,30009806,50005203,30009805,79787,40102887,3,-908256033983.247,-110443223183.861,2915229830731.49
50005205,30009821,50005206,30009825,79881,40103060,5,-3493782179566.53,2782619757923.88,4465879162002.68
50005206,30009825,50005205,30009821,79787,40103102,4,2462703577203.69,-674689185878.7,-946407101030.965
50005207,30009824,50005208,30009827,79787,40103089,5,-372765802168.355,-87325890652.7905,770423975182.081
50005208,30009827,50005207,30009824,79881,40103143,5,-542659248288.007,-43140223072.2259,-266349425787.021
50005209,30009826,50005210,30009833,79787,40103114,4,2566280870420.53,-211955529444.732,-1853589208087.93
50005210,30009833,50005209,30009826,79787,40103199,5,-275493607679.084,6829012127.02796,-468210458386.507
50005211,30009817,50005212,30009830,79881,40103006,4,-154810690714.788,-500599387.08901,48445898775.6366
50005212,30009830,50005211,30009817,79787,40103179,4,-77194330538.8264,-1982890279.63438,68655127071.6855
50005213,30009808,50005214,30009812,79881,40102911,2,11377047224.4183,3285855170.72339,-30909237525.369
50005214,30009812,50005213,30009808,79881,40102936,5,-4028537222076.73,-43962188918.9532,467749903764.078
50005215,30009815,50005216,30009817,79881,40102986,2,875416661625.267,-17412941651.9323,-285874489963.375
50005216,30009817,50005215,30009815,79787,40103006,2,-37944402471.6622,1999653987.92754,169365997632.548
50005217,30009835,50005218,30009838,79881,40103231,2,3051545229646.46,475672904133.842,-2250946371086.02
50005218,30009838,50005217,30009835,79787,40103281,5,24883841064.2123,5237796402.30394,-357174980559.447
50005219,30009810,50005220,30009813,79881,40102925,4,625434029618.882,-233806083.261085,-318479986470.13
50005220,30009813,50005219,30009810,79881,40102965,4,-385263165531.706,-1987798213970.38,5492987647633.86
50005221,30009809,50005222,30009823,79881,40102918,2,-10239577160.1189,6401640695.7594,-21034225918.1956
50005222,30009823,50005221,30009809,79787,40103075,5,398058264149.226,150192817411.202,-2078476838820.15
50005223,30009808,50005224,30009809,79881,40102911,4,29607472218.8638,-1029645702.30567,-5328729854.49734
50005224,30009809,50005223,30009808,79787,40102918,3,10180114906.0565,-6364465724.61411,20912078053.4942
50005225,30009822,50005226,30009835,79881,40103070,5,-1060573045596.77,81921486955.0944,-67353610774.7139
50005226,30009835,50005225,30009822,79881,40103231,3,-3022423827145.45,-471133478676.361,2229465216343.9
50005227,30009879,50005228,30009881,79881,40103707,3,3769893352222.7,-812621712262.382,-953849965580.321
50005228,30009881,50005227,30009879,79787,40103734,2,-601490389471.207,-25548502783.1663,66334940991.6648
50005229,30009847,50005230,30009855,79787,40103408,5,1190277440643.92,21330111868.4589,358451532424.59
50005230,30009855,50005229,30009847,79787,40103470,3,-17113480280.9435,411571387.164761,5386519376.06038
50005231,30009855,50005232,30009877,79787,40103470,5,3895116920.98576,-17341978.9560479,-17518075029.7875
50005232,30009877,50005231,30009855,79787,40103669,3,-1843762812162.31,530920530287.396,1122111023632.76
50005233,30009849,50005234,30009882,79881,40103417,4,-7617134690797.99,-587486767747.098,4478863039035.96
50005234,30009882,50005233,30009849,79881,40103738,5,-74435260586.9223,-3312378986.28941,-6101210402.00137
50005235,30009869,50005236,30009881,79787,40103590,3,-1640750188.89904,91264532.6567817,-443523058.077304
50005236,30009881,50005235,30009869,79787,40103734,4,-358456870338.177,15868967757.6761,-486061455947.769
50005237,30009852,50005238,30009874,79787,40103442,4,5302120421.00061,232802732.635276,25049895718.5
50005238,30009874,50005237,30009852,79881,40103622,3,-1095216711681.74,13832283547.7595,-1154435250146.58
50005239,30009840,50005240,30009854,79881,40103297,3,421508196932.584,25023454583.3057,440932506742.939
50005240,30009854,50005239,30009840,79881,40103464,4,-88601662631.3964,-4241533951.56974,145082341950.306
50005241,30009853,50005242,30009866,79787,40103454,2,-2198553515362.43,-516111343901.661,3482299205020.27
50005242,30009866,50005241,30009853,79881,40103552,5,-4453606000830.85,551628366840.108,-954266674908.657
50005243,30009864,50005244,30009866,79881,40103521,2,219104520131.656,41152724916.144,471027104864.136
50005244,30009866,50005243,30009864,79787,40103552,2,-1491807920008.38,-416585447473.922,-4327314962012.52
50005245,30009880,50005246,30009883,79881,40103728,2,-419977175358.116,-90355343261.9723,-608222795905.815
50005246,30009883,50005245,30009880,79881,40103752,5,-1384554976764.14,125144528761.428,-1200043310651.5
50005247,30009859,50005248,30009860,79787,40103494,3,264594460093.399,58664341512.8661,78271032425.341
50005248,30009860,50005247,30009859,79787,40103499,2,-68250357638.9832,4750645873.87454,28199470853.567
50005249,30009847,50005250,30009852,79787,40103408,3,-284290115856.913,-40957772989.4453,-1209629881961.22
50005250,30009852,50005249,30009847,79787,40103442,3,-24340200666.8957,-579442443.257811,-7929869578.31212
50005251,30009872,50005252,30009881,79787,40103611,4,3404606775.66032,27236496.3978341,7670217061.34488
50005252,30009881,50005251,30009872,79787,40103734,5,-241519172735.344,-41353148177.87,552229388321.026
50005253,30009882,50005254,30009883,79881,40103738,3,31903664471.5996,2225684040.51285,67572236646.3974
50005254,30009883,50005253,30009882,79881,40103752,3,-331796656837.128,129819225926.482,1801614701120.14
50005255,30009849,50005256,30009852,79787,40103417,3,-86310796468.1018,436510645457.334,-8844665320140.38
50005256,30009852,50005255,30009849,79787,40103442,5,19038080245.8951,346639710.622535,-17120026140.1879
50005257,30009879,50005258,30009880,79881,40103707,2,-3800937797826.49,819313517092.328,961704761619.359
50005258,30009880,50005257,30009879,79787,40103728,5,-690478477740.573,28034101313.0295,48550105686.4091
50005259,30009860,50005260,30009877,79787,40103499,4,-50790602675.7917,-3717001305.2432,-38520252407.2725
50005260,30009877,50005259,30009860,79787,40103669,5,-73128517616.9302,-238658977394.356,-2208656872121.99
50005261,30009842,50005262,30009853,79881,40103338,4,-238754602603.971,17941418479.2505,142477022026.999
50005262,30009853,50005261,30009842,79881,40103454,4,-4124977734712.3,407517148483.341,-73325022987.3232
50005263,30009869,50005264,30009873,79881,40103590,4,431690429.386792,-137978391.665945,1640642690.21279
50005264,30009873,50005263,30009869,79881,40103613,2,-969449658.584207,167627372.4874,-205782593.168722
50005265,30009870,50005266,30009872,79787,40103598,2,5293820444232.06,-144239059179.043,-1684051855646.66
50005266,30009872,50005265,30009870,79881,40103611,3,-8268500947.96187,1096144935.7374,-924487558.145164
50005267,30009844,50005268,30009862,79787,40103367,3,287535042182.875,-8706972143.11534,221223498348.264
50005268,30009862,50005267,30009844,79787,40103512,3,-217978856428.339,-18758988228.7544,-113835724390.42
50005269,30009870,50005270,30009881,79787,40103598,4,4092006062416.48,914991195277.16,3632081652422.28
50005270,30009881,50005269,30009870,79787,40103734,3,599976043073.521,25484180420.1939,-66167932373.2565
50005271,30009859,50005272,30009862,79881,40103494,2,-264794554591.947,-58708705298.8409,-78330223396.2271
50005272,30009862,50005271,30009859,79787,40103512,4,9311517107.53478,25515132180.3864,245127573552.299
50005273,30009840,50005274,30009876,79787,40103297,2,-481094509853.215,-28560883762.6356,-503264728310.307
50005274,30009876,50005273,30009840,79787,40103642,4,-540959238194.277,29932131756.6971,78114582275.7451
50005275,30009844,50005276,30009846,79881,40103367,5,-335313586173.017,8452235786.0816,138511395583.397
50005276,30009846,50005275,30009844,79881,40103388,3,-2904074285892.13,-277127525461.766,-255969123451.159
50005277,30009862,50005278,30009863,79787,40103512,5,208667339320.804,-6756143951.63208,-131291849161.88
50005278,30009863,50005277,30009862,79881,40103517,4,-311575998501.218,30706969360.9862,104869103093.131
50005279,30009840,50005280,30009878,79787,40103297,4,171657830369.639,-23744483062.1254,-585394394968.173
50005280,30009878,50005279,30009840,79881,40103688,2,-1101817044307.23,121601844349.786,38071971601.6006
50005281,30009842,50005282,30009875,79881,40103338,3,-3758977134.36316,-1005112190.71381,-278586102323.316
50005282,30009875,50005281,30009842,79787,40103635,5,-1173630326461.73,258345011163.688,368075928583.297
50005283,30009847,50005284,30009874,79881,40103408,4,-905987324787.011,19627661120.9864,851178349536.631
50005284,30009874,50005283,30009847,79881,40103622,4,-449799324254.95,77851786139.5398,1524477415933.33
50005285,30009839,50005286,30009854,79881,40103286,4,-21050711178.8264,3012183924.25375,7336442243.21121
50005286,30009854,50005285,30009839,79787,40103464,3,-78876751991.5469,-25016367556.1078,-148558979959.669
50005287,30009849,50005288,30009883,79787,40103417,5,7703445487266.09,150976122289.764,4365802281104.42
50005288,30009883,50005287,30009849,79787,40103752,2,353590951502.911,-138346492265.138,-1919955018484.14
50005289,30009846,50005290,30009859,79881,40103388,2,3182979497560.78,303742654256.371,280552214491.081
50005290,30009859,50005289,30009846,79787,40103494,5,-200041382505.662,-36796558699.9127,195467507139.298
50005291,30009840,50005292,30009855,79787,40103297,5,-593166027302.222,-1278971521.18032,144461888225.234
50005292,30009855,50005291,30009840,79787,40103470,4,13218363359.9577,-394229408.208713,12131555653.7271
50005293,30009853,50005294,30009876,79787,40103454,5,1928948094031.03,-923036011763.345,3551626651085.17
50005294,30009876,50005293,30009853,79881,40103642,2,-210094804255.845,-74721341992.5456,503685996191.635
50005295,30009869,50005296,30009872,79881,40103590,5,1209059759.51224,46713859.0091633,-1197119632.13548
50005296,30009872,50005295,30009869,79787,40103611,5,4863894172.30155,-1123381432.13523,-6745729503.19972
50005297,30009876,50005298,30009877,79787,40103642,3,208779259267.574,74253461373.9678,-500532079128.815
50005298,30009877,50005297,30009876,79787,40103669,2,1848834285151.69,-532380885768.641,-1125197513776.66
50005299,30009875,50005300,30009878,79787,40103635,2,-1070897896415.73,-182480697066.282,-889459257979.354
50005300,30009878,50005299,30009875,79881,40103688,4,-499148220348.96,-13263208205.5996,-789970580292.06
50005301,30009870,50005302,30009873,79881,40103598,3,-5284587117339.12,143987481627.79,1681114581620.91
50005302,30009873,50005301,30009870,79881,40103613,5,-657085855.74755,99677786.5328753,742715385.521485
50005303,30009844,50005304,30009863,79881,40103367,2,-294262069738.383,8910676154.58856,-226399133839.566
50005304,30009863,50005303,30009844,79881,40103517,2,-73247578394.1145,-51749212823.5126,318642234735.045
50005305,30009859,50005306,30009863,79881,40103494,4,-64553077587.7367,-21867782812.9534,-273738539564.639
50005306,30009863,50005305,30009859,79881,40103517,3,73061504924.5251,51617752428.6477,-317832776354.648
50005307,30010057,50005308,30010058,79787,40105406,3,-8085598982.30102,-413336543.91307,-4893063842.60575
50005308,30010058,50005307,30010057,79787,40105411,3,-1329549423255.58,-636206811948.251,1396990968214.08
50005309,30010034,50005310,30010035,79881,40105174,2,-1329104138.86473,2600303286.0459,9284370305.14831
50005310,30010035,50005309,30010034,79787,40105195,4,-4436482127213.97,-430669911620.031,483870425412.388
50005311,30010029,50005312,30010030,79881,40105134,2,103349758831.94,-4790069242.94911,17005834404.7793
50005312,30010030,50005311,30010029,79787,40105142,5,-970221583803.621,-30484679125.2474,-64823389383.6303
50005313,30010024,50005314,30010052,79787,40105104,3,-5860785132.40532,-297237097.776876,5387838474.20775
50005314,30010052,50005313,30010024,79787,40105357,5,-2649449087815.84,86472941390.7859,-1547509473920.2
50005315,30010025,50005316,30010026,79787,40105110,5,-67027795562.0186,237453754546.556,648464974069.767
50005316,30010026,50005315,30010025,79787,40105116,4,-16462362833.7073,-1750987045.55837,-7270898076.77326
50005317,30010021,50005318,30010022,79881,40105088,5,95606030911.1995,23435516230.3552,-68089327888.0689
50005318,30010022,50005317,30010021,79881,40105098,5,-2146990867768.61,70749762480.7287,1145268295757.04
50005319,30010021,50005320,30010031,79787,40105088,2,104144290964.623,31510483532.1529,51334858807.145
50005320,30010031,50005319,30010021,79787,40105154,4,-9478554309.21712,1892907136.82433,2060959294.87124
50005321,30010058,50005322,30010059,79881,40105411,5,-611010129828.137,326188266893.507,-1909008218292.61
50005322,30010059,50005321,30010058,79881,40105418,5,-151931125604.762,-1096713932.26409,-217119718284.088
50005323,30010029,50005324,30010032,79881,40105134,5,66286125316.7485,1219134518.89095,-80651321706.931
50005324,30010032,50005323,30010029,79881,40105159,4,-272404804296.173,-10556520127.3548,230399821603.427
50005325,30010042,50005326,30010043,79881,40105268,3,266257188324.873,28048535433.9431,97580691959.5322
50005326,30010043,50005325,30010042,79787,40105285,5,-602517665676.73,-88843062134.1205,-94263871210.7021
50005327,30010045,50005328,30010054,79787,40105297,4,-464762915998.123,-7888961324.54937,-164464063615.07
50005328,30010054,50005327,30010045,79881,40105384,5,-747394065293.707,282484552658.256,117569340086.254
50005329,30010037,50005330,30010050,79787,40105206,2,378157966101.875,-80295831896.2014,-332498470678.139
50005330,30010050,50005329,30010037,79881,40105334,4,-162324648538.039,-14992647231.6534,199052241034.206
50005331,30010043,50005332,30010044,79787,40105285,2,-208582491528.556,-128579965385.831,-568126399730.732
50005332,30010044,50005331,30010043,79787,40105288,5,-859307202734.896,-11228879423.2139,-419709603333.465
50005333,30010065,50005334,30010068,79881,40105477,3,904192367946.242,-28253530556.344,295346369407.166
50005334,30010068,50005333,30010065,79787,40105512,4,-378871383820.603,-70142392994.8414,629026183604.836
50005335,30010035,50005336,30010045,79787,40105195,2,-1798011754337.64,-288476240770.69,4117848471649.72
50005336,30010045,50005335,30010035,79881,40105297,2,-375900702565.095,13007696584.6749,320700834600.931
50005337,30010040,50005338,30010041,79787,40105256,5,1993204546966.95,106307551792.501,-6568766379293.04
50005338,30010041,50005337,30010040,79787,40105259,2,-834724930.657605,82964826.426407,342256812.993329
50005339,30010031,50005340,30010050,79787,40105154,2,-2977412966.34287,967358248.782888,9577548205.16817
50005340,30010050,50005339,30010031,79881,40105334,3,-91681161507.0204,22129475487.1627,-239375680874.514
50005341,30010046,50005342,30010048,79881,40105300,3,94875667468.2389,32428398939.7722,-29874582699.4193
50005342,30010048,50005341,30010046,79881,40105318,3,-114014142863.376,-14520915232.073,32890033574.81
50005343,30010047,50005344,30010055,79787,40105306,5,116286449515.591,2446810134.20768,22234755393.3121
50005344,30010055,50005343,30010047,79881,40105397,5,-984714135926.02,15442701567.9993,164637634294.427
50005345,30010041,50005346,30010042,79787,40105259,4,-709581514.962659,-8758424.48695659,-544564985.634811
50005346,30010042,50005345,30010041,79787,40105268,2,-301490653883.648,-31760161450.1395,-110493417324.763
50005347,30010044,50005348,30010059,79881,40105288,2,-66386298175.7116,1634014133.74139,-956208204331.01
50005348,30010059,50005347,30010044,79881,40105418,3,-111671841834.773,16101389257.3801,239781956748.111
50005349,30010026,50005350,30010053,79881,40105116,5,2127976392.6202,-1074827279.81734,17923665008.4791
50005350,30010053,50005349,30010026,79881,40105365,3,-188971539131.4,22026444724.3403,-287255800181.624
50005351,30010035,50005352,30010065,79881,40105195,3,1790423293628.85,287258734481.743,-4100469201877.73
50005352,30010065,50005351,30010035,79881,40105477,2,-1058401764117.88,33072151063.7334,-345717492745.903
50005353,30010030,50005354,30010032,79881,40105142,3,431164906686.14,-50294824514.1482,870648357846.255
50005354,30010032,50005353,30010030,79787,40105159,3,-62082366606.2706,53221455090.7288,-347437982653.475
50005355,30010047,50005356,30010048,79881,40105306,2,46713948772.9534,634693602.414002,134320755314.629
50005356,30010048,50005355,30010047,79787,40105318,5,30767083768.4327,-10114979135.0538,-115077842411.488
50005357,30010055,50005358,30010061,79787,40105397,3,632858077971.802,-96137929258.7996,766325067353.26
50005358,30010061,50005357,30010055,79881,40105438,2,-142233627884.347,15198721258.6458,1630211845.57386
50005359,30010058,50005360,30010060,79881,40105411,4,1940559553083.71,310018545054.744,512017250078.529
50005360,30010060,50005359,30010058,79787,40105433,3,-34865210916.423,-6204132234.92544,-50426739752.2038
50005361,30010040,50005362,30010057,79881,40105256,3,-6603923284823.99,-1032152320708.25,1567072507053.99
50005362,30010057,50005361,30010040,79881,40105406,4,-209188058.175049,935650527.71209,9411197066.00846
50005363,30010034,50005364,30010068,79787,40105174,3,1152231058.06242,-2254262942.19732,-8048834931.23567
50005364,30010068,50005363,30010034,79881,40105512,3,-337541314145.457,-104640497964.257,-647497990625.76
50005365,30010044,50005366,30010045,79881,40105288,4,793067490537.114,12859285529.9026,-534387220809.342
50005366,30010045,50005365,30010044,79881,40105297,5,89789827201.6248,20864558691.6188,484373501690.944
50005367,30010021,50005368,30010025,79881,40105088,3,-103609329195.44,-31348622484.7347,-51071165169.8477
50005368,30010025,50005367,30010021,79881,40105110,2,-633016095668.17,127923197356.467,260205407166.25
50005369,30010022,50005370,30010023,79881,40105098,4,87331107659.9438,109880774246.401,-2430332133171.31
50005370,30010023,50005369,30010022,79881,40105101,2,-131059520752.733,-3900204680.12166,43238627630.391
50005371,30010054,50005372,30010058,79881,40105384,2,-472199091956.907,170394689280.477,-633928416342.677
50005372,30010058,50005371,30010054,79881,40105411,2,1363664136626.6,652531149091.855,-1432836154281.58
50005373,30010057,50005374,30010059,79881,40105406,2,8147730555.59485,416512715.502753,4930663253.04321
50005374,30010059,50005373,30010057,79787,40105418,2,130797844333.412,-18859069314.4875,-280849339792.426
50005375,30010046,50005376,30010047,79881,40105300,2,-95269795208.4948,-32563111368.5256,29998686192.8081
50005376,30010047,50005375,30010046,79787,40105306,4,-77388651238.6629,-1918313092.89888,89611529964.1377
50005377,30010022,50005378,30010025,79787,40105098,2,-2061887650316.2,180825920941.43,-1286453863667.58
50005378,30010025,50005377,30010022,79787,40105110,4,-563766705105.441,-109979508705.962,-389172768061.709
50005379,30010052,50005380,30010053,79881,40105357,4,2666282941451.84,-1897984327.13801,-1520781142759.25
50005380,30010053,50005379,30010052,79787,40105365,4,-147378805387.364,49901096564.1017,307409612554.916
50005381,30010047,50005382,30010059,79787,40105306,3,-38897798276.928,-528497041.308796,-111846285357.45
50005382,30010059,50005381,30010047,79881,40105418,4,263602967439.535,-15004675325.116,-22662238464.0224
50005383,30010036,50005384,30010038,79881,40105200,2,-102497552368.197,-22943328096.6746,-264492160713.363
50005384,30010038,50005383,30010036,79881,40105227,4,-1220664140281.24,291625096761.286,2017622766738.81
50005385,30010020,50005386,30010023,79881,40105080,2,-73407066938.6851,9832786625.52376,-17683163983.2612
50005386,30010023,50005385,30010020,79881,40105101,4,-102810779804.043,-1035805230.11515,-91734297244.0384
50005387,30010032,50005388,30010036,79881,40105159,2,62260554294.603,-53374210350.7279,348435192881.63
50005388,30010036,50005387,30010032,79881,40105200,5,-272568163386.013,-62034654138.5253,-40986269256.1979
50005389,30010060,50005390,30010061,79881,40105433,5,60939511149.6504,-8451725448.59639,-3445952532.28722
50005390,30010061,50005389,30010060,79787,40105438,4,-70954861337.3252,18252018054.3474,-121870976996.988
50005391,30010024,50005392,30010050,79787,40105104,5,-1742704767.10043,435764081.134929,-7761381671.13236
50005392,30010050,50005391,30010024,79881,40105334,2,92054953340.05,-22219699226.3732,240351635727.899
50005393,30010117,50005394,30010118,79787,40105985,2,338880285309.553,52733074211.111,-214298411367.565
50005394,30010118,50005393,30010117,79787,40105999,2,-3434427860635.92,15507450473.2026,1210478887167.42
50005395,30010119,50005396,30010121,79881,40106011,4,258906271788.915,-163620629849.96,601354719355.408
50005396,30010121,50005395,30010119,79787,40106024,3,-407372817490.193,-77789432195.9052,-339357929743.894
50005397,30010090,50005398,30010136,79787,40105734,5,1922013994.2398,-5010282897.73053,64247635372.218
50005398,30010136,50005397,30010090,79787,40106173,4,-411462078984.577,-9264984931.50162,-77424446129.6788
50005399,30010111,50005400,30010122,79787,40105923,5,1142262894931.51,272771584466.0,2043416970586.51
50005400,30010122,50005399,30010111,79787,40106030,2,-112716868068.167,-7882298318.05769,23382387847.58
50005401,30010085,50005402,30010112,79787,40105689,2,-466191583766.484,10130313831.0223,-4567229560044.96
50005402,30010112,50005401,30010085,79881,40105925,4,-110654523283.15,1622680617.10892,10245320705.9313
50005403,30010109,50005404,30010115,79881,40105878,5,120086085808.356,-5922400113.88664,30653418228.2556
50005404,30010115,50005403,30010109,79881,40105967,4,-3301663684936.33,286438524238.977,2529250910855.62
50005405,30010112,50005406,30010114,79787,40105925,2,-47880253739.8005,2355084896.51972,104095226387.594
50005406,30010114,50005405,30010112,79881,40105944,5,-623239878103.654,-51445409719.0534,-566044024400.837
50005407,30010114,50005408,30010138,79787,40105944,4,802809139898.049,24232452072.3058,-257663902327.106
50005408,30010138,50005407,30010114,79881,40106180,4,-565975471.526049,-32789020.2738392,53111824.9734121
50005409,30010118,50005410,30010120,79787,40105999,3,3244547629655.64,-14650085463.0021,-1143554782187.22
50005410,30010120,50005409,30010118,79787,40106016,4,-3540454164278.78,264873347264.514,633185600452.779
50005411,30010135,50005412,30010136,79787,40106165,3,-2091543276903.61,-19904524502.8596,-541666733409.66
50005412,30010136,50005411,30010135,79787,40106173,2,-275102125668.829,-121961975.995774,320238418119.934
50005413,30010091,50005414,30010121,79881,40105743,5,-971843011138.55,77517368069.5569,-1183258217110.14
50005414,30010121,50005413,30010091,79787,40106024,4,-97733385315.5925,129057344595.835,510842441337.784
50005415,30010111,50005416,30010117,79787,40105923,4,-2343104580088.54,240701989126.156,-81518423127.4182
50005416,30010117,50005415,30010111,79881,40105985,3,-330942805257.094,-51497924977.5899,209278971054.153
50005417,30010122,50005418,30010126,79787,40106030,4,-76901157409.9833,6403627047.53142,-85101738533.5331
50005418,30010126,50005417,30010122,79881,40106069,5,-888270695132.09,45155071781.672,-24971877550.0693
50005419,30010114,50005420,30010122,79787,40105944,3,-179569261794.395,27212957646.7477,823707926727.943
50005420,30010122,50005419,30010114,79881,40106030,5,-35319953709.6323,-14251257048.1606,108381284797.171
50005421,30010084,50005422,30010090,79881,40105677,4,114978492613.995,-25452323126.7523,-217839748400.273
50005422,30010090,50005421,30010084,79881,40105734,4,-56769076555.4372,2051668582.46113,-30489642938.2417
50005423,30010091,50005424,30010123,79787,40105743,3,-534483958372.66,55665626174.1339,1435902512469.03
50005424,30010123,50005423,30010091,79787,40106046,4,-499457005035.27,-91058521328.7591,83164748509.8412
50005425,30010085,50005426,30010091,79881,40105689,5,-4164419422480.44,-271253534245.366,-1874963093097.94
50005426,30010091,50005425,30010085,79881,40105743,2,573069274655.912,-59684223474.1798,-1539562784639.26
50005427,30010069,50005428,30010074,79787,40105537,5,277026541915.016,5077993828.2998,-557336875260.771
50005428,30010074,50005427,30010069,79881,40105582,3,-677191973685.724,3320634347.73487,-825319695436.084
50005429,30010110,50005430,30010111,79881,40105897,3,-689961547764.025,-209240249.983536,-677388558193.875
50005430,30010111,50005429,30010110,79881,40105923,2,-1202998961832.74,514396013725.271,1965423040345.1
50005431,30010110,50005432,30010138,79881,40105897,2,747941542607.194,226823474.228922,734311998693.106
50005432,30010138,50005431,30010110,79787,40106180,2,-237242806.068933,-21924137.9896998,518857521.554915
50005433,30010111,50005434,30010112,79881,40105923,3,1200841685157.03,-513473573592.156,-1961898547459.09
50005434,30010112,50005433,30010111,79881,40105925,3,46433235823.5352,-2283910460.85132,-100949302007.178
50005435,30010084,50005436,30010085,79787,40105677,2,-137999253152.426,-9464445267.38091,-218918693751.396
50005436,30010085,50005435,30010084,79881,40105689,3,464578913907.02,-10095270616.2774,4551430404270.35
50005437,30010112,50005438,30010122,79787,40105925,5,64221287459.6149,661229843.742407,90703981301.2472
50005438,30010122,50005437,30010112,79881,40106030,3,112221111119.616,7847630000.62922,-23279546263.6376
50005439,30010110,50005440,30010115,79787,40105897,4,-240440170738.611,54149120038.1562,934964511112.946
50005440,30010115,50005439,30010110,79787,40105967,3,-530241205175.284,58913249760.2273,-4134672149033.88
50005441,30010090,50005442,30010142,79787,40105734,3,54847062561.1974,2958614315.2694,-33757992433.9763
50005442,30010142,50005441,30010090,79881,40106196,5,-241339513704.257,3197254428.33997,57476570254.3719
50005443,30010118,50005444,30010121,79881,40105999,4,-2574986903844.09,786973401345.802,-2141293253288.07
50005444,30010121,50005443,30010118,79881,40106024,2,410678983824.058,78420757583.3993,342112099178.57
50005445,30010119,50005446,30010120,79787,40106011,5,406669434423.391,205302477179.234,-497898112614.402
50005446,30010120,50005445,30010119,79787,40106016,2,-1212405962177.05,271293057849.422,3390422717346.15
50005447,30010121,50005448,30010123,79787,40106024,5,505106202805.786,-51267912399.9303,-171484511593.89
50005448,30010123,50005447,30010121,79881,40106046,2,-192050750348.552,-3753887301.99007,500424448927.861
50005449,30010074,50005450,30010115,79881,40105582,5,1053349551775.42,1019101711.01257,-173799536011.386
50005450,30010115,50005449,30010074,79881,40105967,2,585653036539.893,-65069864955.3358,4566758063206.61
50005451,30010084,50005452,30010091,79881,40105677,5,-246943026156.079,16401758892.4303,8494388591.43868
50005452,30010091,50005451,30010084,79787,40105743,4,1506326969511.21,-133182994243.691,-252644295358.892
50005453,30010162,50005454,30010166,79881,40106359,5,-398805864440.762,-69509553949.4931,-159336811013.006
50005454,30010166,50005453,30010162,79787,40106412,3,-1631214313995.78,611362747208.828,-2318144968102.86
50005455,30010162,50005456,30010163,79787,40106359,2,-49030266855.6371,-162347331101.003,-401620374720.373
50005456,30010163,50005455,30010162,79787,40106363,5,-720048087138.172,-18021005813.0481,-317715752372.414
50005457,30010145,50005458,30010162,79881,40106219,5,11055435030.8133,-87671570.1408428,24300473122.3952
50005458,30010162,50005457,30010145,79787,40106359,3,48927791695.9474,162008018881.293,400780972557.72
50005459,30010168,50005460,30010169,79881,40106422,5,-9324728664.40239,1415771904.06471,15983287694.8989
50005460,30010169,50005459,30010168,79881,40106432,3,-247654311394.026,46740575884.2946,-427272007513.672
50005461,30010143,50005462,30010155,79787,40106210,5,2153868483884.91,332092165261.515,-1578454250192.67
50005462,30010155,50005461,30010143,79881,40106317,3,-25760678130.9946,1257630435.16221,5438071770.8988
50005463,30010143,50005464,30010161,79787,40106210,3,-2473448660893.43,272019023539.6,-1024211816378.41
50005464,30010161,50005463,30010143,79787,40106349,3,-795753030973.985,4610512076.92721,-389079691572.345
50005465,30010156,50005466,30010158,79787,40106320,5,175122202233.258,-96379942225.0235,-621057955375.663
50005466,30010158,50005465,30010156,79787,40106329,3,-34053672813.4302,-929842135.644848,9917910207.55693
50005467,30010145,50005468,30010155,79881,40106219,4,-26572353126.168,138456395.680623,-2575694694.97409
50005468,30010155,50005467,30010145,79881,40106317,5,8147673291.7595,-1024606323.27359,-25046604529.9289
50005469,30010150,50005470,30010151,79787,40106275,3,738914092393.387,61079023958.2406,-2421089398961.94
50005470,30010151,50005469,30010150,79787,40106284,5,-567491212257.679,181372213996.718,-540724217291.663
50005471,30010149,50005472,30010161,79787,40106244,2,-374691208022.013,-3204729793.26217,-198667562853.157
50005472,30010161,50005471,30010149,79881,40106349,4,61893444177.8787,-69304949812.2241,880904747983.147
50005473,30010150,50005474,30010166,79881,40106275,4,-2466757732441.66,-34862047910.7145,570341553742.935
50005474,30010166,50005473,30010150,79787,40106412,4,-1257864192474.57,-790251901279.173,2490321313769.57
50005475,30010146,50005476,30010147,79787,40106224,2,-133342005989.935,4372285671.81795,205149183755.837
50005476,30010147,50005475,30010146,79787,40106231,5,-9295632539.64965,-1573264927.93232,-556649922.327313
50005477,30010151,50005478,30010161,79881,40106284,3,-199958747826.707,-110070794434.463,771508752086.187
50005478,30010161,50005477,30010151,79881,40106349,5,733859586796.106,64694437735.2969,-491825056410.802
50005479,30010163,50005480,30010166,79881,40106363,2,-93541527564.6778,120862242845.001,-781973147359.85
50005480,30010166,50005479,30010163,79787,40106412,2,1639479491270.56,-614460452667.593,2329890744820.02
50005481,30010143,50005482,30010160,79787,40106210,2,2483463395862.86,-273120400119.784,1028358742916.96
50005482,30010160,50005481,30010143,79881,40106339,3,-58388902347.6875,84689941.5143052,67334292051.395
50005483,30010147,50005484,30010148,79787,40106231,2,-3947947636.48474,-2144156183.87422,-8334830775.87374
50005484,30010148,50005483,30010147,79881,40106235,3,-59313678592.3512,-1598113779.92594,28145627653.8364
50005485,30010156,50005486,30010157,79881,40106320,3,-631222408150.521,51786957534.1877,156672414265.351
50005486,30010157,50005485,30010156,79787,40106326,5,-396430310252.227,74414327823.4886,-184834489728.066
50005487,30010144,50005488,30010146,79881,40106217,4,23478622696.438,15622467076.9874,-571119073143.559
50005488,30010146,50005487,30010144,79787,40106224,4,-197216641139.222,60795227145.9911,-6335447731.23493
50005489,30010155,50005490,30010158,79787,40106317,4,17613004839.2351,-233024111.888616,19608532759.0301
50005490,30010158,50005489,30010155,79787,40106329,5,8549590289.64478,-2502280352.27944,-34344217566.9259
50005491,30010158,50005492,30010160,79787,40106329,4,25504082523.7854,3432122487.92429,24426307359.369
50005492,30010160,50005491,30010158,79881,40106339,5,-29118768184.9486,-22317645.7731727,-84233454263.3178
50005493,30010143,50005494,30010144,79787,40106210,4,319580177008.514,-604111188801.115,2602666066571.08
50005494,30010144,50005493,30010143,79787,40106217,5,-503381255959.264,48480864262.0975,266888028691.669
50005495,30010148,50005496,30010149,79881,40106235,5,5254831005.46312,1923481032.12657,-65433399450.6001
50005496,30010149,50005495,30010148,79787,40106244,5,-358653863978.53,-3620937249.96053,224711403788.231
50005497,30010151,50005498,30010160,79881,40106284,4,767449960084.386,-71301419562.2554,-230784534794.524
50005498,30010160,50005497,30010151,79881,40106339,2,60004723434.1766,-87033602.5151146,-69197662735.9918
50005499,30010146,50005500,30010149,79787,40106224,5,84712825248.7551,-57106225929.9762,179424684150.016
50005500,30010149,50005499,30010146,79881,40106244,4,-15274518271.6299,422731897.159697,-422974503622.959
50005501,30010157,50005502,30010158,79881,40106326,4,355165464822.485,-68715696842.235,-256892812803.408
50005502,30010158,50005501,30010157,79881,40106329,2,34139806627.3328,932194036.125869,-9942996119.34097
50005503,30010146,50005504,30010161,79881,40106224,3,112503815890.467,-3689001216.0149,-173089236418.781
50005504,30010161,50005503,30010146,79787,40106349,2,873128506091.068,-5058817705.18056,426912065213.411
50005505,30010144,50005506,30010145,79881,40106217,3,479902633262.826,-64103331339.0848,304231044451.89
50005506,30010145,50005505,30010144,79787,40106219,2,-15807546810.6813,51736014.9779149,22131679102.3048
50005507,30010183,50005508,30010189,79787,40106530,4,-192804646178.491,33958268821.6229,-322379529056.17
50005508,30010189,50005507,30010183,79881,40106576,3,-1415204219881.73,-15964855679.7939,394450354381.445
50005509,30010190,50005510,30010203,79881,40106583,5,1676270840224.65,-90102139454.3158,129760474968.171
50005510,30010203,50005509,30010190,79787,40106730,5,-1412202267173.37,97963793451.7814,-475104541389.403
50005511,30010187,50005512,30010209,79787,40106559,4,-899350713.760777,-644318029.118516,-9270539963.31911
50005512,30010209,50005511,30010187,79787,40106799,2,-796794941431.781,-68236416984.7816,45723453463.8492
50005513,30010199,50005514,30010210,79881,40106689,4,4339083269.03796,226090740.826635,11044386605.5589
50005514,30010210,50005513,30010199,79787,40106805,3,-105343003314.855,-20029688906.4319,-81518799093.9956
50005515,30010189,50005516,30010190,79787,40106576,5,367113460144.772,-57390375979.6444,-1421472122408.67
50005516,30010190,50005515,30010189,79787,40106583,4,-946933622829.277,112749435619.132,1387603828514.7
50005517,30010204,50005518,30010206,79881,40106746,2,-25547430657.4517,-55415342778.5994,-2890123080863.25
50005518,30010206,50005517,30010204,79881,40106753,2,-3109110615101.65,942558553419.926,-1776269679891.53
50005519,30010197,50005520,30010203,79881,40106661,3,-100889326551.537,-2535363711.64572,-213992377858.395
50005520,30010203,50005519,30010197,79787,40106730,2,-288593195646.701,356426054105.593,-1432844712519.03
50005521,30010183,50005522,30010186,79881,40106530,3,376901830091.441,13757808881.6773,-3330094946.23343
50005522,30010186,50005521,30010183,79787,40106553,5,-1735738210496.35,99146097698.0908,-697380581520.432
50005523,30010187,50005524,30010195,79881,40106559,2,-8536094264.8324,-1012912139.97765,-3842831560.43833
50005524,30010195,50005523,30010187,79881,40106645,3,-97135497179.8472,5265613371.19849,24103094739.3849
50005525,30010200,50005526,30010213,79881,40106703,5,402710722523.208,-83499257246.6123,2151225690743.35
50005526,30010213,50005525,30010200,79787,40106813,5,-13283984480.6619,979480111.996645,-19278592987.2322
50005527,30010184,50005528,30010207,79881,40106535,4,133396771280.987,-629285764.515805,-38278272803.7339
50005528,30010207,50005527,30010184,79881,40106757,4,-801241319563.299,-166366659172.066,218372078009.622
50005529,30010197,50005530,30010207,79787,40106661,2,105622007717.877,2654296689.97022,224030681522.89
50005530,30010207,50005529,30010197,79787,40106757,2,-222231897470.599,-36621339830.5343,836303128081.009
50005531,30010187,50005532,30010199,79787,40106559,5,-7564644236.24891,-360038644.037628,5460166517.08275
50005532,30010199,50005531,30010187,79881,40106689,3,-11730138159.7741,-403897889.304142,-1760102661.61057
50005533,30010190,50005534,30010195,79881,40106583,3,-729337217395.376,-22647296164.8161,-1517364303482.87
50005534,30010195,50005533,30010190,79881,40106645,5,27626980177.2373,-3392790750.57575,-96276838386.8942
50005535,30010203,50005536,30010207,79881,40106730,4,1125767728686.69,255796218400.151,-947022591697.632
50005536,30010207,50005535,30010203,79787,40106757,3,217322124022.58,35812263887.8938,-817826667503.2
50005537,30010186,50005538,30010209,79787,40106553,2,-362450400704.088,-599275287696.771,-1889614202315.45
50005538,30010209,50005537,30010186,79881,40106799,4,-436515216750.912,-34354375417.1547,-667266207847.87
50005539,30010209,50005540,30010210,79787,40106799,5,-357381563609.438,-33633847061.0153,712823352609.204
50005540,30010210,50005539,30010209,79881,40106805,4,-17775656393.7342,3143705519.50292,133483311864.022
50005541,30010205,50005542,30010206,79881,40106751,5,-465996565875.598,-93949705416.0826,591973589012.428
50005542,30010206,50005541,30010205,79881,40106753,5,-3080017334623.39,725744724634.184,1919013799438.68
50005543,30010189,50005544,30010191,79881,40106576,4,1048090759736.95,73355231659.4384,1027021768027.23
50005544,30010191,50005543,30010189,79881,40106600,5,-6673630989350.09,-285732169671.836,3720499781844.37
50005545,30010195,50005546,30010207,79787,40106645,4,69508517002.6098,-1872822620.62274,72173743647.5093
50005546,30010207,50005545,30010195,79881,40106757,5,583919195540.719,130554395284.172,599454589493.578
50005547,30010183,50005548,30010187,79787,40106530,5,-184097183912.95,-47716077703.3003,325709624002.404
50005548,30010187,50005547,30010183,79787,40106559,3,8463994950.00968,1004356673.15614,3810373446.23636
50005549,30010203,50005550,30010204,79881,40106730,3,286434538486.681,-353760011851.933,1422127133087.04
50005550,30010204,50005549,30010203,79881,40106746,5,-2504306213781.13,-116530683210.725,-1415447772461.22
50005551,30010199,50005552,30010200,79881,40106689,5,7391054890.73619,177807148.477506,-9284283943.94838
50005552,30010200,50005551,30010199,79787,40106703,4,-2042105826235.6,-272650010684.312,-743226607865.029
50005553,30010199,50005554,30010209,79881,40106689,2,12024208974.0974,414023480.289797,1804227872.74979
50005554,30010209,50005553,30010199,79881,40106799,3,793896780360.35,67988222478.1701,-45557144761.3339
50005555,30010204,50005556,30010205,79787,40106746,4,2478862806867.07,61340980007.1796,-1462907337455.32
50005556,30010205,50005555,30010204,79881,40106751,2,-749700644723.287,-63298125581.6186,-112387054369.418
50005557,30010185,50005558,30010191,79787,40106542,5,-195091797694.355,-5169529041.41037,-968590977209.657
50005558,30010191,50005557,30010185,79881,40106600,2,-6585208213183.54,335033629914.557,-3909622165194.64
50005559,30010184,50005560,30010185,79787,40106535,5,-99842732175.2772,-4548210192.41827,-96286361305.347
50005560,30010185,50005559,30010184,79787,40106542,3,-740019445262.613,-43600686613.4135,653242845693.803
50005561,30010195,50005562,30010197,79787,40106645,2,107271467459.36,-5815073683.68398,-26618223183.8334
50005562,30010197,50005561,30010195,79881,40106661,4,-134837948577.526,-2607619152.39335,194395859031.06
50005563,30010459,50005564,30010462,79881,40109596,2,-87221425432.0997,53829610868.7562,232119938253.735
50005564,30010462,50005563,30010459,79881,40109612,5,-343123125104.192,94865375895.4094,125769598620.37
50005565,30010456,50005566,30010466,79787,40109560,3,91920277832.0636,-19379704741.6763,348492280534.695
50005566,30010466,50005565,30010456,79787,40109667,3,-2436015851963.94,-128763049322.874,932889324834.504
50005567,30010444,50005568,30010446,79787,40109425,3,24038447641.0664,-5407606811.27612,-16217925597.8591
50005568,30010446,50005567,30010444,79787,40109439,3,-3595753399464.86,141497487908.729,-788514400456.528
50005569,30010461,50005570,30010462,79787,40109608,2,-50924332508.5408,-24272953879.4081,-87993970773.1636
50005570,30010462,50005569,30010461,79881,40109612,2,-320657592674.383,32962322498.8783,-269251522370.354
50005571,30010450,50005572,30010459,79787,40109489,5,-110570451518.097,-18747497950.9178,-167340344466.197
50005572,30010459,50005571,30010450,79787,40109596,4,-248622850852.45,-2713842191.71511,45347612468.4769
50005573,30010453,50005574,30010458,79881,40109523,4,634730854596.763,-139289216694.629,1106700585487.61
50005574,30010458,50005573,30010453,79787,40109580,3,-2986412797286.44,221776451412.29,1139130269968.64
50005575,30010449,50005576,30010451,79787,40109485,5,-2920632545997.19,1843535029748.64,-4348669179100.22
50005576,30010451,50005575,30010449,79881,40109493,3,-1815906039408.4,-30116011024.8378,394795713170.83
50005577,30010445,50005578,30010450,79881,40109436,3,266707857129.834,-1810729320.97266,1253757012052.1
50005578,30010450,50005577,30010445,79881,40109489,3,-90534708076.3064,18254353133.413,179026058269.794
50005579,30010445,50005580,30010447,79881,40109436,5,-1219128260016.82,-4695597432.22387,-395913174898.716
50005580,30010447,50005579,30010445,79787,40109458,2,-2370323622393.99,-202825357165.951,-313892530937.478
50005581,30010454,50005582,30010456,79787,40109533,4,-587312633672.845,79365847327.4918,-440526232932.466
50005582,30010456,50005581,30010454,79787,40109560,5,-342850621262.008,-53267048826.5067,-99437684176.7785
50005583,30010460,50005584,30010466,79881,40109598,5,-655624994594.445,93990628486.8898,-340390563640.448
50005584,30010466,50005583,30010460,79881,40109667,5,417291578503.888,-78022346445.674,-2576978055445.09
50005585,30010464,50005586,30010466,79787,40109652,5,-275464117923.249,-82051747209.7499,-352720965451.49
50005586,30010466,50005585,30010464,79881,40109667,4,2018724273460.06,206785395768.548,1644088730610.59
50005587,30010448,50005588,30010452,79881,40109463,5,404518694407.46,-29796139975.6467,350222363446.612
50005588,30010452,50005587,30010448,79787,40109514,2,-509132767526.487,-184874178441.952,-78154271232.9069
50005589,30010446,50005590,30010470,79881,40109439,4,1138636006739.02,385096206457.975,3482302107012.54
50005590,30010470,50005589,30010446,79787,40109693,4,-1732666218106.6,257234434116.751,128351930759.757
50005591,30010459,50005592,30010461,79787,40109596,3,86876804898.8843,-53616924718.4385,-231202809274.305
50005592,30010461,50005591,30010459,79787,40109608,5,-103564477472.117,-11456125312.391,1206064714.72078
50005593,30010470,50005594,30010473,79787,40109693,2,-755355427513.834,134535396108.174,1585624325615.89
50005594,30010473,50005593,30010470,79787,40109745,3,-547133212804.431,17269387911.4268,-945252281572.694
50005595,30010449,50005596,30010453,79881,40109485,3,-2629121519309.0,-2009450419292.78,4459761042142.83
50005596,30010453,50005595,30010449,79881,40109523,3,-1275203426197.99,-141397660298.787,-30559009442.2692
50005597,30010458,50005598,30010462,79787,40109580,5,492116084079.148,-362023070403.75,-3145190776160.03
50005598,30010462,50005597,30010458,79881,40109612,4,54871291301.4794,-65234236250.6155,-367810476025.195
50005599,30010455,50005600,30010462,79787,40109550,4,-398128847459.098,-15047539910.7195,195361569646.922
50005600,30010462,50005599,30010455,79787,40109612,3,288251833802.713,-29631139644.7939,242040877404.825
50005601,30010446,50005602,30010448,79881,40109439,5,2457117392725.84,-526593694366.704,-2693787706556.01
50005602,30010448,50005601,30010446,79881,40109463,4,-506592526005.17,-5311949312.35275,174684526306.421
50005603,30010445,50005604,30010446,79787,40109436,2,-267477139098.327,1815952119.54873,-1257373300948.2
50005604,30010446,50005603,30010445,79881,40109439,2,3623044295844.87,-142571419530.715,794499033551.837
50005605,30010455,50005606,30010460,79787,40109550,2,-31579057957.1649,26306563303.9742,443502650622.33
50005606,30010460,50005605,30010455,79787,40109598,2,-68120438007.4781,-132974219657.074,-855892786674.937
50005607,30010445,50005608,30010449,79787,40109436,4,952420402886.986,6506326753.19653,-857843837153.382
50005608,30010449,50005607,30010445,79881,40109485,2,2634492963063.8,2013555839991.68,-4468872585835.95
50005609,30010454,50005610,30010458,79881,40109533,5,-93080664946.8263,-86507364640.0842,727427587441.869
50005610,30010458,50005609,30010454,79881,40109580,4,2494296713207.3,140246618991.46,2006060506191.39
50005611,30010454,50005612,30010464,79881,40109533,3,680393298619.671,7141517312.59242,-286901354509.403
50005612,30010464,50005611,30010454,79787,40109652,3,-172447214390.598,37777649937.1375,419356478865.639
50005613,30010456,50005614,30010458,79787,40109560,2,-92718161861.3013,19547923955.8629,-351517254256.59
50005614,30010458,50005613,30010456,79787,40109580,2,3000465215764.52,-222820009592.412,-1144490391405.7
50005615,30010456,50005616,30010464,79881,40109560,4,250930343429.945,72646753568.183,-249054596357.917
50005616,30010464,50005615,30010456,79881,40109652,2,173398710728.958,-37986092246.3628,-421670324035.701
50005617,30010450,50005618,30010451,79787,40109489,4,201105159594.403,493144817.504742,-11685713803.5966
50005618,30010451,50005617,30010450,79881,40109493,5,567596347037.442,-61185266821.48,-1768721607029.14
50005619,30010450,50005620,30010454,79881,40109489,2,91035350847.4076,-18355296850.2654,-180016044362.597
50005620,30010454,50005619,30010450,79881,40109533,2,-714945126875.473,-7504178849.92844,301470819475.44
50005621,30010451,50005622,30010459,79881,40109493,4,1248309692370.96,91301277846.3177,1373925893858.31
50005622,30010459,50005621,30010451,79881,40109596,5,161746045953.566,56330766910.1536,185855196805.829
50005623,30010444,50005624,30010453,79881,40109425,5,2754960452.93339,7704106722.98684,28340205003.1214
50005624,30010453,50005623,30010444,79787,40109523,5,640472571601.23,280686876993.415,-1076141576045.34
50005625,30010449,50005626,30010452,79881,40109485,4,5549754065306.2,165915389544.139,-111091863042.615
50005626,30010452,50005625,30010449,79787,40109514,5,-352510296338.251,-13437659682.3094,416685824658.244
50005627,30010447,50005628,30010470,79881,40109458,3,2368725095064.65,202688573364.174,313680844320.327
50005628,30010470,50005627,30010447,79881,40109693,3,753150300020.591,-134142643650.237,-1580995373910.49
50005629,30010447,50005630,30010473,79881,40109458,5,-1433988822547.82,-351189112884.45,1889624081571.34
50005630,30010473,50005629,30010447,79881,40109745,4,-543598789807.965,41526106251.1052,946536210796.953
50005631,30010571,50005632,30010572,79787,40110756,5,231753374743.158,-121801421831.426,398735844537.48
50005632,30010572,50005631,30010571,79787,40110767,5,-434002875721.706,17294249307.5212,-507320537098.542
50005633,30010594,50005634,30010595,79881,40110917,4,8024546184.00295,19432050804.7027,123031116334.611
50005634,30010595,50005633,30010594,79787,40110924,3,-33571912346.2762,-1705903595.13239,-7633905843.51443
50005635,30010572,50005636,30010574,79787,40110767,4,649755831726.493,-97711690952.3074,-119588875504.49
50005636,30010574,50005635,30010572,79881,40110781,2,-352458004594.442,114185480146.483,-8197998585.10437
50005637,30010574,50005638,30010580,79787,40110781,3,351515916788.364,-113880272867.672,8176086089.42943
50005638,30010580,50005637,30010574,79787,40110827,5,-840223999576.582,-148203834335.259,-570018931506.868
50005639,30010578,50005640,30010580,79881,40110815,3,565206470574.43,391860479536.169,-1200494427405.36
50005640,30010580,50005639,30010578,79787,40110827,3,-71449639399.0631,21028739852.7895,1023384126016.39
50005641,30010588,50005642,30010591,79881,40110883,4,-174632944902.779,7933034631.4793,116522830779.281
50005642,30010591,50005641,30010588,79881,40110903,3,-1426239077337.94,97984343314.1321,-101878782942.419
50005643,30010567,50005644,30010568,79787,40110714,2,-86620810983.3749,31765439844.4037,194602455499.826
50005644,30010568,50005643,30010567,79787,40110718,3,-585633762132.788,19165999329.682,458891199210.747
50005645,30010589,50005646,30010592,79787,40110886,3,-28972269562.8448,1799389608.70218,-16404649526.0943
50005646,30010592,50005645,30010589,79881,40110907,4,-234223041610.438,27130655792.5952,-1466482295.05388
50005647,30010592,50005648,30010594,79787,40110907,3,116267446432.971,-31845656581.2281,-202648442708.474
50005648,30010594,50005647,30010592,79881,40110917,3,-109145498502.724,15233704133.2126,-58599043861.2255
50005649,30010593,50005650,30010596,79881,40110913,5,-98108821899.5138,-6536590878.82466,23673196064.8703
50005650,30010596,50005649,30010593,79787,40110927,4,-256470890741.555,-1900920830.55805,-102188382605.861
50005651,30010566,50005652,30010578,79881,40110707,4,-298244338315.274,4882289852.01975,-149296439530.66
50005652,30010578,50005651,30010566,79787,40110815,4,-1279879430340.61,-524942399455.341,23323401936.8796
50005653,30010595,50005654,30010596,79881,40110924,4,10115846116.2857,2008137015.15202,32892202224.3811
50005654,30010596,50005653,30010595,79881,40110927,2,-227929369477.363,-28655010556.151,179096210574.264
50005655,30010572,50005656,30010576,79787,40110767,3,-215752956004.787,80417441644.7862,626909412603.032
50005656,30010576,50005655,30010572,79881,40110791,5,-505347421399.27,10986559335.0391,83433131338.9993
50005657,30010574,50005658,30010582,79881,40110781,5,-176769167978.762,76754700843.4569,315373400651.115
50005658,30010582,50005657,30010574,79881,40110835,4,-96599179649.2797,2388933461.57129,-50426760871.344
50005659,30010568,50005660,30010569,79787,40110718,4,679604041926.316,161201566880.587,257036520023.602
50005660,30010569,50005659,30010568,79787,40110726,3,-258873906396.31,18982094035.6887,-390614959933.301
50005661,30010574,50005662,30010585,79881,40110781,4,-174746748809.602,37125572024.2154,-323549486740.545
50005662,30010585,50005661,30010574,79787,40110870,3,-531467828461.685,-112911308927.651,412514103322.139
50005663,30010588,50005664,30010596,79881,40110883,3,-13104932842.3489,7513348215.27948,-209544694302.89
50005664,30010596,50005663,30010588,79787,40110927,5,40436589269.1721,-25258655854.8704,271938006519.967
50005665,30010589,50005666,30010591,79881,40110886,4,195839866.853539,-4085156534.10624,33091024092.6211
50005666,30010591,50005665,30010589,79881,40110903,4,630212010765.919,29308303621.5568,1286900139288.02
50005667,30010588,50005668,30010593,79787,40110883,2,13173812750.0405,-7552838591.74677,210646067303.001
50005668,30010593,50005667,30010588,79787,40110913,2,-72182034645.2261,-9330199743.60563,-76369574531.887
50005669,30010576,50005670,30010582,79881,40110791,2,-375588237062.764,-115892758075.505,-442507567137.922
50005670,30010582,50005669,30010576,79787,40110835,2,-103573106548.073,629900084.985894,65814659809.0234
50005671,30010566,50005672,30010571,79787,40110707,5,20040453390.6861,-29915017453.1168,331611852783.525
50005672,30010571,50005671,30010566,79881,40110756,4,-472817315004.951,62495215468.2975,8580294814.11701
50005673,30010594,50005674,30010596,79881,40110917,5,101120952318.721,-34665754937.9153,-64432072473.3852
50005674,30010596,50005673,30010594,79787,40110927,3,216034301472.382,27159576685.4285,-169749623914.106
50005675,30010572,50005676,30010575,79881,40110767,2,216123062378.692,-80555391123.1017,-627984823914.942
50005676,30010575,50005675,30010572,79881,40110784,3,-43862356540.343,3076099937.93304,-26504068070.7321
50005677,30010577,50005678,30010583,79881,40110803,2,-7561652054.27933,-7560617530.97748,98640654539.9771
50005678,30010583,50005677,30010577,79787,40110850,2,-1072154212045.95,-63708061319.5842,-517815304848.828
50005679,30010583,50005680,30010587,79787,40110850,4,-76376426900.28,-45963901708.4292,-1053731501870.99
50005680,30010587,50005679,30010583,79787,40110881,2,-8048223510011.9,-2125041446950.1,1959009538.01702
50005681,30010582,50005682,30010585,79881,40110835,5,4606888699.31325,-1829464369.4616,108882488769.344
50005682,30010585,50005681,30010582,79881,40110870,5,-101524956026.316,103021493920.759,-666673950974.082
50005683,30010591,50005684,30010594,79881,40110903,5,796027066572.022,-127292646935.689,-1185021356345.6
50005684,30010594,50005683,30010591,79881,40110917,2,110523769352.318,-15426072766.1491,59339022651.702
50005685,30010588,50005686,30010592,79881,40110883,5,187737877745.128,-15446382846.7588,93021863523.6091
50005686,30010592,50005685,30010588,79881,40110907,2,-116456558876.658,31897454484.4387,202978056399.886
50005687,30010567,50005688,30010569,79881,40110714,3,85657228228.6549,-31412076378.0188,-192437668908.509
50005688,30010569,50005687,30010567,79787,40110726,4,-209184118564.686,-12696888742.2928,419567467503.31
50005689,30010575,50005690,30010576,79881,40110784,4,-810508744.96661,-13673246860.0324,49479487995.3023
50005690,30010576,50005689,30010575,79787,40110791,4,180248828043.0,-111300064691.782,-466455210920.271
50005691,30010577,50005692,30010579,79881,40110803,4,-89128350267.3799,2516204314.68813,43186675620.0073
50005692,30010579,50005691,30010577,79881,40110821,5,-990678115406.494,268074903822.663,-665038994211.53
50005693,30010575,50005694,30010585,79787,40110784,2,43982654708.2121,-3084536538.60622,26576758894.5152
50005694,30010585,50005693,30010575,79787,40110870,2,532562114526.062,113143791996.716,-413363465052.897
50005695,30010600,50005696,30010605,79881,40110986,5,57294674180.4788,3643303694.32745,-14742585462.0237
50005696,30010605,50005695,30010600,79787,40111034,4,-86388536322.1155,5968411409.75774,41177527287.4391
50005697,30010599,50005698,30010606,79881,40110982,4,-4255558829438.8,306465798587.131,-222646577741.17
50005698,30010606,50005697,30010599,79881,40111038,3,-94067635271.5964,28377019914.2565,12551012028.3546
50005699,30010599,50005700,30010615,79881,40110982,5,1891561620131.99,-791113364038.061,3748253995873.56
50005700,30010615,50005699,30010599,79787,40111108,3,-59038217978.6914,9984211179.761,-75921169669.3823
50005701,30010604,50005702,30010605,79787,40111021,3,211630421432.961,-68012320273.0026,-471816950905.681
50005702,30010605,50005701,30010604,79881,40111034,2,-7657519702.58354,215623573.469767,95799925047.4756
50005703,30010607,50005704,30010610,79787,40111051,4,419552707904.807,-8450867403.91972,838410606759.335
50005704,30010610,50005703,30010607,79881,40111080,4,-2538963879135.56,-311333568881.227,2628957024704.63
50005705,30010606,50005706,30010608,79881,40111038,5,38405916161.6271,-5248271564.46439,-91153411439.791
50005706,30010608,50005705,30010606,79881,40111053,4,-629594169291.197,152016021681.018,9183743493.93606
50005707,30010614,50005708,30010616,79881,40111104,2,246990315894.691,71800196069.4839,315923708767.887
50005708,30010616,50005707,30010614,79881,40111121,2,-789918748358.597,80480061043.6089,211851468799.397
50005709,30010598,50005710,30010616,79881,40110958,3,1411339406503.21,-85414460797.5064,-755414138487.54
50005710,30010616,50005709,30010598,79881,40111121,4,-570991858214.414,107048548165.149,-578951426802.069
50005711,30010597,50005712,30010605,79787,40110932,4,-714155002631.609,-16128773319.5793,10923470085.672
50005712,30010605,50005711,30010597,79881,40111034,3,7640039664.7253,-215131363.410404,-95581239835.8552
50005713,30010600,50005714,30010601,79787,40110986,3,-41672044514.0095,3063346058.32889,-42039907163.4409
50005714,30010601,50005713,30010600,79881,40110992,3,-1669996032554.82,112219717853.738,-341557469509.956
50005715,30010597,50005716,30010614,79787,40110932,3,348110165055.223,-13604729158.3244,-623723537828.271
50005716,30010614,50005715,30010597,79787,40111104,3,-244256581287.016,-71005498187.8198,-312427006587.822
50005717,30010598,50005718,30010603,79787,40110958,2,-1412111702105.69,85461200236.7637,755827506820.142
50005718,30010603,50005717,30010598,79787,40111014,4,-1872163415557.05,31210735872.5315,-1006049559922.54
50005719,30010603,50005720,30010605,79787,40111014,3,1807670730175.35,7555019924.86752,-1118201741433.78
50005720,30010605,50005719,30010603,79787,40111034,5,78748496657.3902,-5753280046.34733,54403712548.4161
50005721,30010597,50005722,30010598,79787,40110932,5,366044837576.386,29733502477.9037,612800067742.599
50005722,30010598,50005721,30010597,79881,40110958,4,-1326384529024.21,373123583053.675,-819333841619.804
50005723,30010597,50005724,30010604,79881,40110932,2,-361931858117.457,14144904107.227,648488443197.196
50005724,30010604,50005723,30010597,79881,40111021,4,-515696216762.579,61374349851.8103,48113899694.1065
50005725,30010599,50005726,30010601,79881,40110982,2,-2373335776263.41,-486562082829.586,3539534727694.04
50005726,30010601,50005725,30010599,79787,40110992,4,568045114253.088,280178391351.148,1586494984547.74
50005727,30010600,50005728,30010603,79881,40110986,4,-15622629666.4693,-6706649752.65634,56782492625.4646
50005728,30010603,50005727,30010600,79787,40111014,2,-1813993699305.15,-7581446285.02402,1122113048384.73
50005729,30010608,50005730,30010610,79881,40111053,2,-328632831523.782,114317712079.687,618952216102.659
50005730,30010610,50005729,30010608,79787,40111080,3,-985632590222.951,-158496190458.59,-3529601757013.35
50005731,30010599,50005732,30010604,79881,40110982,3,2363997209306.82,484647565450.93,-3525607418132.39
50005732,30010604,50005731,30010599,79787,40111021,2,-250654758636.096,80553691699.3316,558819299932.95
50005733,30010604,50005734,30010606,79787,40111021,5,304065795329.618,6637970421.19235,423703051211.574
50005734,30010606,50005733,30010604,79881,40111038,4,55661719109.9694,-23128748349.7921,78602399411.4363
50005735,30010607,50005736,30010608,79787,40111051,5,515823883019.547,-22881818554.516,-782579313221.968
50005736,30010608,50005735,30010607,79787,40111053,3,299799512146.589,-104287797881.583,-564647091312.296
50005737,30011320,50005738,30011323,79787,40118088,4,-1816350785632.3,303937360349.896,440145504806.759
50005738,30011323,50005737,30011320,79787,40118134,2,-1146637353568.19,-139742212862.198,-183699918039.178
50005739,30011338,50005740,30011368,79787,40118264,5,-54640627311.448,1549874414.64919,-6547475892.84994
50005740,30011368,50005739,30011338,79881,40118567,2,-195223606521.764,-50199198122.3828,-65194042154.4752
50005741,30011311,50005742,30011378,79881,40117993,5,-20153024939.1921,-3540991855.93732,9509064060.08759
50005742,30011378,50005741,30011311,79787,40118715,3,-462813164544.703,-72158011394.2654,78435799903.5362
50005743,30011383,50005744,30011384,79787,40118755,4,84823016944.6994,5924148628.61116,184544596146.222
50005744,30011384,50005743,30011383,79787,40118770,5,-17146678128.3909,183948542.508589,4958843338.12055
50005745,30011283,50005746,30011301,79881,40117700,4,191288882755.045,7376764816.36354,-392820104493.86
50005746,30011301,50005745,30011283,79787,40117897,5,-679959559145.838,-79406103902.723,-731079754856.226
50005747,30011372,50005748,30011378,79881,40118646,5,1309125919186.02,334275484828.136,80648287617.9247
50005748,30011378,50005747,30011372,79881,40118715,5,162792391679.286,35346867017.1275,-444751857550.001
50005749,30011304,50005750,30011318,79881,40117916,2,462596601408.574,-20898033466.9976,330281271560.864
50005750,30011318,50005749,30011304,79787,40118047,5,-232651855164.495,7725098754.04454,11349536862.1965
50005751,30011285,50005752,30011350,79881,40117759,2,904672421952.121,-34795841556.5602,646092873981.727
50005752,30011350,50005751,30011285,79881,40118359,5,-7786367699.90951,-26484893.843326,-10418330605.5492
50005753,30011374,50005754,30011391,79881,40118673,2,2788916488710.55,-64966150180.9645,-1785026680614.9
50005754,30011391,50005753,30011374,79881,40118838,3,-2251856050.1943,355416393.000852,2663794981.24765
50005755,30011304,50005756,30011313,79881,40117916,3,-461618995835.019,20853869644.93,-329583288024.159
50005756,30011313,50005755,30011304,79881,40118014,2,-1751042829094.06,17632134210.4099,326900131750.464
50005757,30011288,50005758,30011346,79881,40117781,3,-112507306040.319,11968581503.663,-136390563968.141
50005758,30011346,50005757,30011288,79881,40118342,4,-43639688586.5755,-1200611538.06527,10244146145.3977
50005759,30011367,50005760,30011373,79787,40118560,5,-201341210870.278,-15232029746.9151,-29329001139.6318
50005760,30011373,50005759,30011367,79881,40118659,3,-2321280911947.18,-428588462108.422,144835416388.112
50005761,30011397,50005762,30011401,79881,40118895,2,-725243705095.916,86833614794.6492,-679542323781.761
50005762,30011401,50005761,30011397,79881,40118954,4,-488276462845.532,27311087188.3635,-231284922068.332
50005763,30011307,50005764,30011309,79787,40117940,3,-287706270870.578,27170303801.3422,170755358259.853
50005764,30011309,50005763,30011307,79881,40117970,2,-43843194773.2607,-2964668743.38849,1675820988.65122
50005765,30011399,50005766,30011401,79787,40118931,5,176050908466.913,-24242645445.4703,-324831465990.23
50005766,30011401,50005765,30011399,79787,40118954,2,-433283678003.083,136303440553.224,296473175547.754
50005767,30011307,50005768,30011322,79787,40117940,2,288026416133.819,-27200537567.3164,-170945366350.238
50005768,30011322,50005767,30011307,79787,40118125,5,-848060975084.016,-8356116029.13466,337854343410.858
50005769,30011305,50005770,30011379,79881,40117925,5,-87890455851.1947,1370761737.58285,15846644364.9769
50005770,30011379,50005769,30011305,79787,40118726,3,-354660190363.303,-12321154772.7796,-344014263760.911
50005771,30011373,50005772,30011379,79787,40118659,5,1011436617293.21,333279167613.565,-2111618195956.93
50005772,30011379,50005771,30011373,79881,40118726,4,-120729904615.255,8852790243.10831,479194525627.05
50005773,30011384,50005774,30011397,79881,40118770,4,4304618380.64038,1144163352.16051,-17285649712.3359
50005774,30011397,50005773,30011384,79881,40118895,5,-951235116942.466,17839821147.0509,287841929596.667
50005775,30011283,50005776,30011350,79787,40117700,3,244030053757.017,15245367737.2105,362174542790.214
50005776,30011350,50005775,30011283,79787,40118359,3,-5095709818.51417,-941945853.353618,11929640207.0292
50005777,30011332,50005778,30011337,79881,40118214,5,-102504744031.416,-8175121234.05576,91902476924.878
50005778,30011337,50005777,30011332,79881,40118260,3,-1278786282970.57,503853916975.592,-1262644981747.03
50005779,30011346,50005780,30011374,79787,40118342,2,-13108901363.5741,1482277771.93255,43208119798.5784
50005780,30011374,50005779,30011346,79881,40118673,3,-2784951108356.63,64873779005.047,1782488666386.36
50005781,30011310,50005782,30011313,79881,40117986,4,5286644023336.8,1775160135506.88,3410874543478.15
50005782,30011313,50005781,30011310,79881,40118014,4,-1096055723033.75,-76008743973.0294,-1276998548052.01
50005783,30011391,50005784,30011399,79881,40118838,5,-1112180602.70096,399751345.314728,-3300944312.49989
50005784,30011399,50005783,30011391,79881,40118931,3,-370110045499.981,3474723065.47965,10177919591.0489
50005785,30011313,50005786,30011318,79881,40118014,5,-559841829971.497,92682812367.1095,1586136119817.03
50005786,30011318,50005785,30011313,79787,40118047,2,-127191107725.408,-2836843073.81636,-197059509397.417
50005787,30011316,50005788,30011337,79881,40118032,2,-7419207669.76197,-2180481792.62822,97933160146.0766
50005788,30011337,50005787,30011316,79881,40118260,4,-509823214994.109,-326470752047.287,1765483677241.75
50005789,30011357,50005790,30011393,79881,40118426,2,-1482758579248.6,-923733038594.732,-3598130525951.46
50005790,30011393,50005789,30011357,79787,40118865,2,-15558196383.6225,1068588573.87434,3045031916.17756
50005791,30011365,50005792,30011378,79787,40118552,4,-1884922889000.69,717609773315.491,2138036375563.27
50005792,30011378,50005791,30011365,79881,40118715,4,300020772865.417,36811144377.1379,366316057646.465
50005793,30011309,50005794,30011311,79881,40117970,3,43534499742.4059,2943794842.34301,-1664021720.49856
50005794,30011311,50005793,30011309,79881,40117993,2,-17917240681.0041,-4813550766.35047,-12933619863.8278
50005795,30011305,50005796,30011313,79787,40117925,2,-60055888240.0137,-3037666550.34462,-70877099770.2691
50005796,30011313,50005795,30011305,79787,40118014,3,1655897553005.24,-16674068394.0801,-309137571765.017
50005797,30011309,50005798,30011319,79787,40117970,4,-22350709113.465,-13168291430.9582,-35124485292.9727
50005798,30011319,50005797,30011309,79881,40118062,3,-2842235897981.13,148907344127.3,7552200587.58093
50005799,30011393,50005800,30011398,79787,40118865,4,-10366488894.3798,273089296.302265,-11893081616.0982
50005800,30011398,50005799,30011393,79881,40118906,3,-688743438145.123,-101046096268.82,308228976265.584
50005801,30011371,50005802,30011379,79881,40118627,3,-41063560807.0642,-2008702348.37971,34845438449.3838
50005802,30011379,50005801,30011371,79787,40118726,2,355955176110.206,12366143526.0981,345270377585.937
50005803,30011367,50005804,30011372,79881,40118560,2,-81737136369.4286,4041699851.07018,-203308353793.984
50005804,30011372,50005803,30011367,79881,40118646,4,-707083370568.969,-243375450393.807,1128209384621.43
50005805,30011337,50005806,30011371,79881,40118260,2,1288907667065.38,-507841838248.515,1272638610084.95
50005806,30011371,50005805,30011337,79787,40118627,5,-9692716232.38841,3666239827.62247,-52887289867.9294
50005807,30011334,50005808,30011338,79881,40118233,4,157114692691.1,193857600614.241,-2002521612701.98
50005808,30011338,50005807,30011334,79881,40118264,2,-21737356726.6381,-803053503.673404,-50690892479.1572
50005809,30011283,50005810,30011368,79787,40117700,2,-249826663795.752,-15607501213.4328,-370777518358.964
50005810,30011368,50005809,30011283,79787,40118567,5,-156303054104.999,-21921582670.4871,141025582511.63
50005811,30011305,50005812,30011401,79787,40117925,4,30180482333.9097,-4289770369.57791,-83955129154.632
50005812,30011401,50005811,30011305,79881,40118954,5,56140954921.0288,108631159209.632,526972465369.715
50005813,30011288,50005814,30011357,79881,40117781,2,113424999299.607,-12066206155.392,137503066840.97
50005814,30011357,50005813,30011288,79881,40118426,5,-3906669332780.81,-599124577723.087,-447070858211.755
50005815,30011304,50005816,30011310,79787,40117916,5,516793830298.815,19662548345.8964,-233858175177.476
50005816,30011310,50005815,30011304,79787,40117986,3,-5390744324734.81,-1981382320282.17,3122156852839.96
50005817,30011304,50005818,30011319,79787,40117916,4,-55174834463.7964,-40516417990.8264,563441463201.635
50005818,30011319,50005817,30011304,79881,40118062,4,1417284287983.29,-272234616399.788,2453105968626.45
50005819,30011325,50005820,30011337,79881,40118159,5,-104839871179.334,-88866041437.6853,1945871737417.36
50005820,30011337,50005819,30011325,79881,40118260,5,1788609497964.68,-177383164928.305,-502838695494.722
50005821,30011311,50005822,30011322,79881,40117993,3,17875664370.4992,4802381095.48115,12903607865.6086
50005822,30011322,50005821,30011311,79881,40118125,2,-733003937992.112,6958360311.16411,-578302151263.538
50005823,30011318,50005824,30011320,79787,40118047,4,106275611780.878,-10543767269.0773,-207146562031.821
50005824,30011320,50005823,30011318,79881,40118088,2,-619747288118.081,107043306007.299,2115257440046.6
50005825,30011318,50005826,30011319,79787,40118047,3,126376243383.617,2818668515.03273,195797025169.624
50005826,30011319,50005825,30011318,79881,40118062,5,1424951609997.84,123327272272.488,-2460658169214.03
50005827,30012202,50005828,30012207,79787,40126971,4,-42674471571.324,-28062647383.1713,133486769836.416
50005828,30012207,50005827,30012202,79787,40127020,4,-289268972569.092,-28572812052.8908,-48243303819.3179
50005829,30012249,50005830,30012258,79881,40127468,3,286481002024.77,74869468894.1299,573787611491.123
50005830,30012258,50005829,30012249,79881,40127614,5,-520604235746.06,30496520183.5528,-728104259485.074
50005831,30012231,50005832,30012261,79787,40127262,2,-259111701868.488,18402794037.5795,337945521937.118
50005832,30012261,50005831,30012231,79787,40127629,2,-728167944580.482,-33223460012.9736,-306688100410.192
50005833,30012231,50005834,30012245,79787,40127262,3,258105293581.995,-18331316276.1334,-336632917484.258
50005834,30012245,50005833,30012231,79787,40127436,4,-1067756078497.84,56646090389.6064,-19184675750.9121
50005835,30012220,50005836,30012233,79787,40127165,5,567822877249.613,-307797974915.064,-4214617816663.02
50005836,30012233,50005835,30012220,79881,40127269,4,-108804342853.989,-1898680004.72174,41424725912.504
50005837,30012249,50005838,30012260,79787,40127468,4,353913858506.856,398130182.432133,-540049856257.217
50005838,30012260,50005837,30012249,79881,40127623,3,-167454839823.558,30057038243.6381,54467079062.3472
50005839,30012247,50005840,30012253,79787,40127459,4,1032672314501.53,126971789399.946,-345000732118.344
50005840,30012253,50005839,30012247,79881,40127547,2,-844576753970.554,4828301362.29298,378991656345.122
50005841,30012217,50005842,30012221,79881,40127136,3,-213659123814.508,66251125709.8831,-76923201598.469
50005842,30012221,50005841,30012217,79787,40127174,5,-6692413889046.77,-146962035622.069,-1947269037774.76
50005843,30012196,50005844,30012253,79881,40126925,2,501827600718.154,-119985033164.522,-1151479128146.99
50005844,30012253,50005843,30012196,79787,40127547,4,-749315781876.457,6303368987.70024,-541093103544.307
50005845,30012220,50005846,30012247,79787,40127165,3,-3943011425199.79,184032840141.327,1612128583059.24
50005846,30012247,50005845,30012220,79881,40127459,5,-828309492104.704,61483326443.5748,-715319953211.325
50005847,30012253,50005848,30012259,79881,40127547,5,-93943132771.6027,-1482601488.21625,919493398470.493
50005848,30012259,50005847,30012253,79787,40127617,4,-529502892286.625,17165219236.2397,-291861389740.467
50005849,30012191,50005850,30012250,79881,40126881,5,-3218377210180.32,-55300148355.0938,-3852861723765.85
50005850,30012250,50005849,30012191,79881,40127492,4,-517768711164.762,90516275168.5513,837457128255.807
50005851,30012204,50005852,30012232,79787,40126984,4,42979491553.2266,-43250275612.0119,621267621237.617
50005852,30012232,50005851,30012204,79787,40127265,3,-81608706124.9908,2050406392.72284,-46605381287.2012
50005853,30012230,50005854,30012244,79787,40127258,5,-387462257775.795,-71778074841.5592,68088367228.444
50005854,30012244,50005853,30012230,79787,40127427,4,-210496835896.942,-3171035964.53925,-12506760191.1482
50005855,30012258,50005856,30012260,79787,40127614,3,-370770811521.056,-25755512463.5985,814837578663.446
50005856,30012260,50005855,30012258,79787,40127623,5,33238117713.7846,-33429344426.9888,-172304724520.03
50005857,30012205,50005858,30012263,79787,40126996,2,-2435839875691.34,-262044968443.231,-1334107558189.64
50005858,30012263,50005857,30012205,79787,40127639,5,-16095185373.859,-414943351.657613,-3235042003.07986
50005859,30012245,50005860,30012262,79787,40127436,2,-613595117970.988,-31677558873.5261,1013900951769.08
50005860,30012262,50005859,30012245,79881,40127635,5,-34662917676.3028,-4714295684.20139,3781820787.81691
50005861,30012265,50005862,30012267,79787,40127658,4,-23751681883.9928,-6938428395.14403,15331749594.3943
50005862,30012267,50005861,30012265,79881,40127675,3,-1249818601380.47,57145511847.0587,1202881378172.13
50005863,30012204,50005864,30012211,79881,40126984,5,517844719092.642,23040661584.6435,-347846597014.461
50005864,30012211,50005863,30012204,79787,40127051,4,-3289451588231.87,-642015118816.24,-124771722286.177
50005865,30012252,50005866,30012260,79881,40127524,4,-2151770463473.34,-59550267838.9334,673475823178.827
50005866,30012260,50005865,30012252,79787,40127623,4,134216722109.774,3372306183.3507,117837645457.683
50005867,30012230,50005868,30012239,79787,40127258,4,130890345861.997,52425898829.4712,-374211653309.409
50005868,30012239,50005867,30012230,79787,40127382,2,-1258252181536.32,-33116321361.7911,-229721760372.056
50005869,30012266,50005870,30012268,79881,40127668,3,-84846412600.5751,1842265138931.1,-4258204051638.74
50005870,30012268,50005869,30012266,79787,40127680,4,-41321971442.9498,-2290670869.0042,-12860040433.877
50005871,30012261,50005872,30012265,79787,40127629,3,712746480473.282,32519838822.3948,300192923620.576
50005872,30012265,50005871,30012261,79881,40127658,3,-2198681034.53703,5697772473.74165,-28461340746.4227
50005873,30012248,50005874,30012255,79787,40127463,2,111237740649.884,41904315089.7119,317202947672.536
50005874,30012255,50005873,30012248,79787,40127599,3,-3369532195641.7,180525339410.277,2142582117030.38
50005875,30012258,50005876,30012259,79787,40127614,4,891375047267.117,-4741007719.95435,-86733319178.3723
50005876,30012259,50005875,30012258,79787,40127617,2,-526339517656.609,23877547121.5509,318400399218.949
50005877,30012200,50005878,30012211,79787,40126960,5,822582744049.641,63183615253.8897,-2186306349.96604
50005878,30012211,50005877,30012200,79881,40127051,2,-1807651960571.58,-311312067121.503,2919454876367.18
50005879,30012229,50005880,30012235,79787,40127250,2,-618984885869.184,395467008934.486,727381369336.646
50005880,30012235,50005879,30012229,79881,40127332,3,-1722193663397.65,54326186458.7804,1337881589586.52
50005881,30012263,50005882,30012267,79787,40127639,3,5223013777.82474,1996640460.76627,15441056340.5728
50005882,30012267,50005881,30012263,79787,40127675,5,-416567888388.53,-1447523246.50571,-1684845647195.66
50005883,30012231,50005884,30012262,79881,40127262,5,162910494318.039,20165075518.5215,391573289992.833
50005884,30012262,50005883,30012231,79881,40127635,2,-21305190026.7104,-636915920.025833,-28924872472.1315
50005885,30012233,50005886,30012244,79787,40127269,2,-21017769431.9187,-4578824249.7243,130580529175.753
50005886,30012244,50005885,30012233,79787,40127427,2,-116622800488.755,24379371951.9742,174588507330.927
50005887,30012235,50005888,30012241,79881,40127332,2,1741276402316.44,-54928146885.5779,-1352705964812.7
50005888,30012241,50005887,30012235,79881,40127392,3,-49075049329.5876,19986805974.6301,76856541008.4689
50005889,30012200,50005890,30012204,79881,40126960,2,404171077947.236,190139938513.635,701194093395.589
50005890,30012204,50005889,30012200,79787,40126984,3,-560824210645.869,20209614027.3683,-273421024223.156
50005891,30012250,50005892,30012253,79881,40127492,3,-469711410124.508,-135363264654.363,-859453345900.188
50005892,30012253,50005891,30012250,79881,40127547,3,843258914648.06,-4820767499.48399,-378400294926.185
50005893,30012191,50005894,30012258,79787,40126881,2,1730436405011.26,-65328597174.8844,-4720482732174.66
50005894,30012258,50005893,30012191,79787,40127614,2,371779081228.569,25825551695.9533,-817053438222.99
50005895,30012248,50005896,30012252,79787,40127463,5,305330347651.471,85376165999.9409,53309717693.2742
50005896,30012252,50005895,30012248,79787,40127524,2,-522220251668.083,-27524471615.4688,2333565744353.79
50005897,30012231,50005898,30012266,79787,40127262,4,-421015787900.034,-1833759242.38808,-54940372508.5749
50005898,30012266,50005897,30012231,79787,40127668,4,-3949286557575.91,-1371706887365.16,2013702411616.43
50005899,30012233,50005900,30012239,79881,40127269,3,18492341083.5301,4028647286.36957,-114890387974.222
50005900,30012239,50005899,30012233,79881,40127382,5,-827980172040.905,246633836235.33,941344040722.58
50005901,30012203,50005902,30012268,79881,40126973,4,-73065961620.5814,-4891841317.83422,35252462317.4292
50005902,30012268,50005901,30012203,79881,40127680,2,-32471135277.1639,1645742830.02453,29767448652.8512
50005903,30012196,50005904,30012247,79787,40126925,4,1237669956938.39,-191559601072.24,-130564440229.298
50005904,30012247,50005903,30012196,79787,40127459,3,-204362822396.829,-188455115843.521,1060320685329.67
50005905,30012261,50005906,30012266,79881,40127629,5,-612683562694.261,-83164026152.351,465707497786.274
50005906,30012266,50005905,30012261,79787,40127668,2,86092445688.742,-1869320181683.37,4320738965984.34
50005907,30012425,50005908,30012429,79881,40129266,3,-1332428556.29711,386444293.29348,-806341531.37378
50005908,30012429,50005907,30012425,79881,40129308,3,-591559563571.471,141104844851.308,774831976969.795
50005909,30012387,50005910,30012390,79787,40128936,5,124482904996.795,26271214099.6317,-1000924024200.15
50005910,30012390,50005909,30012387,79787,40128981,5,-573652032181.479,2565582004.31044,-542129461278.003
50005911,30012389,50005912,30012399,79881,40128974,3,554493566767.753,91389061359.7397,584772496621.619
50005912,30012399,50005911,30012389,79881,40129064,2,-14285660494.066,214607285.340277,2617636365.33247
50005913,30012392,50005914,30012407,79787,40128987,5,14002350966.1342,-1219007483.99135,30396883897.7288
50005914,30012407,50005913,30012392,79787,40129133,4,-532910174880.203,11138359584.309,685705574174.779
50005915,30012403,50005916,30012407,79881,40129092,5,62030870821.1297,11738897430.2305,-272789480826.838
50005916,30012407,50005915,30012403,79881,40129133,3,-327125950844.698,-38344583872.7672,-803634094082.014
50005917,30012387,50005918,30012420,79787,40128936,3,-927090942973.405,-73542662589.0827,391316921156.906
50005918,30012420,50005917,30012387,79787,40129236,5,-190170042671.971,13912796512.4852,98894968223.4683
50005919,30012427,50005920,30012428,79881,40129294,5,792054321791.253,-403416607232.329,-3032219419879.16
50005920,30012428,50005919,30012427,79787,40129304,3,-217366280107.729,30116676369.978,-330154471068.549
50005921,30012389,50005922,30012392,79787,40128974,4,221332696193.352,43238093534.9129,-779048300037.531
50005922,30012392,50005921,30012389,79881,40128987,4,-33035168619.8219,4573448675.74535,-3046894154.23216
50005923,30012384,50005924,30012387,79881,40128907,2,48234204998.9874,9308842271.14278,-40728864021.936
50005924,30012387,50005923,30012384,79881,40128936,4,802608037976.61,47271448489.451,609607103043.243
50005925,30012404,50005926,30012420,79787,40129096,4,-1153548621509.21,-315933889935.179,-1467382870689.67
50005926,30012420,50005925,30012404,79787,40129236,2,-182511566468.189,4229789052.03791,-116415978295.092
50005927,30012377,50005928,30012381,79787,40128865,5,-4041516987.97594,-3285674092.72644,-30065935671.1078
50005928,30012381,50005927,30012377,79881,40128891,4,-41233889951.5724,1439859747.39585,-15912794669.1833
50005929,30012394,50005930,30012397,79881,40129016,5,-733953604244.449,-48970712178.7135,-312858275001.746
50005930,30012397,50005929,30012394,79787,40129047,2,-7995981013.3654,349173076.33087,281569032.694735
50005931,30012380,50005932,30012410,79787,40128888,5,-981939211353.693,-92416569629.1716,-1345979400207.99
50005932,30012410,50005931,30012380,79881,40129158,2,-591901339013.544,46204756532.512,-310294315614.687
50005933,30012428,50005934,30012429,79787,40129304,2,218068417214.086,-30213959333.9641,331220936873.88
50005934,30012429,50005933,30012428,79881,40129308,5,-372705822627.122,6089389882.14307,-911740739541.129
50005935,30012424,50005936,30012425,79881,40129258,5,377124438483.358,-133730566117.668,398719026273.309
50005936,30012425,50005935,30012424,79881,40129266,4,13202955.6582533,59770203.8815475,1603479004.96488
50005937,30012381,50005938,30012399,79787,40128891,2,-40068504173.0336,-6963437339.91502,31618652636.9912
50005938,30012399,50005937,30012381,79881,40129064,4,-9377813397.42236,96504348.4044389,-11026202633.4819
50005939,30012424,50005940,30012434,79787,40129258,4,-537873608827.916,98535669803.463,141655465940.049
50005940,30012434,50005939,30012424,79787,40129361,3,-1860426167615.05,-558812935180.538,-143761029653.947
50005941,30012374,50005942,30012378,79787,40128826,4,-2726227713671.38,-299964519369.415,-838760788477.936
50005942,30012378,50005941,30012374,79787,40128869,3,-1550231798365.55,-262635707944.993,2425660105563.5
50005943,30012385,50005944,30012408,79787,40128911,4,1633274971437.91,-263458019523.7,1422130584728.54
50005944,30012408,50005943,30012385,79787,40129147,4,-2219554858084.26,138633280376.669,1054034058806.5
50005945,30012379,50005946,30012438,79787,40128871,5,27325266065.4779,-24835232283.0912,77338989287.8734
50005946,30012438,50005945,30012379,79881,40129405,4,-102530638065.262,-7499731936.52563,-26656520640.9071
50005947,30012376,50005948,30012378,79787,40128855,4,147952022399.069,-102745753535.065,-2382609822688.48
50005948,30012378,50005947,30012376,79881,40128869,5,-1336626046130.53,360276378725.046,-2537647500188.31
50005949,30012404,50005950,30012408,79787,40129096,3,1861388970522.34,195322005127.202,-284220950880.965
50005950,30012408,50005949,30012404,79881,40129147,2,-207073890806.831,-4954988945.18258,2541727404764.13
50005951,30012389,50005952,30012407,79787,40128974,5,-775826262961.104,-134627154894.653,194275803415.912
50005952,30012407,50005951,30012389,79787,40129133,2,371730266578.503,43572949037.0898,913211303637.922
50005953,30012405,50005954,30012425,79881,40129118,4,-2830045664212.42,2043298815022.35,7308824644656.12
50005954,30012425,50005953,30012405,79787,40129266,2,1344998507.16677,-390089956.513172,813948448.371794
50005955,30012381,50005956,30012403,79881,40128891,3,34395978068.4045,5977618655.0438,-27142377912.5346
50005956,30012403,50005955,30012381,79787,40129092,3,-267084212811.591,-17516132636.5709,82212771889.48
50005957,30012386,50005958,30012420,79881,40128926,4,87885359860.7793,9761757060.51476,227468462736.229
50005958,30012420,50005957,30012386,79787,40129236,4,9109779960.76725,-9716642088.98772,-214385224659.16
50005959,30012401,50005960,30012402,79787,40129075,2,45928989556.9415,4618604577.19548,-4929332464.8065
50005960,30012402,50005959,30012401,79787,40129083,5,-3790475064109.31,807955436275.088,-4122278008962.2
50005961,30012384,50005962,30012434,79787,40128907,5,-10790965507.4006,1600687981.87035,-60816764179.7068
50005962,30012434,50005961,30012384,79881,40129361,4,769165431815.943,384430421259.458,1747776428788.51
50005963,30012385,50005964,30012389,79881,40128911,2,2110658709513.85,-155863601240.352,-734570005489.513
50005964,30012389,50005963,30012385,79787,40128974,2,-557473164742.202,-91880144896.9241,-587914799888.731
50005965,30012397,50005966,30012400,79787,40129047,3,7910630180.50455,-345445927.300924,-278563503.866171
50005966,30012400,50005965,30012397,79787,40129068,3,-944828067381.009,-93946872799.8922,-14475440140.8724
50005967,30012412,50005968,30012425,79881,40129180,5,282196753487.526,68022850371.2264,-721122876193.788
50005968,30012425,50005967,30012412,79881,40129266,5,1319225600.63885,-446214497.175027,-797137473.591096
50005969,30012412,50005970,30012434,79881,40129180,4,485389521203.882,-90669039994.0686,600380259763.383
50005970,30012434,50005969,30012412,79881,40129361,5,1091260735799.1,174382513921.081,-1604015399134.57
50005971,30012376,50005972,30012377,79881,40128855,3,1979935435893.61,273843644304.974,1309252224034.65
50005972,30012377,50005971,30012376,79787,40128865,3,-24155624335.0523,1090552305.1202,18611999093.0725
50005973,30012382,50005974,30012411,79881,40128900,5,108791436844.274,35234384133.2352,32917808927.7612
50005974,30012411,50005973,30012382,79881,40129172,5,-2808816120483.06,-151055956664.675,616674286204.304
50005975,30012437,50005976,30012438,79881,40129392,4,584730667535.011,-78275261788.359,-700183204802.208
50005976,30012438,50005975,30012437,79881,40129405,2,-74701231502.845,-895211579.720757,75703996807.0529
50005977,30012384,50005978,30012420,79881,40128907,4,57494479291.0476,7412742286.73757,21380412688.4631
50005978,30012420,50005977,30012384,79881,40129236,3,181060262711.203,-4196154423.49753,115490256435.692
50005979,30012398,50005980,30012400,79787,40129055,2,-489124174852.807,120131491757.628,-1378259173382.35
50005980,30012400,50005979,30012398,79787,40129068,4,433897625947.039,314670480639.366,783869229526.71
50005981,30012376,50005982,30012379,79881,40128855,5,-2127887458292.68,-171097890769.909,1073357598653.84
50005982,30012379,50005981,30012376,79881,40128871,4,-83803454833.9718,10598742979.7507,-14471551309.8526
50005983,30012424,50005984,30012428,79881,40129258,2,-202127987540.451,-44254496296.5402,679473544996.599
50005984,30012428,50005983,30012424,79787,40129304,4,-176111456058.556,11305874213.9499,354984536202.906
50005985,30012385,50005986,30012393,79787,40128911,5,422132894397.191,111674469420.238,-2137471705717.94
50005986,30012393,50005985,30012385,79787,40128994,4,-1461537544234.84,129818827518.932,-446956075034.645
50005987,30012379,50005988,30012380,79881,40128871,2,-60329674582.4614,-15207335532.4444,67154633633.7693
50005988,30012380,50005987,30012379,79881,40128888,3,-665209365146.654,-104097078140.142,1526782984501.75
50005989,30012394,50005990,30012398,79787,40129016,4,641171410400.48,-61042039287.2676,-473433644766.071
50005990,30012398,50005989,30012394,79881,40129055,5,-1348776112143.53,67684770952.6733,-246198482407.409
50005991,30012379,50005992,30012437,79881,40128871,3,56478188768.4939,14236489303.3404,-62867437978.0209
50005992,30012437,50005991,30012379,79787,40129392,5,-902518607461.853,-18152031739.1585,-153049525905.586
50005993,30012388,50005994,30012394,79787,40128960,4,4517874998566.6,-270917700388.62,-94896656049.2127
50005994,30012394,50005993,30012388,79881,40129016,2,-101036912628.746,-119800451976.906,-856247354226.951
50005995,30012405,50005996,30012410,79787,40129118,5,7784105898182.95,-2049162316447.63,-900985772393.904
50005996,30012410,50005995,30012405,79881,40129158,5,-562821089680.853,-47516269107.8159,349529267145.842
50005997,30012374,50005998,30012404,79881,40128826,5,697277392430.154,-344940896717.286,2760549933570.52
50005998,30012404,50005997,30012374,79787,40129096,2,-1978088071944.42,-207567646874.991,302040079552.297
50005999,30012388,50006000,30012403,79787,40128960,2,2483936792581.5,-298534904718.192,-4540305045295.89
50006000,30012403,50005999,30012388,79881,40129092,4,205053341990.461,5777235206.34032,190576708937.358
50006001,30012386,50006002,30012387,79881,40128926,2,241532220188.973,-8206668051.90671,38295645810.4201
50006002,30012387,50006001,30012386,79881,40128936,2,1000904939046.72,79398051263.4247,-422473158741.383
50006003,30012384,50006004,30012399,79787,40128907,3,-46703513783.647,-9013430268.60792,39436351491.2437
50006004,30012399,50006003,30012384,79787,40129064,5,-4858728298.266,117365046.518843,13634838704.2247
50006005,30012385,50006006,30012390,79881,40128911,3,-2055407865835.1,151783550103.462,715341120989.399
50006006,30012390,50006005,30012385,79787,40128981,3,-182677126808.893,-3623036684.85824,767856451407.792
50006007,30012401,50006008,30012408,79787,40129075,5,18507827731.7566,2311941586.03138,-42065314163.0758
50006008,30012408,50006007,30012401,79787,40129147,3,199836395418.632,4781805790.61102,-2452890804947.7
50006009,30012479,50006010,30012482,79787,40129806,3,1984856622449.87,533306812348.826,853688327108.611
50006010,30012482,50006009,30012479,79787,40129835,3,-848566133469.38,-247128455704.415,-78392515217.0697
50006011,30012440,50006012,30012490,79787,40129411,5,52382292850.6827,-9696035752.65517,34785527694.1891
50006012,30012490,50006011,30012440,79787,40129924,5,-734501847217.562,218825964491.233,-361026991142.09
50006013,30012486,50006014,30012487,79881,40129868,2,-1566814198476.87,-603312017617.222,3107523768550.46
50006014,30012487,50006013,30012486,79787,40129886,5,-1842077708277.39,-569955653476.224,-3083789460432.55
50006015,30012441,50006016,30012482,79881,40129414,3,-182797475293.21,11492610777.9117,-20993479548.9448
50006016,30012482,50006015,30012441,79881,40129835,4,412037679000.825,-70229303266.3624,782671795185.195
50006017,30012443,50006018,30012446,79787,40129425,5,745892809991.873,22213130027.5787,172001786827.766
50006018,30012446,50006017,30012443,79787,40129454,4,-1166507179445.9,-2787520667.00417,769453966400.539
50006019,30012454,50006020,30012476,79787,40129540,5,33183559028.6491,-71374595969.3539,3266122878773.09
50006020,30012476,50006019,30012454,79787,40129763,3,-7252475027118.53,-1125418978633.62,2842950018852.98
50006021,30012468,50006022,30012475,79881,40129668,4,-366730987641.302,-21318149010.37,279360419064.55
50006022,30012475,50006021,30012468,79881,40129750,5,-134446980074.843,-54402227924.668,-151698728657.388
50006023,30012442,50006024,30012486,79787,40129422,2,-61775164878.0814,-38582175609.7362,103880829599.423
50006024,30012486,50006023,30012442,79787,40129868,4,-3276563926320.42,-904522454941.355,105027763055.325
50006025,30012471,50006026,30012473,79881,40129694,5,68228540619.0917,2950559384.28379,-16564079236.3015
50006026,30012473,50006025,30012471,79787,40129727,4,-3483249879067.26,225410092461.883,-1792211817156.48
50006027,30012445,50006028,30012447,79787,40129440,2,3303597651202.96,69634443206.2131,-1173491648880.31
50006028,30012447,50006027,30012445,79881,40129464,4,-2805720688007.64,-1531408558405.69,1510454483273.32
50006029,30012484,50006030,30012487,79881,40129845,3,-559922377711.371,267521870378.494,-618432246588.713
50006030,30012487,50006029,30012484,79787,40129886,3,-1696012056907.28,-263536014587.306,3206547838155.15
50006031,30012442,50006032,30012490,79787,40129422,4,-126371270077.365,-8273299404.19762,-886518373.648598
50006032,30012490,50006031,30012442,79787,40129924,2,-37046035623.7609,144949917526.537,-853825498798.77
50006033,30012454,50006034,30012473,79881,40129540,3,2810364618220.99,-76833378243.0418,-1664242015280.21
50006034,30012473,50006033,30012454,79787,40129727,2,-3310110533132.96,-3536315736.32836,2126274646167.59
50006035,30012447,50006036,30012477,79787,40129464,5,2811008273204.07,865479180753.443,1961614583340.3
50006036,30012477,50006035,30012447,79881,40129774,5,-2565336078798.88,-234425425323.239,-593234620099.698
50006037,30012487,50006038,30012488,79787,40129886,2,1698301971571.64,263891834572.154,-3210877241880.0
50006038,30012488,50006037,30012487,79787,40129905,5,-1508868083860.25,389434958724.701,-2319369141982.18
50006039,30012471,50006040,30012489,79881,40129694,3,-48407574600.8736,-2946177373.19713,-50855039443.3456
50006040,30012489,50006039,30012471,79787,40129913,3,-441308055297.043,-3201125645.01423,121437685429.878
50006041,30012442,50006042,30012483,79881,40129422,3,61665589497.8993,38513739425.5668,-103696568150.353
50006042,30012483,50006041,30012442,79787,40129838,4,-155076349225.226,-4339671518.52589,-60407875017.9016
50006043,30012478,50006044,30012482,79787,40129783,4,-13088965085.5639,658116050.839677,1277664238.76623
50006044,30012482,50006043,30012478,79787,40129835,5,436528454468.556,317357758970.778,-704279279968.126
50006045,30012440,50006046,30012446,79881,40129411,3,4144646541.94899,3763203678.30916,-63376737480.6602
50006046,30012446,50006045,30012440,79787,40129454,3,-83114888094.8493,1687915468.7823,-1394953491231.22
50006047,30012466,50006048,30012476,79881,40129645,4,-199977513880.386,7810411131.37166,-24826425170.0643
50006048,30012476,50006047,30012466,79881,40129763,5,1150233370501.12,477750200817.189,-7771489216691.2
50006049,30012477,50006050,30012481,79787,40129774,2,-779077558062.585,-130255879308.085,-2570133808991.83
50006050,30012481,50006049,30012477,79787,40129824,3,-360305918530.046,-21987721932.2916,-169150011307.058
50006051,30012440,50006052,30012441,79881,40129411,4,-56526939392.6317,5932832074.34601,28591209786.4711
50006052,30012441,50006051,30012440,79787,40129414,4,76683916058.9811,38915428411.0403,163073264850.743
50006053,30012454,50006054,30012470,79787,40129540,4,-2843548177249.64,148207974212.396,-1601880863492.88
50006054,30012470,50006053,30012454,79881,40129690,4,-715687574602.333,-67968576121.873,97579924170.943
50006055,30012441,50006056,30012479,79787,40129414,5,106113559234.229,-50408039188.952,-142079785301.798
50006056,30012479,50006055,30012441,79787,40129806,2,-2111602359906.3,-567361849099.167,-908201764176.813
50006057,30012468,50006058,30012490,79881,40129668,3,-57774799252.2824,-9514460749.09112,-457777098729.858
50006058,30012490,50006057,30012468,79787,40129924,3,36206195279.2801,-141663876615.053,834469119932.207
50006059,30012442,50006060,30012480,79881,40129422,5,64705680579.4658,-30240440021.3692,104583086524.002
50006060,30012480,50006059,30012442,79881,40129817,5,-1994553796863.74,-232012673978.123,-2501185660003.76
50006061,30012440,50006062,30012443,79787,40129411,2,-4159080863.54685,-3776309570.8337,63597455990.9988
50006062,30012443,50006061,30012440,79787,40129425,4,-522424672515.853,7056217666.72834,559872122144.051
50006063,30012473,50006064,30012476,79787,40129727,5,181922007952.589,-228937025349.636,3912844853659.24
50006064,30012476,50006063,30012473,79881,40129763,4,6102241656617.41,647668777816.429,4928539197838.22
50006065,30012443,50006066,30012490,79787,40129425,3,-223468137476.021,-29269347694.307,-731873908971.817
50006066,30012490,50006065,30012443,79787,40129924,4,698295651938.281,-77162087876.1799,-473442128790.118
50006067,30012480,50006068,30012484,79881,40129817,3,-1163942711133.3,-40667852266.2413,2988576237319.4
50006068,30012484,50006067,30012480,79881,40129845,4,-268931398621.675,-78472103144.7858,830094871491.777
50006069,30012483,50006070,30012489,79881,40129838,3,128908710473.806,-36275650164.5248,-98910261202.8336
50006070,30012489,50006069,30012483,79787,40129913,5,115654589317.405,-13086545946.3546,-442676989014.604
50006071,30012481,50006072,30012482,79787,40129824,4,33766206875.0682,4949679513.19595,397178656418.892
50006072,30012482,50006071,30012481,79787,40129835,2,853168439986.846,248468788363.803,78817687009.195
50006073,30012466,50006074,30012475,79881,40129645,2,-121454945001.651,24975086766.198,160959558538.915
50006074,30012475,50006073,30012466,79787,40129750,3,-70900788294.5083,41558958667.2759,193116618405.536
50006075,30012478,50006076,30012479,79881,40129783,3,5444989531.73098,-163139068.756279,-11987995007.4268
50006076,30012479,50006075,30012478,79787,40129806,5,-1792398152019.85,-80312153710.6933,1316705946756.7
50006077,30012441,50006078,30012478,79881,40129414,2,183342534584.828,-11526879053.66,21056077191.9001
50006078,30012478,50006077,30012441,79787,40129783,2,-5526926494.17344,165594008.232597,12168392029.489
50006079,30012484,50006080,30012488,79881,40129845,2,566218036031.813,-270529834260.975,625385778495.724
50006080,30012488,50006079,30012484,79787,40129905,3,-1282315250065.67,-412719231259.98,2448090303470.31
50006081,30022526,50006082,30022529,79881,40239119,4,37537122406.4351,5356189705.56799,70698810807.6493
50006082,30022529,50006081,30022526,79881,40239158,5,-1818719278046.02,-130703861355.581,-2775513927615.76
50006083,30022534,50006084,30022536,79881,40239246,5,-3212793935216.42,168448016516.163,-341933824392.295
50006084,30022536,50006083,30022534,79881,40239282,3,-638929210150.25,11666966495.9927,-23021517840.6364
50006085,30022535,50006086,30022544,79787,40239276,4,-969502547228.814,15397899155.5378,-1419008400541.91
50006086,30022544,50006085,30022535,79787,40239365,5,-79979777504.6838,31958093358.7153,19993939345.8717
50006087,30022526,50006088,30022547,79881,40239119,5,42308515552.6906,-12243155465.2416,-67053268617.6832
50006088,30022547,50006087,30022526,79787,40239414,3,-150122892289.497,-9386229801.73571,-12912366350.5661
50006089,30022533,50006090,30022534,79787,40239208,3,-29487524865.9601,-28073260098.8554,352424005535.075
50006090,30022534,50006089,30022533,79787,40239246,2,-1398553241031.69,-228832563839.88,-3100709505720.74
50006091,30022542,50006092,30022546,79881,40239343,2,400076574498.021,-6348926725.36918,-240445579547.856
50006092,30022546,50006091,30022542,79787,40239405,3,-1859440576213.71,-100501189663.86,1196184302606.87
50006093,30022527,50006094,30022530,79881,40239124,5,661114645262.344,137390433497.354,-510238198070.783
50006094,30022530,50006093,30022527,79881,40239162,5,-221303194524.837,20224153318.7377,-236448077642.78
50006095,30022529,50006096,30022533,79881,40239158,2,1494074746452.08,135078144422.641,-2982838813652.27
50006096,30022533,50006095,30022529,79787,40239208,5,-291424749373.682,18048179757.1771,-201509752599.282
50006097,30022529,50006098,30022536,79787,40239158,4,3304762373441.82,265055870406.542,-191290132376.911
50006098,30022536,50006097,30022529,79881,40239282,4,299995430674.014,18920489035.8671,564394720602.066
50006099,30022526,50006100,30022531,79787,40239119,2,80184580891.2387,-6916200773.97889,3661017434.33252
50006100,30022531,50006099,30022526,79787,40239182,2,-971531742920.877,109504647918.936,-500594843249.674
50006101,30022532,50006102,30022544,79881,40239198,5,209804241210.858,36834686207.0885,221875341254.584
50006102,30022544,50006101,30022532,79787,40239365,2,-60241121227.9426,43265879823.0814,-75738716815.0301
50006103,30022543,50006104,30022544,79881,40239355,5,-1414667017316.2,226320800654.147,729039323.966983
50006104,30022544,50006103,30022543,79787,40239365,4,29733273508.8715,4129535143.19932,-83166829549.63
50006105,30022534,50006106,30022550,79881,40239246,3,1327221297010.94,217161165744.296,2942560619859.58
50006106,30022550,50006105,30022534,79881,40239445,3,-18213192208.474,-1387498289.99945,7301624199.76896
50006107,30022537,50006108,30022546,79787,40239297,2,-65686478877.9419,30722537805.2538,-1613198517679.2
50006108,30022546,50006107,30022537,79881,40239405,5,-105964397013.575,19463929519.4382,-2210626457231.1
50006109,30022548,50006110,30022549,79787,40239425,3,152179236193.607,-13948089763.5091,-26794597168.3019
50006110,30022549,50006109,30022548,79881,40239442,4,-1138672360103.77,204523926435.461,1289036341155.52
50006111,30022533,50006112,30022536,79881,40239208,4,320912274239.642,10025080341.6783,-150914252935.792
50006112,30022536,50006111,30022533,79787,40239282,5,338933779476.236,-30587455531.8599,-541373202761.43
50006113,30022549,50006114,30022551,79787,40239442,5,1693437681412.54,-103549157345.533,348662960684.987
50006114,30022551,50006113,30022549,79881,40239448,5,-2936706212233.37,1752135459712.05,-1721920131559.23
50006115,30022547,50006116,30022550,79787,40239414,4,63598470159.1511,8960546651.02063,136625973010.832
50006116,30022550,50006115,30022547,79881,40239445,5,2938924616.4603,-1271414968.59251,-19408901668.0136
50006117,30022529,50006118,30022547,79881,40239158,3,-1486043095395.8,-134352009050.961,2966804059992.67
50006118,30022547,50006117,30022529,79881,40239414,5,86524422130.3463,425683150.715087,-123713606660.266
50006119,30022526,50006120,30022527,79787,40239119,3,-79845637959.1257,6886965759.67366,-3645542189.96611
50006120,30022527,50006119,30022526,79787,40239124,3,-777518832970.903,-75144250688.4578,-325744578053.879
50006121,30022535,50006122,30022536,79787,40239276,3,1699130340331.03,-227351830286.646,-122573883931.069
50006122,30022536,50006121,30022535,79881,40239282,2,640431574848.083,-11694399955.4682,23075650153.1756
50006123,30022532,50006124,30022546,79787,40239198,3,87612854719.7116,-7874746553.14213,-294729124535.502
50006124,30022546,50006123,30022532,79787,40239405,2,1865067538194.85,100805322197.34,-1199804145950.78
50006125,30022543,50006126,30022546,79787,40239355,2,-708973267919.106,384685790621.903,-1288758617627.4
50006126,30022546,50006125,30022543,79881,40239405,4,1965404973227.28,81037260144.4222,1014442154624.23
50006127,30022537,50006128,30022542,79787,40239297,3,64759206124.1636,-30288838622.0982,1590425565658.76
50006128,30022542,50006127,30022537,79787,40239343,3,-386313264685.073,6130512923.93478,232173845546.376
50006129,30022548,50006130,30022551,79881,40239425,2,-152468845525.772,13974634100.7158,26845589442.8436
50006130,30022551,50006129,30022548,79881,40239448,3,-134384705029.295,-714171825846.771,3759139574402.66
50006131,30022531,50006132,30022550,79881,40239182,4,-52085833194.5105,31585949336.2789,-1093218297555.08
50006132,30022550,50006131,30022531,79787,40239445,4,15274267592.0137,2658913258.59196,12107277468.2447
50006133,30022531,50006134,30022547,79881,40239182,3,968457357408.911,-109158123468.749,499010724619.824
50006134,30022547,50006133,30022531,79881,40239414,2,164520498219.938,10286420544.1133,14150732861.5605
50006135,30022533,50006136,30022550,79787,40239208,2,29564477960.5469,28146522410.615,-353343720497.788
50006136,30022550,50006135,30022533,79787,40239445,2,18236400666.1013,1389266332.35594,-7310928413.65477
50006137,30022573,50006138,30022577,79881,40239736,4,-3177074468106.52,-439430499673.805,-1382807830105.98
50006138,30022577,50006137,30022573,79881,40239778,3,-61794293019.9015,-15057071056.4054,-74360544889.215
50006139,30022569,50006140,30022582,79787,40239682,5,-2636796119882.24,125822836898.047,-1450252301968.71
50006140,30022582,50006139,30022569,79787,40239811,4,-2123733761099.65,-262705173471.737,2575760813990.2
50006141,30022589,50006142,30022594,79787,40239863,4,382090468559.722,34507882573.9581,1442105785360.96
50006142,30022594,50006141,30022589,79787,40239936,4,-1295662890969.56,101137066343.474,266258176745.963
50006143,30022564,50006144,30022567,79787,40239590,5,82161032651.0903,45784136242.8263,466821006195.92
50006144,30022567,50006143,30022564,79787,40239651,3,-1713780328151.76,323056374659.515,1456164532431.61
50006145,30022571,50006146,30022572,79881,40239707,5,169262481780.702,63915488520.1259,178161440572.568
50006146,30022572,50006145,30022571,79787,40239712,3,-264306241908.119,-15244648969.5169,-68479198021.9576
50006147,30022561,50006148,30022589,79787,40239562,3,-916299501446.588,-383036189543.778,1673269665404.28
50006148,30022589,50006147,30022561,79787,40239863,3,-1413752645716.4,255438914031.656,-403617930998.689
50006149,30022568,50006150,30022594,79881,40239668,3,693882096960.859,61407350120.023,648007036991.681
50006150,30022594,50006149,30022568,79881,40239936,2,-411951975823.481,143054375604.763,1258078442674.91
50006151,30022554,50006152,30022576,79881,40239468,2,-228120776459.752,46943572270.189,518466012100.524
50006152,30022576,50006151,30022554,79787,40239775,5,-697301099422.796,30962950824.0387,-372010391453.451
50006153,30022560,50006154,30022592,79787,40239544,4,166285495238.162,74015515370.8759,1101718351126.96
50006154,30022592,50006153,30022560,79881,40239905,3,-105440440835.622,-21512767909.1837,171382619366.529
50006155,30022573,50006156,30022574,79881,40239736,5,635624029214.411,-1027453169064.55,3277099466571.74
50006156,30022574,50006155,30022573,79881,40239740,4,-111937671144.958,-34957582949.705,111432908508.229
50006157,30022552,50006158,30022554,79787,40239452,5,-143775689843.031,24349492603.7017,15114235736.0607
50006158,30022554,50006157,30022552,79787,40239468,4,-561787813208.944,43789204800.5299,59433865124.2154
50006159,30022561,50006160,30022593,79787,40239562,5,-924308126823.808,-247738633142.281,-1694235204553.93
50006160,30022593,50006159,30022561,79787,40239928,4,-1637323850082.82,96297647306.5969,-172275149760.771
50006161,30022591,50006162,30022593,79787,40239895,2,5275679827819.45,-8045255114.53477,-1443372263835.49
50006162,30022593,50006161,30022591,79881,40239928,2,-1025134506294.49,-389902461598.632,1317982969738.28
50006163,30022579,50006164,30022582,79881,40239791,5,2889970559.7555,257914126.22372,-15227869716.1524
50006164,30022582,50006163,30022579,79787,40239811,3,-1131873661610.23,-282923567200.257,-3138888200679.74
50006165,30022589,50006166,30022593,79881,40239863,5,1031662177156.68,-289946796605.614,-1038487854362.27
50006166,30022593,50006165,30022589,79787,40239928,5,651330688585.665,-471312982783.677,1439935332061.13
50006167,30022565,50006168,30022568,79881,40239619,4,-4018485830629.63,533007253723.944,-753150244262.204
50006168,30022568,50006167,30022565,79881,40239668,5,-896683846173.956,206012354715.155,242225797217.591
50006169,30022559,50006170,30022561,79881,40239527,2,61488532160.2896,-10875575037.8549,122270616481.787
50006170,30022561,50006169,30022559,79881,40239562,2,1035856484607.32,433014009231.487,-1891594648550.37
50006171,30022576,50006172,30022577,79881,40239775,2,-26422193054.864,12074459605.3179,-792394828194.673
50006172,30022577,50006171,30022576,79787,40239778,4,-34268184480.8339,28685681680.6862,87049203751.3837
50006173,30022572,50006174,30022582,79881,40239712,2,264961844393.162,15282462793.6471,68649058302.4899
50006174,30022582,50006173,30022572,79787,40239811,2,1152105337954.82,287980684647.19,3194994259431.61
50006175,30022592,50006176,30022594,79881,40239905,5,-96236480977.3584,6142289749.39466,-177913743070.585
50006176,30022594,50006175,30022592,79787,40239936,3,410431194699.882,-142526269401.041,-1253434061630.73
50006177,30022559,50006178,30022563,79881,40239527,4,-71482720061.7159,11511221395.2994,111710274107.262
50006178,30022563,50006177,30022559,79881,40239585,3,-1018816850349.56,21476713643.4543,848128591159.61
50006179,30022576,50006180,30022579,79881,40239775,3,26355832301.6972,-12044133953.2485,790404686138.893
50006180,30022579,50006179,30022576,79881,40239791,3,-14633867688.1961,54743809.2623369,5114038054.66759
50006181,30022567,50006182,30022576,79881,40239651,5,-428223253147.064,-287055070002.474,-2212701473793.95
50006182,30022576,50006181,30022567,79881,40239775,4,670945267121.098,-18918816870.7901,-418394294685.442
50006183,30022562,50006184,30022589,79881,40239574,5,-424038148966.954,-102957072573.67,-772222298021.934
50006184,30022589,50006183,30022562,79881,40239863,2,1438058395331.62,-259830512735.466,410557077249.479
50006185,30022584,50006186,30022585,79881,40239836,3,-887539454739.46,10803845678.8179,-465122927476.0
50006186,30022585,50006185,30022584,79787,40239839,4,-9058277461.71219,1689661675.0987,7715154713.7499
50006187,30022554,50006188,30022559,79881,40239468,3,227415527579.232,-46798443438.4142,-516863143741.508
50006188,30022559,50006187,30022554,79881,40239527,3,-59620734885.7865,10545214746.2576,-118556481240.744
50006189,30022564,50006190,30022593,79881,40239590,3,362157865265.855,19838938596.9268,-308571825325.957
50006190,30022593,50006189,30022564,79787,40239928,3,985993161497.153,375015335477.08,-1267660182300.35
50006191,30022555,50006192,30022590,79881,40239487,3,-628167884191.81,-22848938379.2786,-382845522593.953
50006192,30022590,50006191,30022555,79787,40239876,3,-765508386382.197,18646368670.4833,-875402689828.341
50006193,30022557,50006194,30022563,79881,40239509,3,2060909849248.42,-85696856579.7069,58409800494.8615
50006194,30022563,50006193,30022557,79787,40239585,5,-225283858043.007,-20500092675.1597,-1306368271366.49
50006195,30022559,50006196,30022560,79881,40239527,5,131103454947.502,-22056436141.557,6846207133.48219
50006196,30022560,50006195,30022559,79881,40239544,3,-1039018825600.01,-54938663720.0032,-405381438807.407
50006197,30022564,50006198,30022568,79787,40239590,4,-444318897916.945,-65623074839.7531,-158249180869.963
50006198,30022568,50006197,30022564,79881,40239668,2,-719968305868.699,-63715933913.6155,-672368592095.573
50006199,30022557,50006200,30022574,79881,40239509,5,-1101633298861.55,-512111790196.913,1668007989168.93
50006200,30022574,50006199,30022557,79881,40239740,3,-34633029634.3075,-15940464984.8459,-157212667301.53
50006201,30022555,50006202,30022567,79787,40239487,2,647231311444.035,23542350260.9515,394463989491.859
50006202,30022567,50006201,30022555,79787,40239651,2,1724506262291.22,-325078268213.203,-1465278142043.36
50006203,30022561,50006204,30022562,79787,40239562,4,1840607628270.4,630774822686.059,20965539149.6479
50006204,30022562,50006203,30022561,79881,40239574,3,-462648164047.481,95000619570.1266,750777827802.156
50006205,30022554,50006206,30022577,79787,40239468,5,334372285629.711,3009238637.88423,457429278617.292
50006206,30022577,50006205,30022554,79881,40239778,2,62013354376.8142,15110448516.6133,74624153728.6099
50006207,30022590,50006208,30022591,79881,40239876,2,825046491948.595,-20096606820.8188,943487924016.861
50006208,30022591,50006207,30022590,79787,40239895,3,-5019893569652.9,7655188664.54084,1373391748990.55
50006209,30022566,50006210,30022569,79881,40239627,4,-822874860323.992,-17862555710.0113,-1151305650544.07
50006210,30022569,50006209,30022566,79881,40239682,2,-59515180790.9041,321082857120.337,-3074248692285.99
50006211,30022564,50006212,30022565,79787,40239590,2,-362947803923.53,-19882211285.5192,309244882124.863
50006212,30022565,50006211,30022564,79787,40239619,2,-2830326970318.07,-192358456819.029,3219614760572.49
50006213,30022860,50006214,30022899,79787,40242624,2,-232763525534.871,18957439255.89,103125466190.172
50006214,30022899,50006213,30022860,79787,40242986,5,-373308433630.112,-60146788545.5591,-377357004380.429
50006215,30022889,50006216,30022891,79881,40242893,2,562302554212.79,-29279598241.2104,682012447717.046
50006216,30022891,50006215,30022889,79881,40242920,5,-2081193930648.02,-108605750018.161,-1802441333531.59
50006217,30022862,50006218,30022883,79787,40242643,4,5650315522697.69,38643690705.0153,812800551983.326
50006218,30022883,50006217,30022862,79881,40242831,4,-37251885925.4923,4610458928.551,42803591082.2431
50006219,30022862,50006220,30022892,79787,40242643,3,-3529150249622.29,-8561406862.60101,4487006663253.09
50006220,30022892,50006219,30022862,79881,40242930,5,-53288441936.8942,2324861636.43445,-28324607692.5721
50006221,30022888,50006222,30022892,79787,40242888,2,-40082236220.5147,476023868.504793,17034010290.7906
50006222,30022892,50006221,30022888,79881,40242930,2,-2353020757.30105,-2298879390.80921,-62735081863.1284
50006223,30022863,50006224,30022883,79881,40242648,2,-120061176.397627,7676476475.75884,-51811008048.8012
50006224,30022883,50006223,30022863,79881,40242831,3,-18654333823.8174,-5124162718.23061,-53543118438.3232
50006225,30022890,50006226,30022901,79881,40242905,4,140104425766.066,220344078293.618,-1594293139335.72
50006226,30022901,50006225,30022890,79881,40243015,4,-205729795665.953,-34706425876.6257,-111013165668.34
50006227,30022890,50006228,30022903,79881,40242905,5,-1460825667665.39,-185219997373.11,664554962628.617
50006228,30022903,50006227,30022890,79881,40243046,3,-224014467564.137,-186897929.947397,-250658404812.21
50006229,30022866,50006230,30022887,79787,40242703,4,-423002632804.405,17136873559.7521,-4784853363.31647
50006230,30022887,50006229,30022866,79881,40242883,3,-6674103140125.63,582334237678.426,3204836409066.87
50006231,30022865,50006232,30022867,79787,40242685,5,-3290363317191.59,1040069835839.94,2424073551268.65
50006232,30022867,50006231,30022865,79787,40242719,2,-571106389707.491,-56289985836.4139,223988027240.709
50006233,30022869,50006234,30022901,79787,40242739,3,5306757322013.16,1004519552174.17,-2308276373631.9
50006234,30022901,50006233,30022869,79881,40243015,2,-203970029009.555,8221439287.16316,122187423349.548
50006235,30022865,50006236,30022869,79881,40242685,3,3783104782171.81,-650927944215.772,1746075491796.44
50006236,30022869,50006235,30022865,79881,40242739,2,-5500383751907.78,-1041171225285.36,2392497921050.78
50006237,30022889,50006238,30022890,79881,40242893,5,818987800939.353,-40615407039.0793,-137848237907.968
50006238,30022890,50006237,30022889,79787,40242905,2,-1336068524846.58,35532236094.3988,-940542087791.525
50006239,30022873,50006240,30022903,79787,40242769,2,983319448801.765,64483654145.5408,-1545953167744.8
50006240,30022903,50006239,30022873,79787,40243046,4,-105005745662.186,7286466455.86744,319269248905.054
50006241,30022865,50006242,30022899,79881,40242685,2,-4299856331658.12,739841163157.683,-1984579912862.96
50006242,30022899,50006241,30022865,79787,40242986,3,-143382813910.659,114287592114.078,501751777785.102
50006243,30022862,50006244,30022891,79787,40242643,5,-2121165273075.4,-30082283842.4143,-5299807215236.41
50006244,30022891,50006243,30022862,79787,40242920,3,-519090140157.738,-10026622159.7872,2705993909816.75
50006245,30022866,50006246,30022891,79787,40242703,5,205554284663.447,-53783411696.0766,366200184734.25
50006246,30022891,50006245,30022866,79881,40242920,2,550797414811.812,10639072364.633,-2871282528253.5
50006247,30022888,50006248,30022891,79881,40242888,5,-5221289478.5233,734091138.120436,42708236432.8966
50006248,30022891,50006247,30022888,79787,40242920,4,2600284070805.75,118632372177.948,-903552576285.166
50006249,30022867,50006250,30022889,79881,40242719,3,568190574325.761,56002594188.3828,-222844443931.326
50006250,30022889,50006249,30022867,79787,40242893,3,-528662422920.168,27527926438.1035,-641210590936.36
50006251,30022868,50006252,30022872,79787,40242723,3,57145133054.0295,-554256991.437571,-14002449814.605
50006252,30022872,50006251,30022868,79881,40242763,5,-370601097638.576,-9989307039.59832,-91211384079.6828
50006253,30022863,50006254,30022885,79787,40242648,4,42764032708.5114,1914490564.06618,-24828775867.7026
50006254,30022885,50006253,30022863,79787,40242849,3,-1792007107154.45,836042547200.131,2784002853067.29
50006255,30022869,50006256,30022889,79787,40242739,4,-4186491785421.23,-2528683546653.86,-3252371238648.87
50006256,30022889,50006255,30022869,79881,40242893,4,-290325378019.186,13087480600.9758,779058828844.328
50006257,30022863,50006258,30022887,79881,40242648,5,-42877468279.5408,5338357680.87699,-24123029036.8174
50006258,30022887,50006257,30022863,79787,40242883,5,524823660395.7,-825044679186.545,-7361902179540.47
50006259,30022871,50006260,30022872,79787,40242756,3,-626099115244.895,-23713757383.6944,849047983609.999
50006260,30022872,50006259,30022871,79881,40242763,2,-107591321577.435,-8921846600.33963,-371456635154.509
50006261,30022867,50006262,30022868,79787,40242719,4,-469831482674.443,-100784155695.013,-380443684857.965
50006262,30022868,50006261,30022867,79787,40242723,2,-57384087179.5568,556574634.036829,14061001487.7199
50006263,30022860,50006264,30022865,79881,40242624,3,231460955183.241,-18851351335.7109,-102548364711.542
50006264,30022865,50006263,30022860,79881,40242685,4,-492741464980.223,-389141891624.172,-4170149043065.09
50006265,30022883,50006266,30022888,79881,40242831,5,55906219749.3097,513703789.679612,10739527356.0801
50006266,30022888,50006265,30022883,79787,40242888,4,-34380799926.8237,-263769579.814828,-25878277277.0192
50006267,30022885,50006268,30022887,79881,40242849,4,3332425139527.89,-698568966748.722,260523678090.614
50006268,30022887,50006267,30022885,79881,40242883,4,6149279479729.93,242710441508.12,4157065770473.6
50006269,30022862,50006270,30022888,79881,40242643,2,3548753609335.34,8608962882.18258,-4511930624952.94
50006270,30022888,50006269,30022862,79787,40242888,3,39602089405.347,-470321558.305608,-16829959155.8774
50006271,30022873,50006272,30022890,79881,40242769,3,-981138007769.841,-64340600645.2639,1542523554227.38
50006272,30022890,50006271,30022873,79881,40242905,3,1320721241899.32,-35124080920.5075,929738176707.101
50006273,30023028,50006274,30023029,79881,40244360,3,132030174357.112,-15811900977.0336,-1055189528.1356
50006274,30023029,50006273,30023028,79881,40244366,3,-53040862037.7319,1939496993.86628,26190099347.5456
50006275,30023009,50006276,30023024,79787,40244204,2,-1775490767436.04,72148050745.3714,-652492066566.262
50006276,30023024,50006275,30023009,79787,40244320,5,-2072979698926.7,-74061808847.3958,614846775371.033
50006277,30023023,50006278,30023026,79881,40244303,2,6011595312.38863,257122279.64441,-242235714.790733
50006278,30023026,50006277,30023023,79787,40244353,2,-1278714763925.95,190760963226.874,485867108837.973
50006279,30023015,50006280,30023024,79881,40244246,2,925647527912.93,-349531561816.994,721131418371.512
50006280,30023024,50006279,30023015,79787,40244320,2,-1676095907375.62,-77952946803.8541,-1591546653672.96
50006281,30023027,50006282,30023028,79787,40244358,5,687759269548.765,217719361268.216,2271764462263.35
50006282,30023028,50006281,30023027,79787,40244360,2,-136252116362.146,16317519705.7783,1088931428.52921
50006283,30023010,50006284,30023021,79881,40244211,4,-310042305656.001,-55275566922.8705,539951026164.574
50006284,30023021,50006283,30023010,79881,40244291,2,-314578780480.304,138726141167.771,154244538327.625
50006285,30023030,50006286,30023033,79881,40244370,2,-201123688070.129,-44609893350.5831,975565251719.169
50006286,30023033,50006285,30023030,79881,40244397,5,-151512523806.769,32178736910.694,60253039462.3877
50006287,30023013,50006288,30023019,79787,40244235,4,-944781278310.906,-11601682578.3821,374702735467.372
50006288,30023019,50006287,30023013,79881,40244283,4,-364896654236.494,-41107120436.4462,-11420928590.2891
50006289,30023012,50006290,30023032,79787,40244230,3,1293418203555.55,11494424546.4757,451636186859.171
50006290,30023032,50006289,30023012,79881,40244392,3,-4215517699382.18,688425430951.47,2313802274673.61
50006291,30023028,50006292,30023031,79787,40244360,4,-66606713118.601,10648780181.5135,-114600374460.118
50006292,30023031,50006291,30023028,79881,40244381,4,-247573038786.929,17022073074.8871,229767574964.007
50006293,30023010,50006294,30023025,79881,40244211,5,613704735378.005,118692071089.334,2724020272.92728
50006294,30023025,50006293,30023010,79787,40244335,4,-2587840890053.78,144404075122.46,1013636407012.48
50006295,30023025,50006296,30023032,79787,40244335,2,-424198191090.352,445308779092.558,2832175036083.4
50006296,30023032,50006295,30023025,79787,40244392,5,157088888790.768,134914175845.111,-4853382455591.61
50006297,30023023,50006298,30023025,79787,40244303,5,2743181191.09987,148238759.213842,-5233373524.74235
50006298,30023025,50006297,30023023,79881,40244335,3,407343089127.868,-427614868477.093,-2719641319506.04
50006299,30023009,50006300,30023035,79787,40244204,4,-300870015887.178,38380966663.0303,-1742084629109.44
50006300,30023035,50006299,30023009,79881,40244416,3,-71946951436.3664,6696987906.70887,90139454333.5473
50006301,30023008,50006302,30023012,79881,40244181,3,1860897399811.62,-73576917767.5727,-138319821648.708
50006302,30023012,50006301,30023008,79787,40244230,2,-1342613554206.35,-11931616666.1927,-468814235318.711
50006303,30023010,50006304,30023018,79787,40244211,2,311181053008.022,64986684598.0048,556111576088.604
50006304,30023018,50006303,30023010,79787,40244269,3,-247170081208.749,83723370605.4979,-370200166683.366
50006305,30023013,50006306,30023023,79881,40244235,2,-148474488817.337,-38849868112.4759,1009862617975.25
50006306,30023023,50006305,30023013,79881,40244303,3,-5900423628.34204,-252367349.322493,237756079.860215
50006307,30023016,50006308,30023022,79881,40244255,2,-46492284594.7884,125090550006.986,1090215777047.49
50006308,30023022,50006307,30023016,79881,40244295,5,-499593385222.32,-135299837221.671,-454344826041.05
50006309,30023011,50006310,30023035,79787,40244221,4,-687439394073.928,-20261847830.7545,-247742060582.994
50006310,30023035,50006309,30023011,79881,40244416,5,-41790028780.0188,3488235239.95716,-107646460253.159
50006311,30023030,50006312,30023032,79881,40244370,4,-929924209161.656,-46583562264.1879,307196011722.003
50006312,30023032,50006311,30023030,79787,40244392,4,4058428810591.42,-823339606796.582,2539580180918.0
50006313,30023026,50006314,30023028,79787,40244353,4,-1079717137629.26,-88845059236.0219,-849760605835.707
50006314,30023028,50006313,30023026,79787,40244360,5,-65423461238.5108,5163120795.52009,115655563988.254
50006315,30023014,50006316,30023017,79881,40244239,2,1481359343567.18,-27959669431.8705,147228313840.976
50006316,30023017,50006315,30023014,79881,40244260,3,-136217931275.094,1121916592.51504,58308733453.7387
50006317,30023009,50006318,30023030,79881,40244204,5,-1357683738977.35,29015283807.308,1132566862601.66
50006318,30023030,50006317,30023009,79881,40244370,3,197770896112.221,43866233102.9805,-959302287561.321
50006319,30023010,50006320,30023013,79881,40244211,3,-303662429722.004,-63416504166.4634,-542675046437.501
50006320,30023013,50006319,30023010,79881,40244235,3,147744958035.629,38658978924.1775,-1004900648609.48
50006321,30023008,50006322,30023009,79787,40244181,4,-1056856834838.92,-149522050949.978,-1532377843564.93
50006322,30023009,50006321,30023008,79881,40244204,3,1658553754864.53,-67396250470.3383,609517766507.776
50006323,30023027,50006324,30023031,79881,40244358,3,1632189345585.93,-126937987540.793,-1732389388272.4
50006324,30023031,50006323,30023027,79881,40244381,3,-74615703133.4124,6747174685.90363,-329791254417.8
50006325,30023015,50006326,30023023,79881,40244246,3,-883591043743.373,333650712840.428,-688367054867.736
50006326,30023023,50006325,30023015,79881,40244303,4,3157242437.24216,104128590.108651,4995617444.88214
50006327,30023018,50006328,30023019,79787,40244269,4,-195733118308.473,3021259254.84644,408448569139.903
50006328,30023019,50006327,30023018,79787,40244283,2,-190184925970.987,-42417247200.8933,312044170487.339
50006329,30023019,50006330,30023020,79787,40244283,5,174972782178.008,-1251903494.21267,323036777268.405
50006330,30023020,50006329,30023019,79881,40244287,2,-635803939494.995,-51528570057.9257,63658528000.953
50006331,30023018,50006332,30023021,79881,40244269,2,255728182187.729,-86622237072.0152,383018103196.628
50006332,30023021,50006331,30023018,79787,40244291,4,-269200191454.919,139634344443.117,-218232442837.416
50006333,30023033,50006334,30023040,79787,40244397,2,-128426805659.405,20716201684.4468,-104164642639.069
50006334,30023040,50006333,30023033,79787,40244483,5,-1532910885908.8,87173058383.0303,568674373587.198
50006335,30023021,50006336,30023022,79787,40244291,3,311904233349.804,-137546692248.11,-152933152077.257
50006336,30023022,50006335,30023021,79881,40244295,3,-142868848025.731,18871854874.4841,673469496575.589
50006337,30023012,50006338,30023040,79787,40244230,5,-1037875010120.65,-2574741368.29218,894341573694.959
50006338,30023040,50006337,30023012,79787,40244483,2,-1253591947810.46,183528422410.04,-1043975175592.94
50006339,30023011,50006340,30023020,79881,40244221,3,558887169701.77,-57586677345.3212,-467641420020.964
50006340,30023020,50006339,30023011,79881,40244287,4,-366800866116.096,-95175696413.0605,-516208684869.443
50006341,30023016,50006342,30023019,79881,40244255,3,46398128934.8125,-124837218010.176,-1088007884127.22
50006342,30023019,50006341,30023016,79881,40244283,3,189923872058.486,42359023930.6588,-311615848678.116
50006343,30023033,50006344,30023035,79881,40244397,4,23435165350.6021,-11518903666.6454,-164134251840.464
50006344,30023035,50006343,30023033,79787,40244416,2,79503413071.0832,-7400360755.38289,-99606642516.61
50006345,30023026,50006346,30023029,79787,40244353,3,1274756187761.58,-190170415730.727,-484362987660.712
50006346,30023029,50006345,30023026,79787,40244366,5,3920511330.65888,1391982049.52074,-59039884612.0927
50006347,30023029,50006348,30023031,79787,40244366,4,49120350707.073,-3331479043.38702,32849785264.5471
50006348,30023031,50006347,30023029,79787,40244381,2,74766098480.6486,-6760774285.41333,330455981387.335
50006349,30023066,50006350,30023068,79881,40244728,3,172583374906.846,33055714068.8462,433501435501.437
50006350,30023068,50006349,30023066,79787,40244748,4,-3078834950828.29,134290444529.635,-454861394493.287
50006351,30023083,50006352,30023084,79787,40244905,3,-5396855783.66047,-1812187080.62988,22689608287.5656
50006352,30023084,50006351,30023083,79881,40244912,5,-771810982021.107,122421375022.167,15534388947.4966
50006353,30023072,50006354,30023074,79787,40244793,4,1091146917854.82,631702824626.177,-821676862828.646
50006354,30023074,50006353,30023072,79881,40244806,5,-193240095707.617,-23260875586.5224,-140192588387.309
50006355,30023075,50006356,30023082,79881,40244818,4,481626027803.63,-20890185767.1926,-454515802152.126
50006356,30023082,50006355,30023075,79881,40244903,2,-486756646386.405,-3337047419.01697,271496749823.845
50006357,30023077,50006358,30023079,79787,40244849,4,-326232257407.306,116886087622.618,-1481957311121.29
50006358,30023079,50006357,30023077,79787,40244863,4,-74819442115.2133,-1293408568.92833,-32567065998.2038
50006359,30023053,50006360,30023054,79881,40244625,2,111399461844.143,21102182530.2088,276464837871.699
50006360,30023054,50006359,30023053,79881,40244637,3,-753067053637.17,-276618691856.213,942286491432.809
50006361,30023047,50006362,30023065,79881,40244529,4,-18759602086.743,1120482131.78953,11615599167.6064
50006362,30023065,50006361,30023047,79787,40244722,2,-1078046296340.69,316055844569.395,634045459619.095
50006363,30023079,50006364,30023084,79881,40244863,5,9184541728.42139,3800826192.26267,81002676038.4148
50006364,30023084,50006363,30023079,79787,40244912,2,-413443010563.514,-23226332847.2131,-664342963808.28
50006365,30023046,50006366,30023062,79881,40244526,5,5059206883.41501,-584496243.799327,-16611685530.6886
50006366,30023062,50006365,30023046,79881,40244692,5,-165603221199.239,4349562737.84517,-15929213274.2286
50006367,30023054,50006368,30023057,79787,40244637,4,1198750383375.15,223617357108.292,211008331239.766
50006368,30023057,50006367,30023054,79881,40244663,3,-543284953474.172,-137275079488.874,-233040546682.168
50006369,30023081,50006370,30023083,79787,40244895,5,32310606685.1801,-34409096763.855,-330473409036.731
50006370,30023083,50006369,30023081,79787,40244905,5,-16551255376.4918,-3080149962.25722,-16241829339.091
50006371,30023066,50006372,30023067,79881,40244728,5,-462336210604.142,-25324033085.5026,-66371061624.2642
50006372,30023067,50006371,30023066,79881,40244733,4,-244309595922.875,24225470174.8142,64214990442.9412
50006373,30023062,50006374,30023063,79787,40244692,3,69291524577.5748,7709150923.04219,151116971306.573
50006374,30023063,50006373,30023062,79881,40244699,5,-1222124033600.51,-44140808656.8344,-1162509733834.2
50006375,30023046,50006376,30023048,79881,40244526,4,11483011595.6873,-3000984499.61002,12689359441.8753
50006376,30023048,50006375,30023046,79787,40244537,5,-1123984791872.28,-127388612086.38,-170070952574.135
50006377,30023066,50006378,30023069,79881,40244728,2,-173249573210.841,-33183314196.3897,-435174817548.034
50006378,30023069,50006377,30023066,79881,40244769,4,-1434621944320.13,-57016324034.5293,2355846570244.87
50006379,30023076,50006380,30023082,79881,40244840,2,-16649700310.5502,-30107182729.8554,655231478243.759
50006380,30023082,50006379,30023076,79787,40244903,4,-475713995417.261,-34859858928.4107,-283667334508.407
50006381,30023069,50006382,30023070,79881,40244769,2,1419888951109.59,-318302993313.096,2603201084134.05
50006382,30023070,50006381,30023069,79787,40244775,3,-18785659734.3189,-193010847.556486,10135939838.5375
50006383,30023079,50006384,30023083,79787,40244863,3,65634900386.7919,-2507417623.33433,-48435610040.211
50006384,30023083,50006383,30023079,79787,40244905,2,5405542300.55861,1815103888.92151,-22726128378.8378
50006385,30023052,50006386,30023065,79787,40244617,3,-1243395695638.46,-93115500740.7518,-237088773328.48
50006386,30023065,50006385,30023052,79787,40244722,4,-1017329999938.0,334285832024.586,-631638222337.309
50006387,30023063,50006388,30023065,79787,40244699,3,-393838317313.279,-42470599255.7507,1640137821576.84
50006388,30023065,50006387,30023063,79881,40244722,5,-21652292814.3337,-29682562996.9704,1242708458912.82
50006389,30023080,50006390,30023081,79881,40244880,5,-857473565430.774,46206788775.8381,-3214719083267.49
50006390,30023081,50006389,30023080,79787,40244895,3,-302091505363.921,-17870726018.1568,140932589784.519
50006391,30023076,50006392,30023077,79787,40244840,5,548323200904.663,66034225040.0433,342293057761.992
50006392,30023077,50006391,30023076,79787,40244849,2,-1450037439003.32,137644807383.707,-453235190318.731
50006393,30023071,50006394,30023072,79881,40244778,3,-23643007423.7359,38936429504.6648,-550341957668.278
50006394,30023072,50006393,30023071,79881,40244793,5,-1380396784138.67,-159738034978.973,-577746830725.504
50006395,30023067,50006396,30023068,79881,40244733,2,-65306995500.985,27090834754.633,244810745215.911
50006396,30023068,50006395,30023067,79787,40244748,2,-2304118991802.72,-95700861778.8748,2894626190148.92
50006397,30023067,50006398,30023070,79787,40244733,3,65038097405.6537,-26979289677.2553,-243802749937.608
50006398,30023070,50006397,30023067,79787,40244775,5,631137407.306956,1584640852.94168,-21278301628.4576
50006399,30023057,50006400,30023059,79881,40244663,2,543920997664.767,137435792603.169,233313376041.683
50006400,30023059,50006399,30023057,79881,40244675,5,-97100940783.8046,26105014295.8903,19762193490.6325
50006401,30023074,50006402,30023075,79787,40244806,3,-20745968144.9033,-23913237769.6224,237769902691.611
50006402,30023075,50006401,30023074,79881,40244818,5,-634471631917.179,-33825482106.8325,-187846293489.845
50006403,30023048,50006404,30023065,79787,40244537,3,419820598651.37,11127116695.1646,1064011584514.47
50006404,30023065,50006403,30023048,79787,40244722,3,1038982292752.34,-304603269027.615,-611070236575.511
50006405,30023077,50006406,30023080,79787,40244849,3,1446703069154.46,-137328292317.787,452192973261.165
50006406,30023080,50006405,30023077,79787,40244880,3,-2227172820015.42,-898208647813.575,2303201515682.72
50006407,30023048,50006408,30023074,79787,40244537,2,-421449593745.721,-11170292324.3951,-1068140180531.61
50006408,30023074,50006407,30023048,79881,40244806,2,21104736668.4564,24326779183.9376,-241881754996.513
50006409,30023052,50006410,30023053,79787,40244617,4,406757035657.381,200002658415.563,1185521863745.57
50006410,30023053,50006409,30023052,79787,40244625,4,-179332297319.583,-34246140533.9581,236212580815.712
50006411,30023084,50006412,30023085,79881,40244912,4,359011297410.955,-145611567210.715,-678843621238.661
50006412,30023085,50006411,30023084,79881,40244922,5,-520256831475.826,2590498266.11435,286638885882.858
50006413,30023059,50006414,30023076,79787,40244675,4,31829541513.3797,-9330230081.30344,-96955844886.8748
50006414,30023076,50006413,30023059,79787,40244840,4,-564811064605.043,-95848763199.4929,306569510571.215
50006415,30023079,50006416,30023085,79787,40244863,2,-66766573682.8698,2550650378.31256,49270734130.2718
50006416,30023085,50006415,30023079,79881,40244922,2,-566007466376.71,-12179155925.8089,-341921521284.136
50006417,30023062,50006418,30023078,79787,40244692,2,-69676427305.1259,-7751973955.66373,-151956400584.392
50006418,30023078,50006417,30023062,79787,40244858,4,-123224868517.885,-4807982347.96242,50573036857.6083
50006419,30023047,50006420,30023052,79881,40244529,5,19390622517.2912,3593927724.30495,9959304021.23967
50006420,30023052,50006419,30023047,79787,40244617,5,836638659981.076,-106887157674.811,-948433090417.092
50006421,30023088,50006422,30023089,79787,40244950,2,-2157578649147.21,193499873300.003,-553660465563.413
50006422,30023089,50006421,30023088,79787,40244960,2,-630682079015.998,-48281218504.6327,-2996431106.76739
50006423,30023086,50006424,30023104,79787,40244929,2,-509311537.186704,5685358892.53107,18499552595.0194
50006424,30023104,50006423,30023086,79787,40245090,3,-3629585117410.28,-71723568779.2695,-3700181606299.39
50006425,30023104,50006426,30023113,79881,40245090,2,3704804873307.8,73209972641.1866,3776864408382.55
50006426,30023113,50006425,30023104,79787,40245192,3,-1004293040269.55,-15675638294.4421,69676702426.9337
50006427,30023087,50006428,30023106,79787,40244938,5,-1173046265098.98,47682880546.046,1529870159174.74
50006428,30023106,50006427,30023087,79787,40245121,2,-178211426378.24,4585530610.56202,-17563557485.4953
50006429,30023096,50006430,30023121,79881,40245023,4,131835721057.983,11078997765.0225,-121119776574.426
50006430,30023121,50006429,30023096,79787,40245296,2,-64699300437.5681,29087641356.5817,-13625338810.6183
50006431,30023092,50006432,30023105,79787,40244993,2,-1297277748815.22,-230520529432.05,-3693675214337.24
50006432,30023105,50006431,30023092,79881,40245101,5,-852789126887.197,83026307597.3608,124035906894.0
50006433,30023088,50006434,30023116,79881,40244950,3,2093985940060.26,-187796636870.596,537341816445.601
50006434,30023116,50006433,30023088,79881,40245227,5,-5148031433.5822,-569349326.955137,-274164651.265273
50006435,30023094,50006436,30023096,79787,40245013,3,-122414863453.367,15074124651.0973,71011959599.4705
50006436,30023096,50006435,30023094,79881,40245023,5,-171248507818.599,4692600422.09991,-53153832288.7077
50006437,30023098,50006438,30023099,79881,40245046,2,33682211805.0967,5843245254.28582,28154913934.8274
50006438,30023099,50006437,30023098,79787,40245049,4,-177631815647.906,-24204521710.081,130781103085.664
50006439,30023108,50006440,30023110,79787,40245146,3,-45971991911.5364,12869743218.6753,-101689556318.257
50006440,30023110,50006439,30023108,79881,40245170,2,-3216296261352.85,-265002753705.579,-334150170312.863
50006441,30023109,50006442,30023111,79787,40245160,4,-3540432692432.04,-728390830370.004,836638187455.023
50006442,30023111,50006441,30023109,79787,40245179,4,-1644250291294.79,-25942861810.4687,245998642667.456
50006443,30023118,50006444,30023120,79787,40245258,3,692086746389.107,-27354979980.2906,-362662096863.401
50006444,30023120,50006443,30023118,79787,40245285,3,-617317036917.717,-219236362668.374,533363963589.893
50006445,30023104,50006446,30023106,79787,40245090,4,-1389697363701.8,12623039581.4948,4993892090407.34
50006446,30023106,50006445,30023104,79787,40245121,5,-104149327243.038,-1062650445.06322,145205864822.68
50006447,30023112,50006448,30023113,79881,40245189,3,-47995933110.615,-9760697920.73824,235298551538.417
50006448,30023113,50006447,30023112,79881,40245192,5,441889714538.264,1983321909.47184,-904673767636.918
50006449,30023123,50006450,30023125,79787,40245308,4,-151980085085.409,-13931927998.3027,239576440206.211
50006450,30023125,50006449,30023123,79881,40245319,5,-211303918911.156,-35729078857.8086,-334114569753.6
50006451,30023091,50006452,30023093,79787,40244984,5,276122221932.076,-26900409389.837,98453322876.1622
50006452,30023093,50006451,30023091,79787,40245006,2,-5913028561545.49,338951096032.251,-1827461429779.51
50006453,30023117,50006454,30023118,79787,40245242,3,2198420248469.32,45302485119.5955,249027247057.181
50006454,30023118,50006453,30023117,79787,40245258,2,-701329581363.905,27720306389.1777,367505457801.046
50006455,30023088,50006456,30023103,79787,40244950,5,-1528281645985.79,-106603908840.838,1536805693265.69
50006456,30023103,50006455,30023088,79787,40245078,2,-1639497846344.25,-126236646864.903,-415023993494.546
50006457,30023088,50006458,30023109,79787,40244950,4,-565704294074.469,294400545711.434,-2074147509711.29
50006458,30023109,50006457,30023088,79787,40245160,2,-939914593354.174,-915023125988.98,3487390852791.63
50006459,30023117,50006460,30023121,79881,40245242,5,-1317028759658.0,104344914445.079,1775293175472.14
50006460,30023121,50006459,30023117,79787,40245296,5,-44055094890.738,17061570953.6497,54476826940.9045
50006461,30023091,50006462,30023105,79881,40244984,2,62539473960.322,42357246894.3717,302929549143.603
50006462,30023105,50006461,30023091,79881,40245101,2,-583538588143.991,48830934709.1888,-743047425415.056
50006463,30023108,50006464,30023109,79881,40245146,4,-65763996959.6081,-13388551076.7171,90086977965.7176
50006464,30023109,50006463,30023108,79787,40245160,3,935931173292.55,911145197608.373,-3472611060261.59
50006465,30023091,50006466,30023123,79787,40244984,3,-58969150276.9656,-39939108842.1601,-285635567035.886
50006466,30023123,50006465,30023091,79787,40245308,3,-131017354202.689,36402975931.706,-249395653176.316
50006467,30023103,50006468,30023116,79881,40245078,5,-1021169385593.82,-2012326876.05111,1046767706187.53
50006468,30023116,50006467,30023103,79787,40245227,2,-2476382069.58508,-318666814.993318,-4905596445.01402
50006469,30023093,50006470,30023123,79787,40245006,5,-4143568207947.84,-656964513612.485,3746542205603.93
50006470,30023123,50006469,30023093,79881,40245308,2,131278980263.729,-36475668341.51,249893666609.559
50006471,30023099,50006472,30023112,79787,40245049,3,-25716542661.9518,19881246003.4776,-219513127663.823
50006472,30023112,50006471,30023099,79787,40245189,5,-177392160681.561,-26263070367.1714,-160020503807.33
50006473,30023118,50006474,30023119,79787,40245258,4,-660988695591.546,-23520670602.1531,-416889527708.664
50006474,30023119,50006473,30023118,79787,40245264,4,-39022978347.9854,-1783461837.65784,-19962807181.2083
50006475,30023087,50006476,30023089,79881,40244938,3,1911924389721.16,-17186406708.7448,251124782741.57
50006476,30023089,50006475,30023087,79881,40244960,4,-321050618854.791,88780239017.4087,-536802591678.569
50006477,30023092,50006478,30023094,79787,40244993,5,-3825003625332.64,-309564758289.142,-708927061587.447
50006478,30023094,50006477,30023092,79787,40245013,5,-11883663.2953182,-1539133003.97912,-142312885442.025
50006479,30023095,50006480,30023117,79787,40245021,5,39608083662.6066,25919646766.5241,-77559444522.5044
50006480,30023117,50006479,30023095,79881,40245242,2,-2202617787622.37,-45388983119.7629,-249502725583.376
50006481,30023095,50006482,30023120,79881,40245021,4,50441948170.6494,-14261040965.6356,74218113623.9048
50006482,30023120,50006481,30023095,79787,40245285,5,-147847510479.072,21030070165.6534,-831457079009.625
50006483,30023089,50006484,30023116,79787,40244960,3,629903305251.732,48221600279.3347,2992731077.84628
50006484,30023116,50006483,30023089,79787,40245227,3,2333420136.32089,300270128.755714,4622395577.01927
50006485,30023103,50006486,30023109,79787,40245078,3,1413716463637.97,108852125902.637,357869486511.556
50006486,30023109,50006485,30023103,79787,40245160,5,2604501519139.49,-182754367238.369,2635972872806.57
50006487,30023117,50006488,30023120,79881,40245242,4,-881391488811.32,-149647399564.675,-2024320422529.32
50006488,30023120,50006487,30023117,79787,40245285,2,626870813459.331,222629327860.438,-541618458150.63
50006489,30023119,50006490,30023120,79881,40245264,2,-37900899508.9296,-1754930172.04624,24575065858.0589
50006490,30023120,50006489,30023119,79881,40245285,4,765164547396.79,198206292502.721,298093115419.732
50006491,30023098,50006492,30023112,79881,40245046,5,41679644060.8729,-3397944820.11171,-14377926143.0803
50006492,30023112,50006491,30023098,79787,40245189,2,48196957102.6313,9801579185.74813,-236284065332.614
50006493,30023110,50006494,30023111,79881,40245170,5,-1862872086516.63,-433189240591.893,2600930687164.51
50006494,30023111,50006493,30023110,79881,40245179,2,-662172473570.329,-2298051417.40415,1681560643225.01
50006495,30023184,50006496,30023185,79787,40245955,2,-230238834618.347,-422004504414.671,-1425010151374.03
50006496,30023185,50006495,30023184,79787,40245960,4,-469635942171.985,60387787430.7804,474382467296.312
50006497,30023179,50006498,30023180,79787,40245907,4,-1895262937728.99,-430400267056.233,-103373249486.446
50006498,30023180,50006497,30023179,79787,40245915,4,-292579522593.024,-16046937275.4015,449019005551.83
50006499,30023179,50006500,30023186,79881,40245907,5,854099529992.826,222868890924.047,1734587983368.06
50006500,30023186,50006499,30023179,79787,40245977,5,-330313627956.93,-102619693998.328,51697395275.8021
50006501,30023172,50006502,30023174,79787,40245826,2,124557300770.213,-108531032976.291,-541662645907.833
50006502,30023174,50006501,30023172,79881,40245840,5,-348313182926.438,15489237996.846,-219060890300.59
50006503,30023166,50006504,30023170,79787,40245770,3,807078722429.106,-13895577301.4915,-2061268598492.11
50006504,30023170,50006503,30023166,79881,40245813,2,-1810205230802.92,462938956752.621,-42660439589.6301
50006505,30023176,50006506,30023177,79881,40245851,5,813381575586.022,-830088960863.917,2465347624768.1
50006506,30023177,50006505,30023176,79881,40245874,3,-2122297747249.22,558670158967.386,3341288907701.18
50006507,30023175,50006508,30023185,79787,40245842,3,-5255183614.51358,386958067.932325,6502763283.21359
50006508,30023185,50006507,30023175,79881,40245960,3,-176448114253.896,-13448939575.3513,-646473910787.769
50006509,30023168,50006510,30023176,79787,40245797,2,3991877006516.99,82438222325.489,225771619032.096
50006510,30023176,50006509,30023168,79881,40245851,4,-2548084245918.75,896232968567.586,-364155630402.509
50006511,30023163,50006512,30023180,79881,40245758,3,-2431466004526.25,-41690359705.7632,2827745845746.73
50006512,30023180,50006511,30023163,79787,40245915,3,-242205403454.608,-9019778444.71266,-478260948351.04
50006513,30023184,50006514,30023187,79787,40245955,5,-1367688397909.07,-419525107971.632,-445427137829.934
50006514,30023187,50006513,30023184,79787,40245983,4,-5621715525.35767,160097603.238445,1454089666.01857
50006515,30023193,50006516,30023196,79787,40246027,2,-31561071182.8733,547601320.256779,-46394740081.5293
50006516,30023196,50006515,30023193,79787,40246058,4,-982092573909.635,218733299016.453,1275609366428.14
50006517,30023182,50006518,30023193,79787,40245942,4,-92864749221.328,-42387492142.289,-295303617817.157
50006518,30023193,50006517,30023182,79881,40246027,5,-55727603262.0238,-4468274752.81419,3962740041.85194
50006519,30023195,50006520,30023196,79881,40246039,4,59754423975.4593,4332133370.79239,9118708798.75939
50006520,30023196,50006519,30023195,79881,40246058,3,-619441243505.063,-63796993277.2463,-1500583828061.58
50006521,30023167,50006522,30023168,79787,40245783,5,844701161866.921,116160840577.381,-92553520829.7493
50006522,30023168,50006521,30023167,79881,40245797,3,-3614721495454.76,-74649397714.5423,-204440548405.325
50006523,30023178,50006524,30023186,79787,40245886,3,-819752807452.071,260189536347.923,-524736063101.416
50006524,30023186,50006523,30023178,79881,40245977,2,-199474946786.996,-128525879745.571,-282283544094.546
50006525,30023172,50006526,30023194,79881,40245826,4,519340387848.081,-168090709143.176,-141698460201.591
50006526,30023194,50006525,30023172,79787,40246035,4,-34563063073.9483,-2307785245.08089,12941048875.0869
50006527,30023175,50006528,30023187,79881,40245842,5,-2775643807.1489,-2533083725.78439,-7478763933.97351
50006528,30023187,50006527,30023175,79881,40245983,2,-1641103669.30313,-315562852.324897,5858135142.77819
50006529,30023175,50006530,30023184,79881,40245842,2,5263489729.34812,-387569677.037575,-6513041268.25356
50006530,30023184,50006529,30023175,79787,40245955,3,229383505047.99,420436771794.549,1419716286320.59
50006531,30023162,50006532,30023171,79881,40245743,4,337280515127.918,41013036126.0346,-304636593650.412
50006532,30023171,50006531,30023162,79787,40245822,3,-401352907513.694,-70107606000.5013,120306358389.578
50006533,30023162,50006534,30023174,79881,40245743,5,-429760289107.799,-58452216060.3342,-141891160936.024
50006534,30023174,50006533,30023162,79881,40245840,3,-16027444800.2656,-30612543428.9241,410311658073.888
50006535,30023173,50006536,30023174,79881,40245833,5,670374564625.693,-4181001768.21092,571544245514.366
50006536,30023174,50006535,30023173,79787,40245840,2,16097899349.9857,30747112163.3636,-412115334422.472
50006537,30023182,50006538,30023186,79881,40245942,2,-306078142293.321,-62658590891.1591,-63405476748.1467
50006538,30023186,50006537,30023182,79787,40245977,4,141139504610.713,-19269149787.8171,-319403906039.64
50006539,30023184,50006540,30023195,79787,40245955,4,1138304892861.08,-911663822.917075,-974289148490.66
50006540,30023195,50006539,30023184,79881,40246039,3,-38165429743.544,3796742430.79673,46920082414.0649
50006541,30023167,50006542,30023170,79881,40245783,2,517836028027.119,127259322410.584,723075595461.725
50006542,30023170,50006541,30023167,79881,40245813,5,-865363678706.375,381636884737.15,1526451428465.38
50006543,30023172,50006544,30023196,79881,40245826,5,-395297724090.188,60008096983.7262,-397726182441.465
50006544,30023196,50006543,30023172,79881,40246058,2,621573402532.081,64016586881.2223,1505748939988.41
50006545,30023177,50006546,30023180,79787,40245874,2,2125318889543.26,-559465439482.507,-3346045313464.1
50006546,30023180,50006545,30023177,79787,40245915,2,250369912489.848,9323826420.34554,494382660659.354
50006547,30023167,50006548,30023179,79881,40245783,3,-494333334801.854,-121483484784.79,-690257825011.187
50006548,30023179,50006547,30023167,79787,40245907,2,-1045192384219.46,-208334457596.413,1637527024299.43
50006549,30023167,50006550,30023185,79881,40245783,4,-350367827065.067,5322644207.40892,782811345840.936
50006550,30023185,50006549,30023167,79787,40245960,2,182352567735.925,13898979171.6432,668106758209.983
50006551,30023185,50006552,30023187,79787,40245960,5,646084056425.881,-46938847855.4291,172091443491.457
50006552,30023187,50006551,30023185,79881,40245983,3,1564889361.8402,300907834.058328,-5586078159.85722
50006553,30023171,50006554,30023173,79787,40245822,5,82932743638.8953,137295240938.982,-393376447573.837
50006554,30023173,50006553,30023171,79787,40245833,4,-829573117925.748,-39679796371.6298,293796388725.795
50006555,30023194,50006556,30023196,79787,40246035,2,-6115015682.9017,-2744233124.39376,37241973828.2352
50006556,30023196,50006555,30023194,79787,40246058,5,1601533817414.7,-154936305739.207,224974461633.445
50006557,30023163,50006558,30023178,79881,40245758,5,-1232961759562.99,-11461308820.0483,-3519884305378.88
50006558,30023178,50006557,30023163,79881,40245886,4,-83948874726.0457,-258595626404.685,970114469795.329
50006559,30023404,50006560,30023408,79881,40247902,3,-172113923.487379,499755019.830833,-6013826793.10945
50006560,30023408,50006559,30023404,79881,40247942,4,-193395263837.7,29417109338.2676,-59788086723.1749
50006561,30023400,50006562,30023404,79881,40247880,3,358260267101.344,-223048269499.479,-1191028758717.37
50006562,30023404,50006561,30023400,79787,40247902,4,-5098281668.82654,-919317513.539475,3099656483.32719
50006563,30023402,50006564,30023404,79881,40247896,5,1171044155034.0,310654501420.805,-2161469939869.77
50006564,30023404,50006563,30023402,79881,40247902,2,174862243.067577,-507735120.908501,6109855734.82742
50006565,30023410,50006566,30023411,79881,40247978,4,14816253916.3481,-1240629293.7303,29028876639.5947
50006566,30023411,50006565,30023410,79787,40247986,4,-324616158107.003,94563930385.1394,-149289015522.918
50006567,30023393,50006568,30023407,79881,40247811,2,-4742754409.30201,-542470579.815421,-3888266224.8938
50006568,30023407,50006567,30023393,79881,40247926,2,-847054424747.924,65705330157.9833,342322975082.709
50006569,30023411,50006570,30023413,79881,40247986,2,-318779890257.57,6347229539.12509,218622957043.384
50006570,30023413,50006569,30023411,79787,40248022,3,-2773901777555.18,247720066749.312,-2262947181931.0
50006571,30023405,50006572,30023406,79787,40247904,3,77791466925.4026,-13459402284.7878,51262999284.6652
50006572,30023406,50006571,30023405,79881,40247918,3,-2974696396727.98,146087881497.281,585647902898.719
50006573,30023405,50006574,30023409,79881,40247904,5,-84793333516.1581,-11142747461.6875,39325471416.7801
50006574,30023409,50006573,30023405,79787,40247974,2,-2098191546489.16,382164454424.16,514046007834.639
50006575,30023401,50006576,30023402,79787,40247889,5,217703862698.167,-39953198531.3225,303299210185.568
50006576,30023402,50006575,30023401,79787,40247896,3,-2422481596783.57,489526162505.574,178185248324.314
50006577,30023395,50006578,30023398,79881,40247826,2,-895980550020.346,-394276596586.424,-3307253043843.37
50006578,30023398,50006577,30023395,79881,40247852,4,-5131348186053.39,275479379231.617,3266958226043.64
50006579,30023412,50006580,30023414,79881,40248014,2,2469303779384.28,-653087631460.32,3148837645273.65
50006580,30023414,50006579,30023412,79881,40248033,2,-3582892474585.3,496542022437.34,-614847580757.644
50006581,30023399,50006582,30023414,79787,40247862,3,102990427059.779,-2763658152.22608,30375052510.6226
50006582,30023414,50006581,30023399,79881,40248033,5,-2315630057355.24,-188629978739.721,2704191742207.75
50006583,30023397,50006584,30023398,79787,40247831,4,-47174548767.7396,-1292574684.88889,6550902266.81768
50006584,30023398,50006583,30023397,79787,40247852,3,-264348684406.158,-934577869982.18,-6011349525988.46
50006585,30023404,50006586,30023407,79881,40247902,5,5270395592.31392,419562493.708641,2914170309.78226
50006586,30023407,50006585,30023404,79881,40247926,4,-723407280441.389,-57825215076.5703,-555894967071.387
50006587,30023397,50006588,30023401,79881,40247831,3,17858227221.791,2983579478.63449,-44070456036.3834
50006588,30023401,50006587,30023397,79787,40247889,4,-372985619458.711,20466681594.2196,38006360353.2
50006589,30023400,50006590,30023403,79881,40247880,2,-375259469521.929,233631755950.434,1247542251329.85
50006590,30023403,50006589,30023400,79787,40247900,3,-3307686052.25611,-195427870.138607,2364367354.74455
50006591,30023391,50006592,30023400,79881,40247785,5,713819018739.768,209234261812.464,-543336841182.329
50006592,30023400,50006591,30023391,79881,40247880,4,-1228124510252.4,84067280061.2629,285119857853.66
50006593,30023391,50006594,30023397,79881,40247785,3,-845271609382.352,-74729808619.3303,-358417149272.591
50006594,30023397,50006593,30023391,79787,40247831,2,-17914271073.6399,-2992942742.08742,44208760812.0108
50006595,30023405,50006596,30023408,79787,40247904,4,7001866590.75543,24602149746.4754,-90588470701.4453
50006596,30023408,50006595,30023405,79881,40247942,2,-175605836935.771,-53955123609.3259,143115402017.517
50006597,30023406,50006598,30023409,79881,40247918,5,972951645208.111,-233082934395.711,-2865690358321.49
50006598,30023409,50006597,30023406,79881,40247974,4,-1511597655337.0,93860290705.4538,-1575860244130.04
50006599,30023399,50006600,30023412,79787,40247862,2,-103838998733.894,2786428831.90832,-30625322461.8803
50006600,30023412,50006599,30023399,79881,40248014,3,-2458801077895.63,650309850736.69,-3135444679166.91
50006601,30023390,50006602,30023407,79787,40247766,3,931390605372.94,-52987044299.2589,1063654957462.78
50006602,30023407,50006601,30023390,79787,40247926,5,-121968367803.972,123400323892.052,897539492517.253
50006603,30023395,50006604,30023412,79787,40247826,5,-3037486350780.35,44720756138.2467,-823673202576.604
50006604,30023412,50006603,30023395,79881,40248014,4,-1513114202190.4,-1260400660819.11,3524414073867.95
50006605,30023400,50006606,30023402,79881,40247880,5,869864243151.057,138980989438.216,905908900863.714
50006606,30023402,50006605,30023400,79787,40247896,4,1251437441749.57,-800180663926.379,1983284691545.45
50006607,30023410,50006608,30023412,79881,40247978,3,-32561281597.1825,849585187.019357,-1666543090.93705
50006608,30023412,50006607,30023410,79787,40248014,5,3971915280086.03,610090810082.419,-388969394701.037
50006609,30023393,50006610,30023408,79881,40247811,3,4695783540.53487,537098107.995128,3849757960.11353
50006610,30023408,50006609,30023393,79881,40247942,5,39146561475.234,-76810225351.7689,185497832107.999
50006611,30023390,50006612,30023403,79881,40247766,5,-1383184410511.74,111327410593.955,275798929191.964
50006612,30023403,50006611,30023390,79881,40247900,5,-396401012.17334,104930776.567422,-4049823185.1002
50006613,30023484,50006614,30023486,79787,40248747,2,100187615018.93,-6503186854.0757,2798416946.39529
50006614,30023486,50006613,30023484,79787,40248760,3,-90987162911.02,-4255497722.49286,-1033573813.85015
50006615,30023478,50006616,30023485,79787,40248683,2,-194302833865.147,41669060598.8468,294860319973.202
50006616,30023485,50006615,30023478,79787,40248755,4,-414969261316.534,-19050805252.9936,380276151065.243
50006617,30023500,50006618,30023506,79881,40248883,4,-458575348685.212,-13661828129.0137,-42382748018.5307
50006618,30023506,50006617,30023500,79881,40248954,5,-1003962941352.57,124791214613.582,105562950227.524
50006619,30023493,50006620,30023494,79787,40248811,5,-39014086552.5605,-5105631004.87089,11598379116.3068
50006620,30023494,50006619,30023493,79881,40248840,5,-7496503906613.18,-1341315733240.6,1454419347088.65
50006621,30023492,50006622,30023496,79787,40248808,4,1517024150374.83,369220514745.195,3240763150181.62
50006622,30023496,50006621,30023492,79881,40248861,3,-1827315501789.71,407074760383.635,565631855587.257
50006623,30023500,50006624,30023503,79787,40248883,2,-300007712607.391,-16083655340.775,424499605053.691
50006624,30023503,50006623,30023500,79787,40248922,4,-2366829447959.15,239035264797.509,366507432925.651
50006625,30023494,50006626,30023496,79881,40248840,4,2241175212303.39,2193547071620.91,-7090664233175.29
50006626,30023496,50006625,30023494,79881,40248861,5,360867058767.119,-498558591964.822,-1856325805442.64
50006627,30023505,50006628,30023508,79787,40248935,5,474167058046.927,-29655492442.4169,-85120228073.5096
50006628,30023508,50006627,30023505,79787,40248979,5,-1271883202368.98,236840600264.393,681063089634.556
50006629,30023488,50006630,30023489,79881,40248774,3,-1955613132874.07,-1351399510879.45,-6188814768673.67
50006630,30023489,50006629,30023488,79881,40248779,2,-41178782467.9331,10705081664.2994,-18650938223.7706
50006631,30023482,50006632,30023503,79881,40248736,4,1707072772505.67,82804254473.3755,-537357926183.612
50006632,30023503,50006631,30023482,79881,40248922,2,-870197495168.7,78974923803.3877,2247759792797.85
50006633,30023478,50006634,30023490,79881,40248683,5,153231726662.934,37042265662.708,300170085187.059
50006634,30023490,50006633,30023478,79787,40248788,4,-869463253686.406,165485650734.799,685461964690.558
50006635,30023489,50006636,30023490,79881,40248779,3,38195740662.055,-9929592341.25276,17299841248.4367
50006636,30023490,50006635,30023489,79787,40248788,3,-175944095103.343,-255121135556.447,-1075716894325.9
50006637,30023486,50006638,30023500,79881,40248760,4,44472890197.7056,4803476262.6431,79353197815.5157
50006638,30023500,50006637,30023486,79787,40248883,5,192792464812.859,-587006551.027866,418455510459.456
50006639,30023506,50006640,30023509,79881,40248954,2,-605900897666.176,30677192007.6818,-833173723184.21
50006640,30023509,50006639,30023506,79881,40248985,2,-31319818956.891,-2276696180.50316,-6976643051.07702
50006641,30023492,50006642,30023495,79787,40248808,5,2065698002753.79,-393213980883.462,-2918648040370.92
50006642,30023495,50006641,30023492,79881,40248848,5,-1729390885135.52,-2955778885.10029,614490259686.68
50006643,30023493,50006644,30023496,79881,40248811,4,9080004029.2357,5344073115.00457,-39644460205.4904
50006644,30023496,50006643,30023493,79787,40248861,4,1466448443022.59,91483831581.1872,1290693949855.39
50006645,30023494,50006646,30023495,79787,40248840,2,-5288041695107.19,857536248134.518,-5671328987230.03
50006646,30023495,50006645,30023494,79787,40248848,2,-1400369071611.68,-56015307168.7349,-1192930427628.11
50006647,30023485,50006648,30023492,79881,40248755,3,-76814894698.8478,-221739518500.544,-511960379301.88
50006648,30023492,50006647,30023485,79881,40248808,3,-3582722153128.62,23993466138.2668,-322115109810.691
50006649,30023485,50006650,30023495,79787,40248755,2,77254581099.1534,223008749566.696,514890826803.72
50006650,30023495,50006649,30023485,79881,40248848,4,332924675683.265,-52903412280.2684,-1804095961626.96
50006651,30023510,50006652,30023512,79787,40248998,3,143741105305.393,-21803528535.6743,-163802194967.992
50006652,30023512,50006651,30023510,79787,40249019,3,-1722091457495.2,179910909849.055,-1823164429396.6
50006653,30023482,50006654,30023484,79787,40248736,5,-1317324371392.36,-84371908614.7495,-1211299061996.62
50006654,30023484,50006653,30023482,79881,40248747,3,-95942204788.2275,6227616904.66385,-2679835144.32573
50006655,30023490,50006656,30023491,79787,40248788,2,176818242741.307,256388660550.169,1081061406636.71
50006656,30023491,50006655,30023490,79881,40248792,5,-1927035613047.01,-658025223715.043,-1211070458113.87
50006657,30023508,50006658,30023509,79787,40248979,3,1243625386765.36,-41730086069.6033,767646910873.65
50006658,30023509,50006657,30023508,79787,40248985,5,-21469274073.3227,-3767930925.18995,23580049239.8915
50006659,30023508,50006660,30023512,79881,40248979,2,-1271754087588.7,42673949968.5519,-785009784391.441
50006660,30023512,50006659,30023508,79881,40249019,4,-722290317503.015,-97707150717.9722,2406376003457.82
50006661,30023487,50006662,30023489,79881,40248765,5,1671876607845.25,-145866636697.828,187671319298.707
50006662,30023489,50006661,30023487,79881,40248779,5,-35662770835.6132,-1643711278.14722,24130082999.6121
50006663,30023495,50006664,30023496,79787,40248848,3,1396466209452.25,55859191165.3687,1189605701940.28
50006664,30023496,50006663,30023495,79881,40248861,2,1829823693761.93,-407633515368.796,-566408247665.158
50006665,30023491,50006666,30023492,79787,40248792,4,1948401290139.95,690165800943.232,-1157824979563.92
50006666,30023492,50006665,30023491,79881,40248808,2,3753373875764.39,-25136319575.8192,337458051860.552
50006667,30023486,50006668,30023505,79881,40248760,2,91283504691.3697,4269357719.12327,1036940125.03427
50006668,30023505,50006667,30023486,79881,40248935,3,-311443832181.832,6243457809.69385,-368677445779.695
50006669,30023509,50006670,30023513,79787,40248985,3,31264651350.5588,2272685944.08394,6964354196.60146
50006670,30023513,50006669,30023509,79881,40249035,2,-2112289331751.21,-563666286643.6,-629320221872.529
50006671,30023511,50006672,30023513,79881,40249010,2,-490013075667.326,144575199095.829,883696103701.08
50006672,30023513,50006671,30023511,79787,40249035,5,-1608356780852.87,-309112583558.286,1571997656646.38
50006673,30023510,50006674,30023511,79881,40248998,5,71159644947.7913,21116838282.2372,206054464545.712
50006674,30023511,50006673,30023510,79787,40249010,4,-1006882263356.05,14834843194.5211,20963301413.0882
50006675,30024013,50006676,30024016,79787,40254250,4,-515800880593.076,-85852807694.7471,856349090953.432
50006676,30024016,50006675,30024013,79881,40254269,4,-255283355678.681,-27516043590.7982,-107988419917.001
50006677,30024012,50006678,30024020,79881,40254244,2,637782699303.489,-20863848318.7901,29127221668.6527
50006678,30024020,50006677,30024012,79881,40254306,2,-872583650792.634,264591106258.641,-170526479780.729
50006679,30023998,50006680,30024000,79881,40254055,4,-190245473986.069,15975630390.0442,-293254842192.811
50006680,30024000,50006679,30023998,79787,40254099,3,-6830385983016.51,1905438935786.64,2996553129280.73
50006681,30024004,50006682,30024016,79881,40254123,4,-81462271812.0441,5122767174.73179,95660184887.7543
50006682,30024016,50006681,30024004,79787,40254269,2,-230193009462.507,-54396542520.9303,177011734787.228
50006683,30024009,50006684,30024018,79881,40254206,4,148643655338.686,-191305694399.096,2024397522950.54
50006684,30024018,50006683,30024009,79881,40254282,4,-1208757986491.95,393191331999.202,-38502723426.0035
50006685,30024017,50006686,30024019,79787,40254277,3,-78691866603.0489,7907970228.32525,-72094774198.2433
50006686,30024019,50006685,30024017,79787,40254291,5,-1743385594342.89,318040063495.394,-258714660308.041
50006687,30024007,50006688,30024008,79787,40254176,4,173244955216.267,18291177338.3003,-68164146072.1785
50006688,30024008,50006687,30024007,79787,40254186,3,-309883666667.459,45837944574.5631,-126574209989.755
50006689,30024023,50006690,30024026,79787,40254327,2,2516901993446.06,-544726923079.885,-259123246129.189
50006690,30024026,50006689,30024023,79881,40254343,3,-18107453922.337,-227182430.299491,13002680007.0073
50006691,30023999,50006692,30024001,79881,40254065,3,118645255126.326,-25917535315.3676,308417540921.737
50006692,30024001,50006691,30023999,79787,40254115,3,-2107961490635.41,535802057637.207,2147104155200.19
50006693,30024008,50006694,30024010,79787,40254186,2,363034093364.05,-53699947561.7911,148283883629.827
50006694,30024010,50006693,30024008,79881,40254226,5,-376847814234.283,-156945322.519988,-131604752736.556
50006695,30023999,50006696,30024016,79787,40254065,4,207361308612.029,-7205828443.54765,-258494020194.229
50006696,30024016,50006695,30023999,79787,40254269,5,38248104905.3123,-23771209983.0651,274882220641.354
50006697,30024004,50006698,30024006,79881,40254123,3,-42226698811.03,-5137427614.43942,-118337349091.883
50006698,30024006,50006697,30024004,79881,40254160,2,-1334667712179.8,466792273861.961,351100504664.017
50006699,30024007,50006700,30024026,79881,40254176,5,-144734007730.865,-20663402621.688,-116703998578.939
50006700,30024026,50006699,30024007,79787,40254343,5,-1895532563.22788,-4140222755.854,-21823535428.6255
50006701,30023998,50006702,30023999,79881,40254055,3,346419995441.407,47553302429.5098,-13372875326.4615
50006702,30023999,50006701,30023998,79787,40254065,5,-326006563738.355,33123363758.9152,-49923520727.508
50006703,30024013,50006704,30024018,79881,40254250,5,1002734866938.35,-33372708426.7986,12808885385.6712
50006704,30024018,50006703,30024013,79787,40254282,2,-679217052409.929,79828547789.024,1076530492782.6
50006705,30024013,50006706,30024015,79787,40254250,3,-486933986345.274,119225516121.546,-869157976339.104
50006706,30024015,50006705,30024013,79881,40254261,5,-2080251239201.11,-308124435387.644,-2493018461194.63
50006707,30024003,50006708,30024004,79881,40254120,4,457842142.521141,-808377777.095994,12049117567.7703
50006708,30024004,50006707,30024003,79881,40254123,2,43645123553.7604,5309997449.34216,122312384523.665
50006709,30024018,50006710,30024023,79881,40254282,5,531516484006.404,-313594971080.324,1111902052575.31
50006710,30024023,50006709,30024018,79881,40254327,3,-2499572870491.21,540976423516.751,257339156560.216
50006711,30024018,50006712,30024026,79881,40254282,3,677241502485.544,-79596360918.8787,-1073399329149.31
50006712,30024026,50006711,30024018,79881,40254343,2,18226582853.0075,228677063.399472,-13088224632.5372
50006713,30024005,50006714,30024013,79787,40254154,3,-1679387994104.31,174441435469.12,-815884133997.229
50006714,30024013,50006713,30024005,79787,40254250,2,489842283998.025,-119937611186.601,874349173037.92
50006715,30024014,50006716,30024016,79787,40254253,4,559991896707.424,-11783034059.6344,-147007232545.833
50006716,30024016,50006715,30024014,79881,40254269,3,217035250773.368,51287253573.8633,-166893800724.354
50006717,30023999,50006718,30024003,79787,40254065,2,-119980700687.218,26209257537.6284,-311889022655.132
50006718,30024003,50006717,30023999,79881,40254120,3,-10676918506.1629,841056755.000975,-5598246418.97315
50006719,30024007,50006720,30024010,79787,40254176,3,-28510947485.4027,2372225283.38771,184868144651.117
50006720,30024010,50006719,30024007,79881,40254226,2,-85085599282.8807,75103454188.3218,-428091223740.013
50006721,30024004,50006722,30024005,79787,40254123,5,123688970623.074,14660439.7076283,22677164204.1286
50006722,30024005,50006721,30024004,79787,40254154,4,217810884016.258,459620598012.452,1804923293091.8
50006723,30024000,50006724,30024001,79881,40254099,2,7054760803030.94,-1968031667636.44,-3094988425721.93
50006724,30024001,50006723,30024000,79787,40254115,5,-861854395278.507,-775824116618.952,-2827710325627.36
50006725,30024017,50006726,30024020,79881,40254277,2,82590539772.7353,-8299759020.31529,75666604095.9776
50006726,30024020,50006725,30024017,79881,40254306,5,-579609718175.686,166589047154.232,703682588355.999
50006727,30024001,50006728,30024003,79787,40254115,4,2969815885913.92,240022058981.745,680606170427.17
50006728,30024003,50006727,30024001,79787,40254120,5,10219076363.6418,-32678977.9049819,-6450871148.79717
50006729,30024003,50006730,30024006,79881,40254120,2,10884348300.5223,-857396697.057639,5707008427.67355
50006730,30024006,50006729,30024003,79881,40254160,4,-828280728166.072,243852202684.954,-894068505136.859
50006731,30024001,50006732,30024012,79787,40254115,2,2111743441816.15,-536763354716.65,-2150956333302.59
50006732,30024012,50006731,30024001,79787,40254244,3,-634113323506.433,20743811666.5918,-28959643083.7473
50006733,30024009,50006734,30024019,79787,40254206,5,1658519413650.67,-205477734873.714,-1167891429425.38
50006734,30024019,50006733,30024009,79787,40254291,2,-713764059088.912,-171708698873.862,-1649037215724.94
50006735,30024005,50006736,30024006,79881,40254154,5,1461577110088.05,-634062033481.573,-989039159094.575
50006736,30024006,50006735,30024005,79787,40254160,5,-310381737963.599,154388375756.743,1193607456181.96
50006737,30024014,50006738,30024015,79787,40254253,2,157593107593.712,-46007314030.828,-576383274776.521
50006738,30024015,50006737,30024014,79787,40254261,3,-1115572194479.29,-3810072387.17173,3064801966847.28
50006739,30022598,50006740,30022606,79787,40239970,3,-236945391152.38,2560983382.30829,-161443862955.854
50006740,30022606,50006739,30022598,79881,40240050,5,-293416965800.957,27867231840.7387,107872527935.439
50006741,30022599,50006742,30022605,79787,40239982,4,-1888932488321.87,232116151340.24,-111274391077.637
50006742,30022605,50006741,30022599,79787,40240048,4,-28044148028.9502,-4073337713.30395,36886761861.6376
50006743,30022601,50006744,30022602,79787,40240010,5,-1833489368127.37,452557340462.79,2954161845.17602
50006744,30022602,50006743,30022601,79787,40240025,5,-2224355223349.29,-22476805461.8405,-1066565189455.42
50006745,30022603,50006746,30022623,79881,40240032,4,2187317490580.13,-930198546481.356,4763434799932.7
50006746,30022623,50006745,30022603,79787,40240223,4,-1147055438286.74,-73631155980.7282,554206421651.948
50006747,30022608,50006748,30022625,79881,40240061,5,837085623649.059,132290703029.892,752370461624.913
50006748,30022625,50006747,30022608,79787,40240237,4,-220489094982.697,77138187439.0907,-96070575621.3855
50006749,30022619,50006750,30022622,79787,40240190,4,-186235211194.034,-16963668745.3988,-739533918571.482
50006750,30022622,50006749,30022619,79787,40240216,5,-900865097796.846,-115112241191.118,112355686729.063
50006751,30022598,50006752,30022599,79881,40239970,2,268257542586.297,-2899415369.09048,182778545434.228
50006752,30022599,50006751,30022598,79881,40239982,2,-1038731343675.93,158748228151.532,1595918513877.42
50006753,30022606,50006754,30022621,79787,40240050,3,240870912032.147,-9329515672.63417,200999364644.775
50006754,30022621,50006753,30022606,79787,40240210,2,-1689813287726.71,-67001496533.2894,406447894736.827
50006755,30022602,50006756,30022626,79881,40240025,2,-189208967076.546,-137128398337.892,-2458128982846.19
50006756,30022626,50006755,30022602,79881,40240243,4,-682979247877.729,-113595019415.936,706921193053.135
50006757,30022615,50006758,30022617,79881,40240135,4,-37499135533.9327,-66073556.4181212,-57906335927.3837
50006758,30022617,50006757,30022615,79881,40240155,2,-1752247192359.27,-149784974510.262,-344225324594.761
50006759,30022616,50006760,30022618,79881,40240140,3,73267538185.6886,4098495808.59725,23478378301.6749
50006760,30022618,50006759,30022616,79881,40240171,4,-2714160206807.75,376331641686.504,2276717288219.23
50006761,30022606,50006762,30022609,79787,40240050,4,52546053768.8098,-18537716168.1045,-308871892580.215
50006762,30022609,50006761,30022606,79787,40240075,3,-198924377142.366,20650331031.9677,99168692866.1538
50006763,30022609,50006764,30022626,79881,40240075,5,12036633345.0883,-29704625357.6615,-220917469494.982
50006764,30022626,50006763,30022609,79787,40240243,3,-247836855831.953,-117100617623.854,-950771472488.972
50006765,30022602,50006766,30022605,79787,40240025,3,189035417693.777,137002619157.025,2455874297065.01
50006766,30022605,50006765,30022602,79881,40240048,3,-18067814928.4411,2484391737.85422,-42791136708.8786
50006767,30022619,50006768,30022621,79787,40240190,3,729189987459.638,-73775552375.2427,211473087469.356
50006768,30022621,50006767,30022619,79881,40240210,4,-1186017668137.11,-86478908363.1055,-1251435524129.29
50006769,30022597,50006770,30022599,79787,40239947,5,49146287605.3603,-1191528923.95362,9231132446.6757
50006770,30022599,50006769,30022597,79881,40239982,5,852592797064.669,-73733436934.047,1703518343291.87
50006771,30022599,50006772,30022627,79881,40239982,3,1036339691257.2,-158382714406.193,-1592243952214.24
50006772,30022627,50006771,30022599,79787,40240260,3,-885913737451.435,50931280991.1026,359754889641.514
50006773,30022598,50006774,30022621,79787,40239970,4,-21271408536.4559,-13338856023.0306,285628079868.242
50006774,30022621,50006773,30022598,79881,40240210,5,-491194212039.124,19977060619.6794,1654852423899.5
50006775,30022615,50006776,30022616,79881,40240135,3,68897548011.3014,-245714092.757891,-3521473364.54011
50006776,30022616,50006775,30022615,79787,40240140,2,-73480999866.0747,-4110436591.97858,-23546781501.9068
50006777,30022600,50006778,30022627,79787,40239989,3,113294096905.454,-9894159585.69762,-14777950546.1275
50006778,30022627,50006777,30022600,79787,40240260,5,131641756805.873,-12404036992.4394,-948355056896.359
50006779,30022603,50006780,30022620,79787,40240032,5,3101093274448.76,1113751731452.68,-4181233767387.14
50006780,30022620,50006779,30022603,79787,40240198,3,-1453200031310.64,-82586150539.7739,-788721162131.481
50006781,30022597,50006782,30022622,79787,40239947,4,-32627453255.0594,-6561163548.31462,37341552723.4027
50006782,30022622,50006781,30022597,79881,40240216,2,-553285077063.945,-40543894014.8829,-733267129267.223
50006783,30022607,50006784,30022608,79787,40240056,3,2309731739428.78,-43018580371.6514,551476585578.651
50006784,30022608,50006783,30022607,79787,40240061,4,-1070476262457.06,-106791547619.9,356301304834.363
50006785,30022596,50006786,30022634,79881,40239945,3,-6288635299.0054,238646431.580779,4029649422.76488
50006786,30022634,50006785,30022596,79787,40240319,2,-28764742996.4574,-2767300671.66006,-15026540383.64
50006787,30022609,50006788,30022625,79787,40240075,4,186887743797.278,9054294325.69379,121748776628.829
50006788,30022625,50006787,30022609,79881,40240237,2,-184230247484.475,81140409703.6294,154440486187.737
50006789,30022596,50006790,30022600,79787,40239945,5,-350307338.799519,-267171527.132435,-7459749637.69329
50006790,30022600,50006789,30022596,79881,40239989,2,-133684671661.557,11674901973.797,17437673458.2955
50006791,30022605,50006792,30022621,79881,40240048,2,18136628768.499,-2493853896.74654,42954112832.3913
50006792,30022621,50006791,30022605,79881,40240210,3,1677211880176.23,66501847743.4261,-403416899770.217
50006793,30022601,50006794,30022605,79787,40240010,4,913164056093.773,-230109174961.068,-1636973216265.98
50006794,30022605,50006793,30022601,79881,40240048,5,46111962957.3912,1588945975.44973,5904374847.24104
50006795,30022602,50006796,30022627,79881,40240025,4,2035319805655.51,-114525813695.185,-1389309107609.59
50006796,30022627,50006795,30022602,79787,40240260,4,754271980645.562,-38527243998.6632,588600167254.845
50006797,30022618,50006798,30022623,79881,40240171,5,3284304555792.03,-623908147951.886,1231184369195.95
50006798,30022623,50006797,30022618,79881,40240223,2,-93554243148.6372,-32523254749.4373,1279729079188.54
50006799,30022603,50006800,30022619,79881,40240032,2,5311260213229.72,184346256685.77,584716527828.868
50006800,30022619,50006799,30022603,79787,40240190,2,-730121300213.082,73869777630.6645,-211743178374.0
50006801,30022620,50006802,30022623,79787,40240198,4,41805330719.9432,63445174150.3642,1653759020854.22
50006802,30022623,50006801,30022620,79787,40240223,3,93007104241.1928,32333047042.4295,-1272244762639.69
50006803,30022607,50006804,30022625,79787,40240056,2,-2315661226673.22,43129016626.7511,-552892322880.076
50006804,30022625,50006803,30022607,79787,40240237,5,37092243693.0935,3635170113.11069,249812424558.832
50006805,30022600,50006806,30022622,79787,40239989,4,-69430137765.8774,5675401817.71645,-91099288657.4427
50006806,30022622,50006805,30022600,79787,40240216,4,350209316685.301,74761018008.7715,-842138217594.967
50006807,30022855,50006808,30022857,79787,40242591,2,89793994388.7138,-18027728528.6786,-20764748852.5971
50006808,30022857,50006807,30022855,79787,40242609,4,-910667419435.565,-156027505930.94,228180044560.766
50006809,30022820,50006810,30022822,79787,40242243,3,4982107603796.24,322312094563.545,6178572122551.6
50006810,30022822,50006809,30022820,79787,40242260,5,-2487355327531.61,291556080515.024,1259086355546.85
50006811,30022857,50006812,30022859,79881,40242609,2,-237559725580.899,-206436855686.182,900978929913.027
50006812,30022859,50006811,30022857,79881,40242616,4,-1791609222993.01,584601665895.068,1990251456876.02
50006813,30022827,50006814,30022836,79787,40242324,2,-143648599237.829,-27125383116.4271,-209335449978.07
50006814,30022836,50006813,30022827,79787,40242394,3,-4063266892923.03,33329084887.961,-1381830137360.41
50006815,30022815,50006816,30022825,79787,40242187,2,263682178486.299,-61185324259.8285,409821949933.607
50006816,30022825,50006815,30022815,79787,40242303,4,-2013111224058.11,53780754750.6637,781363419910.431
50006817,30022839,50006818,30022846,79881,40242415,3,804702019029.049,-61861321732.9414,-174231826973.308
50006818,30022846,50006817,30022839,79787,40242469,2,-5106666275669.92,44419236674.8518,1193895965578.57
50006819,30022826,50006820,30022855,79787,40242310,4,42058030461.2541,-3637053191.51325,-462795926025.303
50006820,30022855,50006819,30022826,79787,40242591,3,-89512383311.5649,17971190136.7286,20699626643.3568
50006821,30022815,50006822,30022827,79787,40242187,5,471381012541.616,-78951014216.3092,-28183632073.2745
50006822,30022827,50006821,30022815,79787,40242324,5,-252293645947.93,-9485105126.65325,19907702370.6125
50006823,30022818,50006824,30022819,79787,40242214,5,19633500835.0182,4729916469.43615,295112146797.066
50006824,30022819,50006823,30022818,79881,40242216,3,-2416176967606.79,547976293745.624,1011344074430.06
50006825,30022831,50006826,30022853,79881,40242353,5,-139389562023.307,-91498394352.493,-445140890978.093
50006826,30022853,50006825,30022831,79787,40242572,4,-439360634619.075,-28478297161.9433,-98999294084.2077
50006827,30022813,50006828,30022850,79787,40242171,5,-3015024984920.49,-891517450856.115,1351169636422.7
50006828,30022850,50006827,30022813,79787,40242520,5,-245952201280.863,415402613.973225,67334229965.739
50006829,30022851,50006830,30022852,79787,40242538,3,2741571151403.33,-300055350323.574,-749648951347.76
50006830,30022852,50006829,30022851,79787,40242559,3,-488823235866.163,120671050273.623,472703913819.833
50006831,30022815,50006832,30022841,79787,40242187,3,-257040904949.653,59644270263.7997,-399499903572.888
50006832,30022841,50006831,30022815,79881,40242421,3,-27724531260.5377,-3000510677.05165,27063008313.4937
50006833,30022818,50006834,30022821,79881,40242214,4,-263868379780.244,-30311810275.6112,-130206366825.835
50006834,30022821,50006833,30022818,79787,40242255,3,-3780460374632.27,20651925942.5985,203229771622.759
50006835,30022846,50006836,30022855,79787,40242469,3,4632122407019.93,-40291519045.3307,-1082951568649.69
50006836,30022855,50006835,30022846,79787,40242591,5,24246984965.563,-22058034143.8649,-87689405483.2691
50006837,30022851,50006838,30022854,79881,40242538,5,-673315606083.048,864377516038.58,2639643299026.14
50006838,30022854,50006837,30022851,79881,40242581,2,-1988890475953.02,-172988051761.142,-66691026087.408
50006839,30022857,50006840,30022858,79881,40242609,3,236895271093.26,205859451857.148,-898458892091.864
50006840,30022858,50006839,30022857,79787,40242613,4,-4485700340652.28,-1541737717899.57,1793968788004.36
50006841,30022819,50006842,30022822,79787,40242216,5,274874602298.635,-495053053121.843,-2615410564670.76
50006842,30022822,50006841,30022819,79881,40242260,2,-2270078038234.38,706722839418.179,-1511915639789.19
50006843,30022846,50006844,30022857,79881,40242469,4,-3253225823676.18,91779190362.5774,-3469735410740.52
50006844,30022857,50006843,30022846,79881,40242609,5,673772148342.305,-49831945926.2077,670278847531.097
50006845,30022813,50006846,30022854,79787,40242171,3,2689092572024.45,565013727535.91,2039700722666.28
50006846,30022854,50006845,30022813,79787,40242581,5,-1036776219558.81,183907688554.798,1611647165317.92
50006847,30022814,50006848,30022853,79881,40242179,5,120381812122.147,17164308413.9005,752220051278.936
50006848,30022853,50006847,30022814,79881,40242572,2,-311454841486.76,5140144846.92788,336184185750.798
50006849,30022825,50006850,30022828,79881,40242303,3,345020909333.698,268503404279.79,-2115396997728.12
50006850,30022828,50006849,30022825,79881,40242328,2,-1322910013196.32,-51220660495.2186,-605804911146.957
50006851,30022820,50006852,30022823,79881,40242243,4,2787509538307.18,-1561736628835.37,-7272606411162.26
50006852,30022823,50006851,30022820,79787,40242270,2,-1675247323920.07,495417087629.419,-154477463565.6
50006853,30022839,50006854,30022859,79787,40242415,2,-817385142517.201,62836334550.2647,176977941342.121
50006854,30022859,50006853,30022839,79787,40242616,3,-890151811672.03,-481505365111.374,-2547254583433.7
50006855,30022853,50006856,30022858,79881,40242572,5,132687868952.924,33539520254.8551,430021709806.723
50006856,30022858,50006855,30022853,79881,40242613,2,-574358317930.578,-927650215717.508,5000255388465.85
50006857,30022850,50006858,30022852,79881,40242520,2,-206369717782.489,-2070423955.43153,-204131879857.546
50006858,30022852,50006857,30022850,79881,40242559,5,-161104293199.726,1831122793.4055,-671565858378.258
50006859,30022858,50006860,30022859,79787,40242613,3,569113439291.216,919179174819.648,-4954594462420.92
50006860,30022859,50006859,30022858,79787,40242616,2,895459744729.929,484376558779.147,2562443741769.4
50006861,30022818,50006862,30022822,79881,40242214,3,244234878945.225,25581893806.175,-164905779971.231
50006862,30022822,50006861,30022818,79787,40242260,4,228939938943.066,411535931797.644,-2763234446333.79
50006863,30022819,50006864,30022821,79787,40242216,4,2141302365308.15,-52923240623.7809,1604066490240.7
50006864,30022821,50006863,30022819,79881,40242255,5,1714088335938.44,-36524806218.3404,-3375526122164.4
50006865,30022850,50006866,30022854,79787,40242520,4,64662140764.4369,-2234212506.27754,-246658412071.33
50006866,30022854,50006865,30022850,79787,40242581,4,-880045857365.454,-350627435403.094,-1675921610131.59
50006867,30022814,50006868,30022852,79881,40242179,3,589874773812.155,-56366790844.1175,-479053165973.484
50006868,30022852,50006867,30022814,79787,40242559,2,526509739500.48,-129974351837.501,-509147676020.622
50006869,30022825,50006870,30022827,79787,40242303,5,1668090314724.42,-322284159030.454,1334033577817.69
50006870,30022827,50006869,30022825,79787,40242324,4,109810639369.692,-17420177357.9761,-227544563812.621
50006871,30022846,50006872,30022859,79881,40242469,5,-1378896583343.75,-51487671317.2467,4552686979390.21
50006872,30022859,50006871,30022846,79787,40242616,5,2681761034665.04,-103096300783.694,557003126557.682
50006873,30022836,50006874,30022839,79881,40242394,4,835853659637.573,69579558073.0499,4209181695331.07
50006874,30022839,50006873,30022836,79787,40242415,4,-557309546514.599,-25055669952.5633,-608693005425.026
50006875,30022822,50006876,30022833,79787,40242260,3,2258415388588.54,-703092012312.668,1504148090786.94
50006876,30022833,50006875,30022822,79787,40242362,5,-175755537360.966,-28907469011.4253,-98961720488.5072
